ix,iy,clng,clat,town,anchor_count,anchor_names,mentions_sum,oai_sum,poi_count,avg_rating,review_total,culture,tourism,mismatch,category
28,29,112.96625,22.93075,西樵镇,3,云泉仙馆|小云亭|枕流亭,413.0,7.0,9,4.1,27,75.42,55.55,-19.88,沉睡潜力
25,32,112.95275,22.94425,西樵镇,1,绮亭陈公祠,12.0,3.0,3,3.0,2,38.5,29.58,-8.92,一般地带
27,30,112.96175,22.93525,西樵镇,2,象林塔|光分亭,0.0,5.0,55,4.35,3,22.86,56.54,33.68,空心景点
32,27,112.98425,22.92175,西樵镇,1,西樵山采石场遗址,811.0,4.0,0,0.0,0,74.89,0.0,-74.89,沉睡潜力
17,35,112.91675,22.95775,西樵镇,1,鱿鱼岗遗址,0.0,3.0,1,0.0,0,17.69,5.16,-12.52,双低空白
34,27,112.99325,22.92175,西樵镇,1,南蛇岗遗址,0.0,3.0,0,0.0,0,17.69,0.0,-17.69,双低空白
33,25,112.98875,22.91275,西樵镇,1,富贤遗址,0.0,3.0,0,0.0,0,17.69,0.0,-17.69,双低空白
27,25,112.96175,22.91275,西樵镇,1,佛子庙镇头遗址,2.0,3.0,1,4.0,1,26.6,25.74,-0.86,一般地带
35,30,112.99775,22.93525,丹灶镇,1,火石迳遗址,0.0,3.0,3,0.0,0,17.69,10.33,-7.36,双低空白
29,27,112.97075,22.92175,西樵镇,2,锦岩遗址|李子长墓,35.0,5.0,22,4.3,6,51.93,53.4,1.47,核心耦合
30,26,112.97525,22.91725,西樵镇,3,四峰书院遗址|霍韬夫人墓|西樵山紫姑井,836.0,8.0,1,3.1,1,82.64,22.14,-60.5,沉睡潜力
31,29,112.97975,22.93075,西樵镇,3,宝峰胜处摩崖石刻|西樵山蟹眼泉|翠岩摩崖石刻,813.0,7.0,2,3.85,2,80.91,30.84,-50.07,沉睡潜力
28,30,112.96625,22.93525,西樵镇,6,奎光楼|白云古寺|字祖庙|湖山胜迹门楼|第弌洞天牌坊|白云洞摩崖石刻,462.0,12.0,8,4.02,7,82.52,46.17,-36.35,沉睡潜力
30,31,112.97525,22.93975,西樵镇,3,龙母庙|冯夏威墓|官山圩,100.0,6.0,6,0.0,0,62.27,14.5,-47.77,沉睡潜力
31,28,112.97975,22.92625,西樵镇,5,傅氏宗祠|傅氏山庄南门|敦义崇礼碉楼|傅老榕旧居|西樵山无叶井,828.0,10.0,2,3.7,1,85.12,27.56,-57.56,沉睡潜力
15,43,112.90775,22.99375,西樵镇,2,松塘世大夫家庙|松塘东山祖祠,11.0,4.0,0,0.0,0,40.69,0.0,-40.69,一般地带
16,41,112.91225,22.98475,西樵镇,12,松塘汇川家塾|松塘见五大夫祠|松塘六世祖祠|松塘区氏宗祠|松塘司马第|松塘甘井,184.0,22.0,7,3.77,4,82.36,41.19,-41.17,沉睡潜力
15,41,112.90775,22.98475,丹灶镇,2,松塘塘西六世祖祠|烧番塔(松塘),11.0,4.0,0,0.0,0,40.69,0.0,-40.69,一般地带
31,30,112.97975,22.93525,西樵镇,2,西樵山百步云梯|西樵山抗日阵亡将士暨死难同胞纪念碑,1626.0,4.0,0,0.0,0,80.53,0.0,-80.53,沉睡潜力
24,27,112.94825,22.92175,西樵镇,2,禄舟万寿堂|禄舟村古街巷,10.0,4.0,2,3.5,2,39.99,29.44,-10.55,一般地带
18,36,112.92125,22.96225,丹灶镇,2,百西潘氏大宗祠|西樵镇百西村,177.0,5.0,1,3.8,1,64.9,24.94,-39.97,沉睡潜力
28,32,112.96625,22.94425,西樵镇,1,吉水窦,8.0,2.0,11,4.37,13,31.84,53.41,21.57,空心景点
18,35,112.92125,22.95775,西樵镇,1,铁屎墩冶炼遗址,0.0,2.0,2,0.0,0,14.02,8.18,-5.83,双低空白
30,27,112.97525,22.92175,西樵镇,1,大科峰摩崖石刻,19.0,2.0,6,0.0,0,38.32,14.5,-23.83,一般地带
27,27,112.96175,22.92175,西樵镇,1,玉廪峰摩崖石刻,0.0,2.0,0,0.0,0,14.02,0.0,-14.02,双低空白
31,26,112.97975,22.91725,西樵镇,1,九龙岩摩崖石刻,2.0,2.0,1,0.0,0,22.93,5.16,-17.77,双低空白
14,49,112.90325,23.02075,丹灶镇,1,康有为故居,1500.0,4.0,4,4.2,3,79.88,37.94,-41.94,沉睡潜力
17,50,112.91675,23.02525,丹灶镇,2,方献夫墓|竹径圩,38.0,5.0,2,3.6,1,52.58,27.16,-25.43,沉睡潜力
10,53,112.88525,23.03875,丹灶镇,2,仙迹丹泉|阴骘井,1.0,5.0,3,3.53,3,28.48,33.6,5.11,一般地带
15,74,112.90775,23.13325,丹灶镇,1,南沙陈氏宗祠,28.0,2.0,0,0.0,0,41.34,0.0,-41.34,一般地带
20,57,112.93025,23.05675,狮山镇,1,沙水翰林步头,0.0,2.0,16,0.0,0,14.02,21.11,7.09,双低空白
10,55,112.88525,23.04775,丹灶镇,1,贞烈牌坊,8.0,2.0,1,3.9,1,31.84,25.34,-6.51,一般地带
23,64,112.94375,23.08825,狮山镇,1,东联吴氏大宗祠,11.0,2.0,1,3.7,2,34.18,27.21,-6.96,一般地带
20,64,112.93025,23.08825,狮山镇,1,恒德徐公祠,0.0,2.0,1,3.9,1,14.02,25.34,11.32,一般地带
17,49,112.91675,23.02075,丹灶镇,1,通心岗遗址,0.0,2.0,1,3.5,1,14.02,23.74,9.72,双低空白
18,50,112.92125,23.02525,丹灶镇,1,方道隆墓,3.0,2.0,0,0.0,0,25.26,0.0,-25.26,一般地带
42,25,113.02925,22.91275,九江镇,1,崔氏大宗祠,10.0,3.0,5,0.0,0,37.14,13.35,-23.79,一般地带
39,7,113.01575,22.83175,九江镇,2,九江吴家大院|三元桥,163.0,5.0,8,3.6,13,64.24,48.19,-16.05,沉睡潜力
36,8,113.00225,22.83625,九江镇,1,良二千石牌坊,13.0,3.0,27,5.0,0,39.1,44.82,5.73,一般地带
36,10,113.00225,22.84525,九江镇,1,慈悲宫牌坊,8.0,3.0,3,0.0,0,35.51,10.33,-25.19,一般地带
27,16,112.96175,22.87225,九江镇,2,烟桥何氏大宗祠|烟桥村古桥,53.0,5.0,2,4.4,10,55.22,41.61,-13.61,一般地带
42,7,113.02925,22.83175,丹灶镇,2,上东岑局楼|岑局楼,0.0,4.0,0,0.0,0,20.53,0.0,-20.53,双低空白
36,11,113.00225,22.84975,丹灶镇,1,探花桥,6.0,2.0,0,0.0,0,29.8,0.0,-29.8,一般地带
41,9,113.02475,22.84075,九江镇,1,魁星塔,0.0,2.0,3,0.0,0,14.02,10.33,-3.69,双低空白
44,3,113.03825,22.81375,九江镇,2,破排角遗址|沙口圩,6.0,4.0,1,4.1,1,36.32,26.14,-10.18,一般地带
42,24,113.02925,22.90825,丹灶镇,1,冯氏家族墓,5.0,2.0,0,0.0,0,28.55,0.0,-28.55,一般地带
37,8,113.00675,22.83625,丹灶镇,1,朱子襄墓,11.0,2.0,4,0.0,0,34.18,11.99,-22.19,一般地带
39,6,113.01575,22.82725,丹灶镇,1,李卓峰墓,12.0,2.0,1,0.0,0,34.83,5.16,-29.66,一般地带
43,4,113.03375,22.81825,九江镇,1,九江双蒸酒酿制技艺,199.0,3.0,2,4.2,1,60.68,29.56,-31.12,沉睡潜力
36,13,113.00225,22.85875,九江镇,4,九江煎堆制作技艺|赛龙舟（九江传统龙舟）|九江传统鱼花技艺|周家拳,567.0,9.0,4,4.1,1,80.84,32.96,-47.87,沉睡潜力
33,32,112.98875,22.94425,西樵镇,1,西樵传统缫丝技艺,106.0,2.0,2,3.8,1,51.93,27.96,-23.97,沉睡潜力
34,36,112.99325,22.96225,西樵镇,1,西樵大饼制作技艺,125.0,2.0,0,0.0,0,53.26,0.0,-53.26,沉睡潜力
22,39,112.93925,22.97575,西樵镇,1,香云纱（坯纱）织造技艺,22.0,2.0,3,3.5,2,39.46,31.58,-7.88,一般地带
76,57,113.18225,23.05675,桂城街道,1,广式家具制作技艺,0.0,2.0,5,3.6,2,14.02,35.0,20.98,一般地带
83,51,113.21375,23.02975,桂城街道,1,"平洲传统玉器
制作技艺",41.0,2.0,5,0.0,0,44.34,13.35,-30.99,一般地带
71,48,113.15975,23.01625,桂城街道,1,唢呐制作技艺,0.0,2.0,85,4.3,1,14.02,54.96,40.94,空心景点
55,78,113.08775,23.15125,狮山镇,1,佛鹤狮头制作,12.0,1.0,4,4.13,4,29.65,39.13,9.48,一般地带
74,90,113.17325,23.20525,里水镇,1,里水毛巾织造技艺,46.0,1.0,0,0.0,0,40.08,0.0,-40.08,一般地带
27,36,112.96175,22.96225,西樵镇,1,南海醒狮（采青技艺）,210.0,1.0,1,0.0,0,52.27,5.16,-47.1,沉睡潜力
32,38,112.98425,22.97125,西樵镇,1,南海广式旺阁酱油酿造技艺,159.0,1.0,0,0.0,0,50.02,0.0,-50.02,沉睡潜力
25,31,112.95275,22.93975,西樵镇,3,庙会（大仙诞庙会）|西樵山传说|西樵白眉武术,922.0,5.0,10,0.0,0,78.26,17.86,-60.39,沉睡潜力
16,55,112.91225,23.04775,丹灶镇,6,龙舟说唱（南海）|赤坎盲公话|西联村神诞|传统龙舟（丹灶扒龙舟）|丹灶葛洪炼丹传说|烧番塔(仙岗),399.0,9.0,6,0.0,0,77.99,14.5,-63.49,沉睡潜力
29,24,112.97075,22.90825,西樵镇,1,南海农谚,159.0,1.0,32,4.0,12,50.02,58.98,8.95,核心耦合
24,33,112.94825,22.94875,西樵镇,1,简村北帝庙会,204.0,1.0,5,0.0,0,52.03,13.35,-38.69,沉睡潜力
25,35,112.95275,22.95775,西樵镇,2,大头佛（民乐大头佛）|民乐市,92.0,3.0,2,3.8,1,54.46,27.96,-26.5,沉睡潜力
39,8,113.01575,22.83625,九江镇,1,大头佛,19.0,2.0,4,0.0,0,38.32,11.99,-26.33,一般地带
31,8,112.97975,22.83625,九江镇,1,九江灯谜,161.0,2.0,0,0.0,0,55.3,0.0,-55.3,沉睡潜力
37,9,113.00675,22.84075,九江镇,1,华岳心意六合八法拳,0.0,2.0,2,0.0,0,14.02,8.18,-5.83,双低空白
11,53,112.88975,23.03875,丹灶镇,1,仙岗村古井(蟹泉仙井),13.0,2.0,0,0.0,0,35.43,0.0,-35.43,一般地带
11,51,112.88975,23.02975,丹灶镇,1,西城圩市建筑群,12.0,2.0,0,0.0,0,34.83,0.0,-34.83,一般地带
16,47,112.91225,23.01175,丹灶镇,1,苏州银河,4.0,2.0,0,0.0,0,27.07,0.0,-27.07,一般地带
18,42,112.92125,22.98925,西樵镇,1,塱心码头,0.0,2.0,1,0.0,0,14.02,5.16,-8.85,双低空白
17,43,112.91675,22.99375,西樵镇,2,松塘月池及古祠堂群|西樵镇松塘村,231.0,6.0,0,0.0,0,69.02,0.0,-69.02,沉睡潜力
24,36,112.94825,22.96225,西樵镇,1,民乐圩市建筑群/民乐窦,45.0,2.0,13,4.0,1,45.08,40.24,-4.85,一般地带
29,29,112.97075,22.93075,西樵镇,1,西樵山天湖,835.0,2.0,14,0.0,0,68.61,20.18,-48.44,沉睡潜力
31,22,112.97975,22.89925,西樵镇,1,渔耕粤韵桑基鱼塘,16.0,2.0,0,0.0,0,37.0,0.0,-37.0,一般地带
31,20,112.97975,22.89025,丹灶镇,1,朝山红楼,4.0,2.0,5,0.0,0,27.07,13.35,-13.73,一般地带
31,13,112.97975,22.85875,九江镇,1,风水百足桥,0.0,2.0,0,0.0,0,14.02,0.0,-14.02,双低空白
22,11,112.93925,22.84975,九江镇,1,河清码头,4.0,2.0,0,0.0,0,27.07,0.0,-27.07,一般地带
38,7,113.01125,22.83175,丹灶镇,2,红棉公园民国建筑群|九江圩,247.0,4.0,15,3.6,1,65.27,39.63,-25.64,沉睡潜力
47,4,113.05175,22.81825,九江镇,1,中西郑家大院,0.0,2.0,0,0.0,0,14.02,0.0,-14.02,双低空白
10,29,112.88525,22.93075,西樵镇,1,平沙岛,7.0,2.0,1,0.0,0,30.89,5.16,-25.72,一般地带
33,31,112.98875,22.93975,西樵镇,1,西樵镇,145.0,4.0,7,3.75,2,60.97,37.74,-23.23,沉睡潜力
27,34,112.96175,22.95325,西樵镇,1,西樵镇简村村,225.0,3.0,2,0.0,0,61.67,8.18,-53.48,沉睡潜力
19,37,112.92575,22.96675,丹灶镇,1,西樵镇百西村头村,159.0,3.0,2,0.0,0,58.87,8.18,-50.68,沉睡潜力
28,17,112.96625,22.87675,西樵镇,2,九江镇烟桥烟南村|九江镇烟桥村,584.0,7.0,1,0.0,0,78.23,5.16,-73.06,沉睡潜力
11,55,112.88975,23.04775,丹灶镇,1,丹灶镇仙岗村,67.0,3.0,1,0.0,0,51.92,5.16,-46.76,沉睡潜力
9,56,112.88075,23.05225,丹灶镇,1,丹灶镇仙岗社区,65.0,4.0,0,0.0,0,54.53,0.0,-54.53,沉睡潜力
22,38,112.93925,22.97125,丹灶镇,1,丹灶镇和平村,63.0,3.0,0,0.0,0,51.43,0.0,-51.43,沉睡潜力
16,67,112.91225,23.10175,狮山镇,1,横江圩,4.0,2.0,2,0.0,0,27.07,8.18,-18.89,一般地带
11,54,112.88975,23.04325,丹灶镇,1,仙岗市,2.0,2.0,0,0.0,0,22.93,0.0,-22.93,双低空白
12,50,112.89425,23.02525,丹灶镇,1,西城市,10.0,2.0,1,0.0,0,33.47,5.16,-28.31,一般地带
16,46,112.91225,23.00725,丹灶镇,1,银河桥市,2.0,2.0,0,0.0,0,22.93,0.0,-22.93,双低空白
25,51,112.95275,23.02975,丹灶镇,1,罗行圩,10.0,2.0,2,3.5,1,33.47,26.76,-6.71,一般地带
28,41,112.96625,22.98475,西樵镇,1,大岸圩,6.0,2.0,2,0.0,0,29.8,8.18,-21.62,一般地带
17,41,112.91675,22.98475,丹灶镇,1,沙基圩,1.0,2.0,1,0.0,0,19.64,5.16,-14.48,双低空白
18,39,112.92125,22.97575,丹灶镇,1,大岗圩,21.0,2.0,0,0.0,0,39.1,0.0,-39.1,一般地带
14,29,112.90325,22.93075,西樵镇,1,太平圩,23.0,2.0,0,0.0,0,39.8,0.0,-39.8,一般地带
33,19,112.98875,22.88575,丹灶镇,1,大桐圩,3.0,2.0,2,0.0,0,25.26,8.18,-17.08,一般地带
23,11,112.94375,22.84975,西樵镇,1,河清圩,4.0,2.0,0,0.0,0,27.07,0.0,-27.07,一般地带
37,10,113.00675,22.84525,九江镇,1,大伸市,0.0,2.0,66,4.55,1,14.02,54.1,40.08,空心景点
45,6,113.04275,22.82725,九江镇,1,大谷市,3.0,2.0,2,3.0,2,25.26,27.44,2.17,一般地带
82,47,113.20925,23.01175,桂城街道,0,,0.0,0.0,1,4.3,1,0.0,26.94,26.94,一般地带
10,13,112.88525,22.85875,西樵镇,0,,0.0,0.0,1,4.1,2,0.0,28.81,28.81,一般地带
63,70,113.12375,23.11525,里水镇,0,,0.0,0.0,10,4.1,3,0.0,43.41,43.41,一般地带
81,86,113.20475,23.18725,里水镇,0,,0.0,0.0,1,4.3,1,0.0,26.94,26.94,一般地带
79,52,113.19575,23.03425,桂城街道,0,,0.0,0.0,12,4.23,3,0.0,45.18,45.18,一般地带
69,45,113.15075,23.00275,桂城街道,0,,0.0,0.0,9,3.9,1,0.0,37.33,37.33,一般地带
56,106,113.09225,23.27725,里水镇,0,,0.0,0.0,1,4.0,1,0.0,25.74,25.74,一般地带
69,84,113.15075,23.17825,里水镇,0,,0.0,0.0,2,4.05,2,0.0,31.64,31.64,一般地带
63,69,113.12375,23.11075,大沥镇,0,,0.0,0.0,5,4.03,7,0.0,43.19,43.19,一般地带
65,85,113.13275,23.18275,里水镇,0,,0.0,0.0,1,3.9,3,0.0,29.91,29.91,一般地带
67,72,113.14175,23.12425,里水镇,0,,0.0,0.0,4,4.2,1,0.0,33.36,33.36,一般地带
72,89,113.16425,23.20075,里水镇,0,,0.0,0.0,96,4.05,2,0.0,57.53,57.53,空心景点
48,56,113.05625,23.05225,狮山镇,0,,0.0,0.0,1,3.9,1,0.0,25.34,25.34,一般地带
75,62,113.17775,23.07925,里水镇,0,,0.0,0.0,1,4.1,2,0.0,28.81,28.81,一般地带
63,56,113.12375,23.05225,桂城街道,0,,0.0,0.0,18,4.2,1,0.0,43.31,43.31,一般地带
46,60,113.04725,23.07025,狮山镇,0,,0.0,0.0,101,4.0,1,0.0,55.03,55.03,空心景点
33,37,112.98875,22.96675,西樵镇,0,,0.0,0.0,1,4.1,1,0.0,26.14,26.14,一般地带
57,104,113.09675,23.26825,里水镇,0,,0.0,0.0,1,3.9,1,0.0,25.34,25.34,一般地带
59,91,113.10575,23.20975,大沥镇,0,,0.0,0.0,1,4.0,2,0.0,28.41,28.41,一般地带
28,61,112.96625,23.07475,狮山镇,0,,0.0,0.0,1,4.1,1,0.0,26.14,26.14,一般地带
60,84,113.11025,23.17825,大沥镇,0,,0.0,0.0,3,3.97,3,0.0,35.36,35.36,一般地带
52,95,113.07425,23.22775,大沥镇,0,,0.0,0.0,10,3.5,3,0.0,41.01,41.01,一般地带
64,88,113.12825,23.19625,里水镇,0,,0.0,0.0,3,3.9,2,0.0,33.18,33.18,一般地带
80,64,113.20025,23.08825,大沥镇,0,,0.0,0.0,1,4.3,1,0.0,26.94,26.94,一般地带
40,60,113.02025,23.07025,狮山镇,0,,0.0,0.0,2,4.2,1,0.0,29.56,29.56,一般地带
41,69,113.02475,23.11075,狮山镇,0,,0.0,0.0,1,4.1,1,0.0,26.14,26.14,一般地带
66,66,113.13725,23.09725,里水镇,0,,0.0,0.0,11,4.2,1,0.0,39.89,39.89,一般地带
24,56,112.94825,23.05225,丹灶镇,0,,0.0,0.0,3,4.3,1,0.0,32.1,32.1,一般地带
80,74,113.20025,23.13325,里水镇,0,,0.0,0.0,10,4.2,1,0.0,39.24,39.24,一般地带
45,7,113.04275,22.83175,九江镇,0,,0.0,0.0,1,4.2,1,0.0,26.54,26.54,一般地带
40,59,113.02025,23.06575,狮山镇,0,,0.0,0.0,11,4.1,1,0.0,39.49,39.49,一般地带
57,71,113.09675,23.11975,大沥镇,0,,0.0,0.0,48,4.3,1,0.0,50.77,50.77,空心景点
50,58,113.06525,23.06125,大沥镇,0,,0.0,0.0,1,4.1,2,0.0,28.81,28.81,一般地带
65,69,113.13275,23.11075,里水镇,0,,0.0,0.0,8,4.0,1,0.0,36.94,36.94,一般地带
26,55,112.95725,23.04775,丹灶镇,0,,0.0,0.0,2,3.9,1,0.0,28.36,28.36,一般地带
34,60,112.99325,23.07025,狮山镇,0,,0.0,0.0,1,3.9,3,0.0,29.91,29.91,一般地带
63,73,113.12375,23.12875,里水镇,0,,0.0,0.0,2,4.1,1,0.0,29.16,29.16,一般地带
68,73,113.14625,23.12875,里水镇,0,,0.0,0.0,2,4.2,1,0.0,29.56,29.56,一般地带
73,102,113.16875,23.25925,里水镇,0,,0.0,0.0,1,4.2,1,0.0,26.54,26.54,一般地带
75,69,113.17775,23.11075,大沥镇,0,,0.0,0.0,12,4.0,1,0.0,39.68,39.68,一般地带
37,5,113.00675,22.82275,九江镇,0,,0.0,0.0,1,4.1,1,0.0,26.14,26.14,一般地带
67,87,113.14175,23.19175,里水镇,0,,0.0,0.0,4,4.1,2,0.0,35.64,35.64,一般地带
60,63,113.11025,23.08375,大沥镇,0,,0.0,0.0,4,4.2,1,0.0,33.36,33.36,一般地带
58,74,113.10125,23.13325,狮山镇,0,,0.0,0.0,2,4.15,2,0.0,32.04,32.04,一般地带
50,66,113.06525,23.09725,大沥镇,0,,0.0,0.0,2,4.1,1,0.0,29.16,29.16,一般地带
59,90,113.10575,23.20525,大沥镇,0,,0.0,0.0,1,3.9,8,0.0,35.26,35.26,一般地带
55,85,113.08775,23.18275,大沥镇,0,,0.0,0.0,2,4.0,1,0.0,28.76,28.76,一般地带
48,85,113.05625,23.18275,狮山镇,0,,0.0,0.0,1,3.9,2,0.0,28.01,28.01,一般地带
67,83,113.14175,23.17375,里水镇,0,,0.0,0.0,14,4.1,1,0.0,41.15,41.15,一般地带
68,53,113.14625,23.03875,桂城街道,0,,0.0,0.0,148,3.97,3,0.0,62.31,62.31,空心景点
88,52,113.23625,23.03425,桂城街道,0,,0.0,0.0,66,4.1,2,0.0,54.98,54.98,空心景点
34,66,112.99325,23.09725,狮山镇,0,,0.0,0.0,2,4.05,13,0.0,41.8,41.8,一般地带
36,71,113.00225,23.11975,狮山镇,0,,0.0,0.0,4,4.0,3,0.0,37.14,37.14,一般地带
70,99,113.15525,23.24575,里水镇,0,,0.0,0.0,3,4.1,1,0.0,31.3,31.3,一般地带
70,97,113.15525,23.23675,里水镇,0,,0.0,0.0,1,3.7,1,0.0,24.54,24.54,双低空白
31,80,112.97975,23.16025,狮山镇,0,,0.0,0.0,1,4.0,1,0.0,25.74,25.74,一般地带
42,87,113.02925,23.19175,狮山镇,0,,0.0,0.0,2,3.9,1,0.0,28.36,28.36,一般地带
54,75,113.08325,23.13775,大沥镇,0,,0.0,0.0,1,4.0,1,0.0,25.74,25.74,一般地带
33,76,112.98875,23.14225,狮山镇,0,,0.0,0.0,1,4.0,1,0.0,25.74,25.74,一般地带
76,87,113.18225,23.19175,里水镇,0,,0.0,0.0,3,3.9,1,0.0,30.5,30.5,一般地带
20,39,112.93025,22.97575,丹灶镇,0,,0.0,0.0,2,4.0,1,0.0,28.76,28.76,一般地带
24,38,112.94825,22.97125,西樵镇,0,,0.0,0.0,2,4.1,1,0.0,29.16,29.16,一般地带
71,46,113.15975,23.00725,桂城街道,0,,0.0,0.0,3,3.85,2,0.0,32.98,32.98,一般地带
73,55,113.16875,23.04775,桂城街道,0,,0.0,0.0,9,4.25,4,0.0,44.78,44.78,一般地带
34,91,112.99325,23.20975,狮山镇,0,,0.0,0.0,5,4.1,1,0.0,34.32,34.32,一般地带
79,49,113.19575,23.02075,桂城街道,0,,0.0,0.0,3,3.8,1,0.0,30.1,30.1,一般地带
58,92,113.10125,23.21425,大沥镇,0,,0.0,0.0,1,4.0,1,0.0,25.74,25.74,一般地带
65,67,113.13275,23.10175,里水镇,0,,0.0,0.0,4,3.9,2,0.0,34.84,34.84,一般地带
70,65,113.15525,23.09275,里水镇,0,,0.0,0.0,2,3.9,1,0.0,28.36,28.36,一般地带
66,63,113.13725,23.08375,里水镇,0,,0.0,0.0,7,4.2,1,0.0,36.87,36.87,一般地带
26,54,112.95725,23.04325,丹灶镇,0,,0.0,0.0,1,4.0,1,0.0,25.74,25.74,一般地带
75,78,113.17775,23.15125,里水镇,0,,0.0,0.0,3,4.0,1,0.0,30.9,30.9,一般地带
34,87,112.99325,23.19175,狮山镇,0,,0.0,0.0,4,3.8,6,0.0,40.03,40.03,一般地带
55,79,113.08775,23.15575,大沥镇,0,,0.0,0.0,3,3.7,2,0.0,32.38,32.38,一般地带
74,63,113.17325,23.08375,里水镇,0,,0.0,0.0,12,3.9,3,0.0,43.86,43.86,一般地带
25,23,112.95275,22.90375,西樵镇,0,,0.0,0.0,3,4.0,1,0.0,30.9,30.9,一般地带
37,76,113.00675,23.14225,狮山镇,0,,0.0,0.0,3,3.9,1,0.0,30.5,30.5,一般地带
61,88,113.11475,23.19625,大沥镇,0,,0.0,0.0,1,4.0,1,0.0,25.74,25.74,一般地带
75,55,113.17775,23.04775,桂城街道,0,,0.0,0.0,2,3.75,2,0.0,30.44,30.44,一般地带
61,66,113.11475,23.09725,大沥镇,0,,0.0,0.0,1,3.9,1,0.0,25.34,25.34,一般地带
60,83,113.11025,23.17375,大沥镇,0,,0.0,0.0,5,4.0,14,0.0,47.22,47.22,一般地带
30,24,112.97525,22.90825,西樵镇,0,,0.0,0.0,7,3.7,105,0.0,61.07,61.07,空心景点
56,97,113.09225,23.23675,大沥镇,0,,0.0,0.0,2,3.85,2,0.0,30.84,30.84,一般地带
53,84,113.07875,23.17825,大沥镇,0,,0.0,0.0,2,3.95,12,0.0,40.91,40.91,一般地带
11,56,112.88975,23.05225,狮山镇,0,,0.0,0.0,3,4.3,1,0.0,32.1,32.1,一般地带
79,76,113.19575,23.14225,大沥镇,0,,0.0,0.0,94,4.45,2,0.0,58.98,58.98,空心景点
74,95,113.17325,23.22775,里水镇,0,,0.0,0.0,2,4.4,14,0.0,43.66,43.66,一般地带
47,58,113.05175,23.06125,狮山镇,0,,0.0,0.0,17,4.5,5,0.0,51.36,51.36,空心景点
76,64,113.18225,23.08825,大沥镇,0,,0.0,0.0,5,4.5,1,0.0,35.92,35.92,一般地带
32,64,112.98425,23.08825,狮山镇,0,,0.0,0.0,5,4.4,1,0.0,35.52,35.52,一般地带
68,54,113.14625,23.04325,桂城街道,0,,0.0,0.0,27,4.6,1,0.0,47.8,47.8,一般地带
68,69,113.14625,23.11075,里水镇,0,,0.0,0.0,23,4.58,8,0.0,56.5,56.5,空心景点
89,48,113.24075,23.01625,桂城街道,0,,0.0,0.0,2,4.6,10,0.0,42.41,42.41,一般地带
82,53,113.20925,23.03875,桂城街道,0,,0.0,0.0,6,4.7,7,0.0,47.02,47.02,一般地带
67,60,113.14175,23.07025,桂城街道,0,,0.0,0.0,12,4.75,1,0.0,42.68,42.68,一般地带
49,60,113.06075,23.07025,狮山镇,0,,0.0,0.0,1,4.6,7,0.0,37.29,37.29,一般地带
86,51,113.22725,23.02975,桂城街道,0,,0.0,0.0,3,4.6,11,0.0,45.13,45.13,一般地带
71,84,113.15975,23.17825,里水镇,0,,0.0,0.0,8,4.4,1,0.0,38.54,38.54,一般地带
72,61,113.16425,23.07475,桂城街道,0,,0.0,0.0,12,4.05,2,0.0,42.56,42.56,一般地带
68,60,113.14625,23.07025,桂城街道,0,,0.0,0.0,12,4.25,11,0.0,52.51,52.51,空心景点
53,94,113.07875,23.22325,狮山镇,0,,0.0,0.0,6,4.4,1,0.0,36.67,36.67,一般地带
59,75,113.10575,23.13775,大沥镇,0,,0.0,0.0,3,4.3,1,0.0,32.1,32.1,一般地带
58,63,113.10125,23.08375,大沥镇,0,,0.0,0.0,2,4.15,2,0.0,32.04,32.04,一般地带
53,72,113.07875,23.12425,大沥镇,0,,0.0,0.0,3,3.9,2,0.0,33.18,33.18,一般地带
66,65,113.13725,23.09275,里水镇,0,,0.0,0.0,5,4.5,1,0.0,35.92,35.92,一般地带
80,84,113.20025,23.17825,里水镇,0,,0.0,0.0,102,4.3,1,0.0,56.3,56.3,空心景点
79,53,113.19575,23.03875,桂城街道,0,,0.0,0.0,9,4.4,11,0.0,51.15,51.15,空心景点
70,64,113.15525,23.08825,里水镇,0,,0.0,0.0,3,4.3,1,0.0,32.1,32.1,一般地带
34,72,112.99325,23.12425,狮山镇,0,,0.0,0.0,31,4.3,1,0.0,47.59,47.59,一般地带
26,30,112.95725,22.93525,西樵镇,0,,0.0,0.0,23,4.2,15,0.0,58.77,58.77,空心景点
78,71,113.19125,23.11975,里水镇,0,,0.0,0.0,3,4.4,2,0.0,35.18,35.18,一般地带
68,55,113.14625,23.04775,桂城街道,0,,0.0,0.0,11,4.43,3,0.0,45.38,45.38,一般地带
72,88,113.16425,23.19625,里水镇,0,,0.0,0.0,54,3.6,2,0.0,51.51,51.51,空心景点
69,78,113.15075,23.15125,里水镇,0,,0.0,0.0,1,4.6,11,0.0,39.96,39.96,一般地带
72,44,113.16425,22.99825,桂城街道,0,,0.0,0.0,3,4.4,2,0.0,35.18,35.18,一般地带
74,47,113.17325,23.01175,桂城街道,0,,0.0,0.0,1,4.5,1,0.0,27.74,27.74,一般地带
43,62,113.03375,23.07925,狮山镇,0,,0.0,0.0,1,0.0,0,0.0,5.16,5.16,双低空白
69,60,113.15075,23.07025,桂城街道,0,,0.0,0.0,43,4.3,1,0.0,49.97,49.97,一般地带
32,71,112.98425,23.11975,狮山镇,0,,0.0,0.0,1,4.3,1,0.0,26.94,26.94,一般地带
81,73,113.20475,23.12875,里水镇,0,,0.0,0.0,3,4.3,1,0.0,32.1,32.1,一般地带
75,48,113.17775,23.01625,桂城街道,0,,0.0,0.0,1,4.3,1,0.0,26.94,26.94,一般地带
41,25,113.02475,22.91275,丹灶镇,0,,0.0,0.0,2,4.3,1,0.0,29.96,29.96,一般地带
28,62,112.96625,23.07925,狮山镇,0,,0.0,0.0,1,4.2,21,0.0,42.36,42.36,一般地带
82,74,113.20925,23.13325,里水镇,0,,0.0,0.0,1,4.4,1,0.0,27.34,27.34,一般地带
68,96,113.14625,23.23225,里水镇,0,,0.0,0.0,2,4.3,1,0.0,29.96,29.96,一般地带
75,83,113.17775,23.17375,里水镇,0,,0.0,0.0,2,4.3,1,0.0,29.96,29.96,一般地带
76,56,113.18225,23.05225,桂城街道,0,,0.0,0.0,5,4.65,11,0.0,48.35,48.35,一般地带
70,50,113.15525,23.02525,桂城街道,0,,0.0,0.0,18,4.3,1,0.0,43.71,43.71,一般地带
75,63,113.17775,23.08375,里水镇,0,,0.0,0.0,5,4.3,1,0.0,35.12,35.12,一般地带
31,19,112.97975,22.88575,西樵镇,0,,0.0,0.0,3,4.1,2,0.0,33.98,33.98,一般地带
71,74,113.15975,23.13325,里水镇,0,,0.0,0.0,4,4.35,2,0.0,36.64,36.64,一般地带
90,49,113.24525,23.02075,桂城街道,0,,0.0,0.0,1,4.3,2,0.0,29.61,29.61,一般地带
74,49,113.17325,23.02075,桂城街道,0,,0.0,0.0,3,4.23,3,0.0,36.4,36.4,一般地带
62,71,113.11925,23.11975,大沥镇,0,,0.0,0.0,7,4.4,1,0.0,37.67,37.67,一般地带
71,70,113.15975,23.11525,里水镇,0,,0.0,0.0,8,4.3,3,0.0,42.72,42.72,一般地带
69,83,113.15075,23.17375,里水镇,0,,0.0,0.0,1,4.2,1,0.0,26.54,26.54,一般地带
76,70,113.18225,23.11525,大沥镇,0,,0.0,0.0,21,4.45,2,0.0,48.08,48.08,一般地带
68,59,113.14625,23.06575,桂城街道,0,,0.0,0.0,8,4.1,1,0.0,37.34,37.34,一般地带
86,52,113.22725,23.03425,桂城街道,0,,0.0,0.0,1,4.1,1,0.0,26.14,26.14,一般地带
67,56,113.14175,23.05225,桂城街道,0,,0.0,0.0,20,4.05,22,0.0,59.57,59.57,空心景点
72,69,113.16425,23.11075,大沥镇,0,,0.0,0.0,3,4.3,1,0.0,32.1,32.1,一般地带
36,9,113.00225,22.84075,丹灶镇,0,,0.0,0.0,6,3.1,1,0.0,31.47,31.47,一般地带
66,93,113.13725,23.21875,里水镇,0,,0.0,0.0,4,3.85,4,0.0,38.01,38.01,一般地带
80,75,113.20025,23.13775,大沥镇,0,,0.0,0.0,10,4.3,1,0.0,39.64,39.64,一般地带
80,47,113.20025,23.01175,桂城街道,0,,0.0,0.0,6,4.3,1,0.0,36.27,36.27,一般地带
72,87,113.16425,23.19175,里水镇,0,,0.0,0.0,5,4.25,2,0.0,37.6,37.6,一般地带
70,70,113.15525,23.11525,里水镇,0,,0.0,0.0,6,3.8,2,0.0,36.95,36.95,一般地带
36,6,113.00225,22.82725,九江镇,0,,0.0,0.0,3,4.2,2,0.0,34.38,34.38,一般地带
69,64,113.15075,23.08825,里水镇,0,,0.0,0.0,3,3.95,2,0.0,33.38,33.38,一般地带
28,60,112.96625,23.07025,狮山镇,0,,0.0,0.0,1,4.2,1,0.0,26.54,26.54,一般地带
73,78,113.16875,23.15125,里水镇,0,,0.0,0.0,2,4.3,1,0.0,29.96,29.96,一般地带
89,47,113.24075,23.01175,桂城街道,0,,0.0,0.0,3,4.1,1,0.0,31.3,31.3,一般地带
71,59,113.15975,23.06575,桂城街道,0,,0.0,0.0,10,4.3,2,0.0,42.31,42.31,一般地带
62,68,113.11925,23.10625,大沥镇,0,,0.0,0.0,13,4.27,3,0.0,45.89,45.89,一般地带
57,73,113.09675,23.12875,大沥镇,0,,0.0,0.0,1,4.3,1,0.0,26.94,26.94,一般地带
61,69,113.11475,23.11075,大沥镇,0,,0.0,0.0,95,3.8,2,0.0,56.45,56.45,空心景点
80,72,113.20025,23.12425,里水镇,0,,0.0,0.0,3,3.73,4,0.0,35.87,35.87,一般地带
73,44,113.16875,22.99825,桂城街道,0,,0.0,0.0,5,4.2,2,0.0,37.4,37.4,一般地带
72,71,113.16425,23.11975,里水镇,0,,0.0,0.0,6,4.3,1,0.0,36.27,36.27,一般地带
73,89,113.16875,23.20075,里水镇,0,,0.0,0.0,1,4.3,1,0.0,26.94,26.94,一般地带
46,57,113.04725,23.05675,狮山镇,0,,0.0,0.0,15,3.93,3,0.0,45.52,45.52,一般地带
72,77,113.16425,23.14675,里水镇,0,,0.0,0.0,1,4.2,1,0.0,26.54,26.54,一般地带
66,67,113.13725,23.10175,里水镇,0,,0.0,0.0,3,3.8,1,0.0,30.1,30.1,一般地带
67,78,113.14175,23.15125,里水镇,0,,0.0,0.0,1,4.2,1,0.0,26.54,26.54,一般地带
44,55,113.03825,23.04775,狮山镇,0,,0.0,0.0,36,4.3,1,0.0,48.68,48.68,一般地带
61,67,113.11475,23.10175,大沥镇,0,,0.0,0.0,6,4.1,2,0.0,38.15,38.15,一般地带
20,65,112.93025,23.09275,丹灶镇,0,,0.0,0.0,2,4.2,1,0.0,29.56,29.56,一般地带
47,60,113.05175,23.07025,狮山镇,0,,0.0,0.0,13,3.75,2,0.0,41.91,41.91,一般地带
72,48,113.16425,23.01625,桂城街道,0,,0.0,0.0,3,4.2,4,0.0,37.75,37.75,一般地带
72,51,113.16425,23.02975,桂城街道,0,,0.0,0.0,11,3.9,1,0.0,38.69,38.69,一般地带
54,94,113.08325,23.22325,大沥镇,0,,0.0,0.0,4,4.1,1,0.0,32.96,32.96,一般地带
71,85,113.15975,23.18275,里水镇,0,,0.0,0.0,6,4.2,1,0.0,35.87,35.87,一般地带
27,57,112.96175,23.05675,丹灶镇,0,,0.0,0.0,2,3.8,2,0.0,30.64,30.64,一般地带
34,67,112.99325,23.10175,狮山镇,0,,0.0,0.0,1,4.0,1,0.0,25.74,25.74,一般地带
64,100,113.12825,23.25025,里水镇,0,,0.0,0.0,37,4.0,1,0.0,47.67,47.67,一般地带
62,67,113.11925,23.10175,大沥镇,0,,0.0,0.0,5,3.9,1,0.0,33.52,33.52,一般地带
69,88,113.15075,23.19625,里水镇,0,,0.0,0.0,8,3.95,2,0.0,39.42,39.42,一般地带
65,102,113.13275,23.25925,里水镇,0,,0.0,0.0,4,4.1,1,0.0,32.96,32.96,一般地带
70,87,113.15525,23.19175,里水镇,0,,0.0,0.0,6,4.1,3,0.0,40.05,40.05,一般地带
60,69,113.11025,23.11075,大沥镇,0,,0.0,0.0,7,4.1,1,0.0,36.47,36.47,一般地带
75,51,113.17775,23.02975,桂城街道,0,,0.0,0.0,7,4.4,1,0.0,37.67,37.67,一般地带
84,52,113.21825,23.03425,桂城街道,0,,0.0,0.0,12,4.2,1,0.0,40.48,40.48,一般地带
77,76,113.18675,23.14225,大沥镇,0,,0.0,0.0,5,4.0,1,0.0,33.92,33.92,一般地带
41,26,113.02475,22.91725,丹灶镇,0,,0.0,0.0,5,4.2,1,0.0,34.72,34.72,一般地带
72,62,113.16425,23.07925,桂城街道,0,,0.0,0.0,3,4.0,2,0.0,33.58,33.58,一般地带
56,70,113.09225,23.11525,大沥镇,0,,0.0,0.0,2,3.35,2,0.0,28.84,28.84,一般地带
65,62,113.13275,23.07925,大沥镇,0,,0.0,0.0,5,4.1,1,0.0,34.32,34.32,一般地带
58,60,113.10125,23.07025,大沥镇,0,,0.0,0.0,5,4.25,2,0.0,37.6,37.6,一般地带
52,68,113.07425,23.10625,大沥镇,0,,0.0,0.0,3,4.3,1,0.0,32.1,32.1,一般地带
84,51,113.21825,23.02975,桂城街道,0,,0.0,0.0,6,3.4,1,0.0,32.67,32.67,一般地带
37,23,113.00675,22.90375,丹灶镇,0,,0.0,0.0,3,3.8,1,0.0,30.1,30.1,一般地带
70,45,113.15525,23.00275,桂城街道,0,,0.0,0.0,1,3.7,1,0.0,24.54,24.54,双低空白
53,73,113.07875,23.12875,大沥镇,0,,0.0,0.0,3,3.75,2,0.0,32.58,32.58,一般地带
59,85,113.10575,23.18275,大沥镇,0,,0.0,0.0,2,4.55,15,0.0,44.68,44.68,一般地带
68,52,113.14625,23.03425,桂城街道,0,,0.0,0.0,80,4.1,1,0.0,53.71,53.71,空心景点
8,11,112.87625,22.84975,西樵镇,0,,0.0,0.0,1,4.5,200,0.0,58.16,58.16,空心景点
56,59,113.09225,23.06575,狮山镇,0,,0.0,0.0,1,4.3,11,0.0,38.76,38.76,一般地带
3,12,112.85375,22.85425,西樵镇,0,,0.0,0.0,1,3.9,1,0.0,25.34,25.34,一般地带
30,28,112.97525,22.92625,西樵镇,0,,0.0,0.0,1,4.7,1,0.0,28.54,28.54,一般地带
68,56,113.14625,23.05225,桂城街道,0,,0.0,0.0,8,4.1,76,0.0,61.44,61.44,空心景点
60,86,113.11025,23.18725,狮山镇,0,,0.0,0.0,2,4.35,36,0.0,49.42,49.42,一般地带
82,50,113.20925,23.02525,桂城街道,0,,0.0,0.0,1,4.1,1,0.0,26.14,26.14,一般地带
52,94,113.07425,23.22325,大沥镇,0,,0.0,0.0,17,4.1,3,0.0,47.08,47.08,一般地带
78,50,113.19125,23.02525,桂城街道,0,,0.0,0.0,4,3.9,4,0.0,38.21,38.21,一般地带
82,65,113.20925,23.09275,里水镇,0,,0.0,0.0,2,3.4,1,0.0,26.36,26.36,一般地带
34,20,112.99325,22.89025,丹灶镇,0,,0.0,0.0,3,3.9,1,0.0,30.5,30.5,一般地带
68,65,113.14625,23.09275,里水镇,0,,0.0,0.0,8,3.8,1,0.0,36.14,36.14,一般地带
35,65,112.99775,23.09275,狮山镇,0,,0.0,0.0,1,3.9,2,0.0,28.01,28.01,一般地带
55,66,113.08775,23.09725,大沥镇,0,,0.0,0.0,3,3.8,1,0.0,30.1,30.1,一般地带
67,96,113.14175,23.23225,里水镇,0,,0.0,0.0,1,4.1,1,0.0,26.14,26.14,一般地带
66,92,113.13725,23.21425,里水镇,0,,0.0,0.0,1,3.9,2,0.0,28.01,28.01,一般地带
38,90,113.01125,23.20525,狮山镇,0,,0.0,0.0,1,4.0,1,0.0,25.74,25.74,一般地带
27,37,112.96175,22.96675,西樵镇,0,,0.0,0.0,1,3.9,3,0.0,29.91,29.91,一般地带
68,97,113.14625,23.23675,里水镇,0,,0.0,0.0,2,3.7,1,0.0,27.56,27.56,一般地带
41,58,113.02475,23.06125,狮山镇,0,,0.0,0.0,2,3.9,1,0.0,28.36,28.36,一般地带
60,72,113.11025,23.12425,大沥镇,0,,0.0,0.0,3,4.1,1,0.0,31.3,31.3,一般地带
39,90,113.01575,23.20525,狮山镇,0,,0.0,0.0,1,3.9,1,0.0,25.34,25.34,一般地带
79,71,113.19575,23.11975,大沥镇,0,,0.0,0.0,4,3.6,2,0.0,33.64,33.64,一般地带
80,89,113.20025,23.20075,里水镇,0,,0.0,0.0,1,4.3,2,0.0,29.61,29.61,一般地带
66,85,113.13725,23.18275,里水镇,0,,0.0,0.0,1,3.7,1,0.0,24.54,24.54,双低空白
73,71,113.16875,23.11975,里水镇,0,,0.0,0.0,4,3.6,1,0.0,30.96,30.96,一般地带
60,67,113.11025,23.10175,大沥镇,0,,0.0,0.0,14,4.0,1,0.0,40.75,40.75,一般地带
57,70,113.09675,23.11525,大沥镇,0,,0.0,0.0,5,3.73,3,0.0,37.42,37.42,一般地带
68,74,113.14625,23.13325,里水镇,0,,0.0,0.0,3,3.6,8,0.0,39.23,39.23,一般地带
40,61,113.02025,23.07475,狮山镇,0,,0.0,0.0,8,3.9,1,0.0,36.54,36.54,一般地带
37,78,113.00675,23.15125,狮山镇,0,,0.0,0.0,2,3.8,1,0.0,27.96,27.96,一般地带
20,42,112.93025,22.98925,丹灶镇,0,,0.0,0.0,3,3.5,2,0.0,31.58,31.58,一般地带
15,29,112.90775,22.93075,西樵镇,0,,0.0,0.0,1,3.8,1,0.0,24.94,24.94,双低空白
73,52,113.16875,23.03425,桂城街道,0,,0.0,0.0,12,3.8,1,0.0,38.88,38.88,一般地带
45,52,113.04275,23.03425,丹灶镇,0,,0.0,0.0,1,3.7,1,0.0,24.54,24.54,双低空白
52,72,113.07425,23.12425,大沥镇,0,,0.0,0.0,5,3.7,1,0.0,32.72,32.72,一般地带
79,87,113.19575,23.19175,里水镇,0,,0.0,0.0,2,4.0,2,0.0,31.44,31.44,一般地带
75,72,113.17775,23.12425,里水镇,0,,0.0,0.0,5,3.8,2,0.0,35.8,35.8,一般地带
80,51,113.20025,23.02975,桂城街道,0,,0.0,0.0,11,3.65,2,0.0,40.36,40.36,一般地带
40,58,113.02025,23.06125,狮山镇,0,,0.0,0.0,2,3.6,11,0.0,38.98,38.98,一般地带
28,31,112.96625,22.93975,西樵镇,0,,0.0,0.0,1,3.4,1,0.0,23.34,23.34,双低空白
71,80,113.15975,23.16025,里水镇,0,,0.0,0.0,4,3.75,2,0.0,34.24,34.24,一般地带
45,60,113.04275,23.07025,狮山镇,0,,0.0,0.0,3,3.8,1,0.0,30.1,30.1,一般地带
76,62,113.18225,23.07925,大沥镇,0,,0.0,0.0,1,4.3,7,0.0,36.09,36.09,一般地带
28,36,112.96625,22.96225,丹灶镇,0,,0.0,0.0,19,4.0,1,0.0,42.89,42.89,一般地带
40,5,113.02025,22.82275,丹灶镇,0,,0.0,0.0,3,3.5,1,0.0,28.9,28.9,一般地带
64,55,113.12825,23.04775,桂城街道,0,,0.0,0.0,6,4.2,1,0.0,35.87,35.87,一般地带
41,3,113.02475,22.81375,九江镇,0,,0.0,0.0,1,4.4,11,0.0,39.16,39.16,一般地带
31,24,112.97975,22.90825,西樵镇,0,,0.0,0.0,2,4.25,8,0.0,39.69,39.69,一般地带
57,68,113.09675,23.10625,大沥镇,0,,0.0,0.0,12,4.3,1,0.0,40.88,40.88,一般地带
40,7,113.02025,22.83175,九江镇,0,,0.0,0.0,9,3.85,4,0.0,43.18,43.18,一般地带
69,59,113.15075,23.06575,桂城街道,0,,0.0,0.0,334,3.93,3,0.0,68.18,68.18,空心景点
26,32,112.95725,22.94425,西樵镇,0,,0.0,0.0,9,4.3,2,0.0,41.6,41.6,一般地带
81,74,113.20475,23.13325,大沥镇,0,,0.0,0.0,7,4.33,3,0.0,41.96,41.96,一般地带
58,91,113.10125,23.20975,里水镇,0,,0.0,0.0,1,4.1,1,0.0,26.14,26.14,一般地带
44,53,113.03825,23.03875,丹灶镇,0,,0.0,0.0,5,4.2,1,0.0,34.72,34.72,一般地带
45,56,113.04275,23.05225,狮山镇,0,,0.0,0.0,6,4.3,1,0.0,36.27,36.27,一般地带
64,60,113.12825,23.07025,桂城街道,0,,0.0,0.0,3,4.3,3,0.0,36.68,36.68,一般地带
70,63,113.15525,23.08375,里水镇,0,,0.0,0.0,16,3.7,1,0.0,40.48,40.48,一般地带
72,80,113.16425,23.16025,里水镇,0,,0.0,0.0,1,3.7,1,0.0,24.54,24.54,双低空白
67,54,113.14175,23.04325,桂城街道,0,,0.0,0.0,19,3.7,1,0.0,41.69,41.69,一般地带
61,68,113.11475,23.10625,大沥镇,0,,0.0,0.0,64,2.9,1,0.0,47.27,47.27,一般地带
77,52,113.18675,23.03425,桂城街道,0,,0.0,0.0,17,3.8,6,0.0,49.58,49.58,一般地带
47,75,113.05175,23.13775,狮山镇,0,,0.0,0.0,2,3.45,2,0.0,29.24,29.24,一般地带
65,100,113.13275,23.25025,里水镇,0,,0.0,0.0,19,3.7,1,0.0,41.69,41.69,一般地带
65,58,113.13275,23.06125,桂城街道,0,,0.0,0.0,15,3.6,1,0.0,39.63,39.63,一般地带
34,25,112.99325,22.91275,西樵镇,0,,0.0,0.0,1,4.5,1,0.0,27.74,27.74,一般地带
21,27,112.93475,22.92175,西樵镇,0,,0.0,0.0,1,4.4,1,0.0,27.34,27.34,一般地带
24,51,112.94825,23.02975,丹灶镇,0,,0.0,0.0,3,4.3,1,0.0,32.1,32.1,一般地带
62,82,113.11925,23.16925,大沥镇,0,,0.0,0.0,3,3.95,2,0.0,33.38,33.38,一般地带
74,87,113.17325,23.19175,里水镇,0,,0.0,0.0,3,4.2,1,0.0,31.7,31.7,一般地带
64,58,113.12825,23.06125,桂城街道,0,,0.0,0.0,11,4.05,5,0.0,46.54,46.54,一般地带
90,44,113.24525,22.99825,桂城街道,0,,0.0,0.0,2,4.2,2,0.0,32.24,32.24,一般地带
77,70,113.18675,23.11525,大沥镇,0,,0.0,0.0,45,3.75,2,0.0,50.77,50.77,空心景点
82,51,113.20925,23.02975,桂城街道,0,,0.0,0.0,6,3.7,2,0.0,36.55,36.55,一般地带
75,50,113.17775,23.02525,桂城街道,0,,0.0,0.0,3,3.7,1,0.0,29.7,29.7,一般地带
66,94,113.13725,23.22325,里水镇,0,,0.0,0.0,3,4.0,1,0.0,30.9,30.9,一般地带
42,68,113.02925,23.10625,狮山镇,0,,0.0,0.0,2,3.05,2,0.0,27.64,27.64,一般地带
16,49,112.91225,23.02075,丹灶镇,0,,0.0,0.0,2,2.9,1,0.0,24.36,24.36,双低空白
77,55,113.18675,23.04775,桂城街道,0,,0.0,0.0,10,0.0,0,0.0,17.86,17.86,双低空白
77,54,113.18675,23.04325,桂城街道,0,,0.0,0.0,3,3.9,1,0.0,30.5,30.5,一般地带
22,63,112.93925,23.08375,狮山镇,0,,0.0,0.0,1,0.0,0,0.0,5.16,5.16,双低空白
61,104,113.11475,23.26825,里水镇,0,,0.0,0.0,1,0.0,0,0.0,5.16,5.16,双低空白
82,48,113.20925,23.01625,桂城街道,0,,0.0,0.0,3,0.0,0,0.0,10.33,10.33,双低空白
75,68,113.17775,23.10625,大沥镇,0,,0.0,0.0,19,0.0,0,0.0,22.32,22.32,双低空白
31,68,112.97975,23.10625,狮山镇,0,,0.0,0.0,1,0.0,0,0.0,5.16,5.16,双低空白
68,51,113.14625,23.02975,桂城街道,0,,0.0,0.0,8,0.0,0,0.0,16.37,16.37,双低空白
69,68,113.15075,23.10625,里水镇,0,,0.0,0.0,13,3.2,0,0.0,32.46,32.46,一般地带
67,100,113.14175,23.25025,里水镇,0,,0.0,0.0,1,0.0,0,0.0,5.16,5.16,双低空白
57,83,113.09675,23.17375,大沥镇,0,,0.0,0.0,2,0.0,0,0.0,8.18,8.18,双低空白
70,54,113.15525,23.04325,桂城街道,0,,0.0,0.0,11,4.2,2,0.0,42.56,42.56,一般地带
68,50,113.14625,23.02525,桂城街道,0,,0.0,0.0,6,4.55,2,0.0,39.95,39.95,一般地带
74,55,113.17325,23.04775,桂城街道,0,,0.0,0.0,18,4.5,3,0.0,49.09,49.09,一般地带
69,50,113.15075,23.02525,桂城街道,0,,0.0,0.0,14,4.4,1,0.0,42.35,42.35,一般地带
12,56,112.89425,23.05225,狮山镇,0,,0.0,0.0,3,4.5,1,0.0,32.9,32.9,一般地带
35,70,112.99775,23.11525,狮山镇,0,,0.0,0.0,1,4.0,1,0.0,25.74,25.74,一般地带
56,84,113.09225,23.17825,大沥镇,0,,0.0,0.0,2,4.0,1,0.0,28.76,28.76,一般地带
73,50,113.16875,23.02525,桂城街道,0,,0.0,0.0,5,4.05,2,0.0,36.8,36.8,一般地带
65,75,113.13275,23.13775,里水镇,0,,0.0,0.0,1,3.9,1,0.0,25.34,25.34,一般地带
74,75,113.17325,23.13775,里水镇,0,,0.0,0.0,2,3.8,1,0.0,27.96,27.96,一般地带
91,52,113.24975,23.03425,桂城街道,0,,0.0,0.0,1,2.9,1,0.0,21.34,21.34,双低空白
73,49,113.16875,23.02075,桂城街道,0,,0.0,0.0,5,3.9,2,0.0,36.2,36.2,一般地带
83,53,113.21375,23.03875,桂城街道,0,,0.0,0.0,4,3.6,1,0.0,30.96,30.96,一般地带
29,36,112.97075,22.96225,丹灶镇,0,,0.0,0.0,12,3.1,1,0.0,36.08,36.08,一般地带
70,57,113.15525,23.05675,桂城街道,0,,0.0,0.0,5,4.9,0,0.0,32.95,32.95,一般地带
67,55,113.14175,23.04775,桂城街道,0,,0.0,0.0,26,4.25,16,0.0,60.25,60.25,空心景点
67,51,113.14175,23.02975,桂城街道,0,,0.0,0.0,15,4.28,5,0.0,49.6,49.6,一般地带
43,80,113.03375,23.16025,狮山镇,0,,0.0,0.0,2,0.0,0,0.0,8.18,8.18,双低空白
69,57,113.15075,23.05675,桂城街道,0,,0.0,0.0,8,4.65,1,0.0,39.54,39.54,一般地带
41,77,113.02475,23.14675,狮山镇,0,,0.0,0.0,42,0.0,0,0.0,28.02,28.02,一般地带
39,63,113.01575,23.08375,狮山镇,0,,0.0,0.0,2,0.0,0,0.0,8.18,8.18,双低空白
70,59,113.15525,23.06575,桂城街道,0,,0.0,0.0,102,3.95,1,0.0,54.9,54.9,空心景点
74,51,113.17325,23.02975,桂城街道,0,,0.0,0.0,2,0.0,0,0.0,8.18,8.18,双低空白
72,52,113.16425,23.03425,桂城街道,0,,0.0,0.0,12,4.07,3,0.0,44.54,44.54,一般地带
62,63,113.11925,23.08375,大沥镇,0,,0.0,0.0,2,0.0,0,0.0,8.18,8.18,双低空白
70,52,113.15525,23.03425,桂城街道,0,,0.0,0.0,21,4.45,3,0.0,49.98,49.98,一般地带
48,75,113.05625,23.13775,狮山镇,0,,0.0,0.0,2,0.0,0,0.0,8.18,8.18,双低空白
37,72,113.00675,23.12425,狮山镇,0,,0.0,0.0,14,0.0,0,0.0,20.18,20.18,双低空白
56,58,113.09225,23.06125,狮山镇,0,,0.0,0.0,6,3.55,2,0.0,35.95,35.95,一般地带
70,105,113.15525,23.27275,里水镇,0,,0.0,0.0,1,0.0,0,0.0,5.16,5.16,双低空白
45,57,113.04275,23.05675,狮山镇,0,,0.0,0.0,8,0.0,0,0.0,16.37,16.37,双低空白
66,71,113.13725,23.11975,大沥镇,0,,0.0,0.0,9,0.0,0,0.0,17.15,17.15,双低空白
58,105,113.10125,23.27275,里水镇,0,,0.0,0.0,1,0.0,0,0.0,5.16,5.16,双低空白
80,85,113.20025,23.18275,里水镇,0,,0.0,0.0,6,0.0,0,0.0,14.5,14.5,双低空白
27,58,112.96175,23.06125,丹灶镇,0,,0.0,0.0,4,0.0,0,0.0,11.99,11.99,双低空白
32,33,112.98425,22.94875,西樵镇,0,,0.0,0.0,3,0.0,0,0.0,10.33,10.33,双低空白
48,67,113.05625,23.10175,狮山镇,0,,0.0,0.0,2,4.4,1,0.0,30.36,30.36,一般地带
41,75,113.02475,23.13775,狮山镇,0,,0.0,0.0,3,0.0,0,0.0,10.33,10.33,双低空白
24,50,112.94825,23.02525,丹灶镇,0,,0.0,0.0,2,0.0,0,0.0,8.18,8.18,双低空白
18,53,112.92125,23.03875,丹灶镇,0,,0.0,0.0,4,0.0,0,0.0,11.99,11.99,双低空白
45,93,113.04275,23.21875,狮山镇,0,,0.0,0.0,1,0.0,0,0.0,5.16,5.16,双低空白
73,69,113.16875,23.11075,大沥镇,0,,0.0,0.0,11,2.7,1,0.0,33.89,33.89,一般地带
74,74,113.17325,23.13325,里水镇,0,,0.0,0.0,6,0.0,0,0.0,14.5,14.5,双低空白
79,54,113.19575,23.04325,桂城街道,0,,0.0,0.0,5,0.0,0,0.0,13.35,13.35,双低空白
51,94,113.06975,23.22325,狮山镇,0,,0.0,0.0,5,0.0,0,0.0,13.35,13.35,双低空白
58,68,113.10125,23.10625,大沥镇,0,,0.0,0.0,8,0.0,0,0.0,16.37,16.37,双低空白
15,54,112.90775,23.04325,丹灶镇,0,,0.0,0.0,2,0.0,0,0.0,8.18,8.18,双低空白
71,89,113.15975,23.20075,里水镇,0,,0.0,0.0,11,4.0,1,0.0,39.09,39.09,一般地带
62,70,113.11925,23.11525,大沥镇,0,,0.0,0.0,18,0.0,0,0.0,21.94,21.94,双低空白
63,107,113.12375,23.28175,里水镇,0,,0.0,0.0,1,0.0,0,0.0,5.16,5.16,双低空白
75,54,113.17775,23.04325,桂城街道,0,,0.0,0.0,2,0.0,0,0.0,8.18,8.18,双低空白
32,82,112.98425,23.16925,狮山镇,0,,0.0,0.0,1,0.0,0,0.0,5.16,5.16,双低空白
40,72,113.02025,23.12425,狮山镇,0,,0.0,0.0,3,3.8,2,0.0,32.78,32.78,一般地带
74,102,113.17325,23.25925,里水镇,0,,0.0,0.0,2,3.7,1,0.0,27.56,27.56,一般地带
33,20,112.98875,22.89025,西樵镇,0,,0.0,0.0,2,0.0,0,0.0,8.18,8.18,双低空白
32,3,112.98425,22.81375,九江镇,0,,0.0,0.0,1,0.0,0,0.0,5.16,5.16,双低空白
60,87,113.11025,23.19175,狮山镇,0,,0.0,0.0,3,0.0,0,0.0,10.33,10.33,双低空白
67,52,113.14175,23.03425,桂城街道,0,,0.0,0.0,16,3.5,1,0.0,39.68,39.68,一般地带
43,66,113.03375,23.09725,狮山镇,0,,0.0,0.0,1,0.0,0,0.0,5.16,5.16,双低空白
53,87,113.07875,23.19175,狮山镇,0,,0.0,0.0,1,0.0,0,0.0,5.16,5.16,双低空白
56,78,113.09225,23.15125,狮山镇,0,,0.0,0.0,2,0.0,0,0.0,8.18,8.18,双低空白
62,92,113.11925,23.21425,里水镇,0,,0.0,0.0,2,3.8,1,0.0,27.96,27.96,一般地带
75,64,113.17775,23.08825,大沥镇,0,,0.0,0.0,5,0.0,0,0.0,13.35,13.35,双低空白
74,59,113.17325,23.06575,桂城街道,0,,0.0,0.0,7,4.1,1,0.0,36.47,36.47,一般地带
66,98,113.13725,23.24125,里水镇,0,,0.0,0.0,1,0.0,0,0.0,5.16,5.16,双低空白
76,85,113.18225,23.18275,里水镇,0,,0.0,0.0,1,0.0,0,0.0,5.16,5.16,双低空白
78,70,113.19125,23.11525,大沥镇,0,,0.0,0.0,17,3.6,1,0.0,40.51,40.51,一般地带
66,68,113.13725,23.10625,大沥镇,0,,0.0,0.0,2,0.0,0,0.0,8.18,8.18,双低空白
70,92,113.15525,23.21425,里水镇,0,,0.0,0.0,1,0.0,0,0.0,5.16,5.16,双低空白
77,75,113.18675,23.13775,里水镇,0,,0.0,0.0,6,4.0,1,0.0,35.07,35.07,一般地带
49,59,113.06075,23.06575,狮山镇,0,,0.0,0.0,4,0.0,0,0.0,11.99,11.99,双低空白
81,84,113.20475,23.17825,里水镇,0,,0.0,0.0,2,4.1,1,0.0,29.16,29.16,一般地带
81,68,113.20475,23.10625,大沥镇,0,,0.0,0.0,1,0.0,0,0.0,5.16,5.16,双低空白
16,29,112.91225,22.93075,西樵镇,0,,0.0,0.0,3,0.0,0,0.0,10.33,10.33,双低空白
76,69,113.18225,23.11075,里水镇,0,,0.0,0.0,256,4.1,1,0.0,62.32,62.32,空心景点
58,78,113.10125,23.15125,狮山镇,0,,0.0,0.0,5,0.0,0,0.0,13.35,13.35,双低空白
23,55,112.94375,23.04775,丹灶镇,0,,0.0,0.0,2,0.0,0,0.0,8.18,8.18,双低空白
67,94,113.14175,23.22325,里水镇,0,,0.0,0.0,4,0.0,0,0.0,11.99,11.99,双低空白
13,35,112.89875,22.95775,西樵镇,0,,0.0,0.0,1,0.0,0,0.0,5.16,5.16,双低空白
88,43,113.23625,22.99375,桂城街道,0,,0.0,0.0,1,0.0,0,0.0,5.16,5.16,双低空白
69,56,113.15075,23.05225,桂城街道,0,,0.0,0.0,34,4.2,1,0.0,47.86,47.86,一般地带
73,51,113.16875,23.02975,桂城街道,0,,0.0,0.0,8,0.0,0,0.0,16.37,16.37,双低空白
81,49,113.20475,23.02075,桂城街道,0,,0.0,0.0,9,0.0,0,0.0,17.15,17.15,双低空白
75,70,113.17775,23.11525,大沥镇,0,,0.0,0.0,2,3.6,1,0.0,27.16,27.16,一般地带
19,17,112.92575,22.87675,九江镇,0,,0.0,0.0,2,2.8,1,0.0,23.96,23.96,双低空白
86,53,113.22725,23.03875,桂城街道,0,,0.0,0.0,1,0.0,0,0.0,5.16,5.16,双低空白
28,94,112.96625,23.22325,狮山镇,0,,0.0,0.0,1,0.0,0,0.0,5.16,5.16,双低空白
67,58,113.14175,23.06125,桂城街道,0,,0.0,0.0,28,3.43,3,0.0,47.96,47.96,一般地带
71,63,113.15975,23.08375,大沥镇,0,,0.0,0.0,12,0.0,0,0.0,19.11,19.11,双低空白
65,57,113.13275,23.05675,桂城街道,0,,0.0,0.0,7,0.0,0,0.0,15.49,15.49,双低空白
39,9,113.01575,22.84075,丹灶镇,0,,0.0,0.0,3,3.4,0,0.0,23.93,23.93,双低空白
27,31,112.96175,22.93975,西樵镇,0,,0.0,0.0,4,4.0,1,0.0,32.56,32.56,一般地带
59,78,113.10575,23.15125,狮山镇,0,,0.0,0.0,2,0.0,0,0.0,8.18,8.18,双低空白
73,87,113.16875,23.19175,里水镇,0,,0.0,0.0,3,3.85,2,0.0,32.98,32.98,一般地带
46,59,113.04725,23.06575,狮山镇,0,,0.0,0.0,24,0.0,0,0.0,23.98,23.98,双低空白
68,71,113.14625,23.11975,大沥镇,0,,0.0,0.0,8,4.0,3,0.0,41.52,41.52,一般地带
77,50,113.18675,23.02525,桂城街道,0,,0.0,0.0,11,0.0,0,0.0,18.51,18.51,双低空白
76,71,113.18225,23.11975,大沥镇,0,,0.0,0.0,14,3.9,2,0.0,43.03,43.03,一般地带
42,77,113.02925,23.14675,狮山镇,0,,0.0,0.0,27,0.0,0,0.0,24.82,24.82,双低空白
35,72,112.99775,23.12425,狮山镇,0,,0.0,0.0,76,0.0,0,0.0,32.36,32.36,一般地带
40,8,113.02025,22.83625,九江镇,0,,0.0,0.0,3,0.0,0,0.0,10.33,10.33,双低空白
15,55,112.90775,23.04775,丹灶镇,0,,0.0,0.0,4,0.0,0,0.0,11.99,11.99,双低空白
35,32,112.99775,22.94425,西樵镇,0,,0.0,0.0,4,0.0,0,0.0,11.99,11.99,双低空白
86,45,113.22725,23.00275,桂城街道,0,,0.0,0.0,3,4.4,1,0.0,32.5,32.5,一般地带
47,76,113.05175,23.14225,狮山镇,0,,0.0,0.0,2,0.0,0,0.0,8.18,8.18,双低空白
49,66,113.06075,23.09725,大沥镇,0,,0.0,0.0,2,0.0,0,0.0,8.18,8.18,双低空白
36,72,113.00225,23.12425,狮山镇,0,,0.0,0.0,55,4.2,2,0.0,54.04,54.04,空心景点
36,63,113.00225,23.08375,狮山镇,0,,0.0,0.0,2,4.5,1,0.0,30.76,30.76,一般地带
78,83,113.19125,23.17375,里水镇,0,,0.0,0.0,1,0.0,0,0.0,5.16,5.16,双低空白
80,52,113.20025,23.03425,桂城街道,0,,0.0,0.0,3,0.0,0,0.0,10.33,10.33,双低空白
33,36,112.98875,22.96225,西樵镇,0,,0.0,0.0,1,0.0,0,0.0,5.16,5.16,双低空白
40,80,113.02025,23.16025,狮山镇,0,,0.0,0.0,1,4.7,1,0.0,28.54,28.54,一般地带
43,77,113.03375,23.14675,狮山镇,0,,0.0,0.0,1,4.8,1,0.0,28.94,28.94,一般地带
48,57,113.05625,23.05675,狮山镇,0,,0.0,0.0,2,4.4,1,0.0,30.36,30.36,一般地带
70,46,113.15525,23.00725,桂城街道,0,,0.0,0.0,5,3.5,1,0.0,31.92,31.92,一般地带
45,54,113.04275,23.04325,狮山镇,0,,0.0,0.0,4,0.0,0,0.0,11.99,11.99,双低空白
54,58,113.08325,23.06125,大沥镇,0,,0.0,0.0,4,0.0,0,0.0,11.99,11.99,双低空白
66,70,113.13725,23.11525,里水镇,0,,0.0,0.0,8,0.0,0,0.0,16.37,16.37,双低空白
35,29,112.99775,22.93075,丹灶镇,0,,0.0,0.0,2,0.0,0,0.0,8.18,8.18,双低空白
33,67,112.98875,23.10175,狮山镇,0,,0.0,0.0,6,0.0,0,0.0,14.5,14.5,双低空白
69,49,113.15075,23.02075,桂城街道,0,,0.0,0.0,2,0.0,0,0.0,8.18,8.18,双低空白
54,96,113.08325,23.23225,狮山镇,0,,0.0,0.0,2,4.0,1,0.0,28.76,28.76,一般地带
40,78,113.02025,23.15125,狮山镇,0,,0.0,0.0,3,0.0,0,0.0,10.33,10.33,双低空白
69,82,113.15075,23.16925,里水镇,0,,0.0,0.0,2,0.0,0,0.0,8.18,8.18,双低空白
59,70,113.10575,23.11525,大沥镇,0,,0.0,0.0,19,0.0,0,0.0,22.32,22.32,双低空白
72,56,113.16425,23.05225,桂城街道,0,,0.0,0.0,6,5.0,0,0.0,34.5,34.5,一般地带
15,56,112.90775,23.05225,丹灶镇,0,,0.0,0.0,1,0.0,0,0.0,5.16,5.16,双低空白
59,61,113.10575,23.07475,大沥镇,0,,0.0,0.0,2,0.0,0,0.0,8.18,8.18,双低空白
64,70,113.12825,23.11525,里水镇,0,,0.0,0.0,7,3.0,0,0.0,27.49,27.49,一般地带
38,70,113.01125,23.11525,狮山镇,0,,0.0,0.0,2,3.1,1,0.0,25.16,25.16,一般地带
26,34,112.95725,22.95325,西樵镇,0,,0.0,0.0,2,0.0,0,0.0,8.18,8.18,双低空白
71,49,113.15975,23.02075,桂城街道,0,,0.0,0.0,11,3.63,4,0.0,43.65,43.65,一般地带
66,59,113.13725,23.06575,桂城街道,0,,0.0,0.0,19,0.0,0,0.0,22.32,22.32,双低空白
64,102,113.12825,23.25925,里水镇,0,,0.0,0.0,8,0.0,0,0.0,16.37,16.37,双低空白
40,26,113.02025,22.91725,丹灶镇,0,,0.0,0.0,17,0.0,0,0.0,21.53,21.53,双低空白
53,78,113.07875,23.15125,狮山镇,0,,0.0,0.0,1,0.0,0,0.0,5.16,5.16,双低空白
11,15,112.88975,22.86775,西樵镇,0,,0.0,0.0,1,4.3,1,0.0,26.94,26.94,一般地带
55,95,113.08775,23.22775,狮山镇,0,,0.0,0.0,1,0.0,0,0.0,5.16,5.16,双低空白
13,61,112.89875,23.07475,狮山镇,0,,0.0,0.0,1,0.0,0,0.0,5.16,5.16,双低空白
57,76,113.09675,23.14225,大沥镇,0,,0.0,0.0,10,0.0,0,0.0,17.86,17.86,双低空白
44,22,113.03825,22.89925,九江镇,0,,0.0,0.0,1,0.0,0,0.0,5.16,5.16,双低空白
62,106,113.11925,23.27725,里水镇,0,,0.0,0.0,2,0.0,0,0.0,8.18,8.18,双低空白
46,75,113.04725,23.13775,狮山镇,0,,0.0,0.0,1,0.0,0,0.0,5.16,5.16,双低空白
68,58,113.14625,23.06125,桂城街道,0,,0.0,0.0,8,4.5,2,0.0,41.62,41.62,一般地带
78,49,113.19125,23.02075,桂城街道,0,,0.0,0.0,1,0.0,0,0.0,5.16,5.16,双低空白
87,45,113.23175,23.00275,桂城街道,0,,0.0,0.0,2,0.0,0,0.0,8.18,8.18,双低空白
72,65,113.16425,23.09275,大沥镇,0,,0.0,0.0,4,0.0,1,0.0,16.56,16.56,双低空白
37,74,113.00675,23.13325,狮山镇,0,,0.0,0.0,7,0.0,0,0.0,15.49,15.49,双低空白
67,101,113.14175,23.25475,里水镇,0,,0.0,0.0,1,0.0,0,0.0,5.16,5.16,双低空白
66,56,113.13725,23.05225,桂城街道,0,,0.0,0.0,2,0.0,0,0.0,8.18,8.18,双低空白
27,29,112.96175,22.93075,西樵镇,0,,0.0,0.0,9,0.0,0,0.0,17.15,17.15,双低空白
79,73,113.19575,23.12875,里水镇,0,,0.0,0.0,4,0.0,0,0.0,11.99,11.99,双低空白
55,62,113.08775,23.07925,大沥镇,0,,0.0,0.0,1,0.0,0,0.0,5.16,5.16,双低空白
42,6,113.02925,22.82725,九江镇,0,,0.0,0.0,1,0.0,0,0.0,5.16,5.16,双低空白
71,77,113.15975,23.14675,里水镇,0,,0.0,0.0,11,0.0,0,0.0,18.51,18.51,双低空白
49,74,113.06075,23.13325,狮山镇,0,,0.0,0.0,1,0.0,0,0.0,5.16,5.16,双低空白
33,21,112.98875,22.89475,丹灶镇,0,,0.0,0.0,3,4.05,2,0.0,33.78,33.78,一般地带
81,54,113.20475,23.04325,桂城街道,0,,0.0,0.0,9,0.0,0,0.0,17.15,17.15,双低空白
77,56,113.18675,23.05225,桂城街道,0,,0.0,0.0,6,0.0,0,0.0,14.5,14.5,双低空白
26,58,112.95725,23.06125,丹灶镇,0,,0.0,0.0,7,0.0,0,0.0,15.49,15.49,双低空白
58,79,113.10125,23.15575,大沥镇,0,,0.0,0.0,4,0.0,0,0.0,11.99,11.99,双低空白
60,61,113.11025,23.07475,大沥镇,0,,0.0,0.0,1,0.0,0,0.0,5.16,5.16,双低空白
64,67,113.12825,23.10175,里水镇,0,,0.0,0.0,8,0.0,0,0.0,16.37,16.37,双低空白
75,53,113.17775,23.03875,桂城街道,0,,0.0,0.0,4,0.0,0,0.0,11.99,11.99,双低空白
86,49,113.22725,23.02075,桂城街道,0,,0.0,0.0,5,0.0,0,0.0,13.35,13.35,双低空白
33,65,112.98875,23.09275,狮山镇,0,,0.0,0.0,1,0.0,0,0.0,5.16,5.16,双低空白
58,69,113.10125,23.11075,大沥镇,0,,0.0,0.0,4,0.0,0,0.0,11.99,11.99,双低空白
89,44,113.24075,22.99825,桂城街道,0,,0.0,0.0,1,0.0,0,0.0,5.16,5.16,双低空白
71,60,113.15975,23.07025,桂城街道,0,,0.0,0.0,5,0.0,0,0.0,13.35,13.35,双低空白
71,88,113.15975,23.19625,里水镇,0,,0.0,0.0,118,0.0,0,0.0,35.6,35.6,一般地带
70,58,113.15525,23.06125,桂城街道,0,,0.0,0.0,4,5.0,0,0.0,31.99,31.99,一般地带
69,58,113.15075,23.06125,桂城街道,0,,0.0,0.0,4,4.4,1,0.0,34.16,34.16,一般地带
18,52,112.92125,23.03425,丹灶镇,0,,0.0,0.0,1,0.0,0,0.0,5.16,5.16,双低空白
67,53,113.14175,23.03875,桂城街道,0,,0.0,0.0,14,0.0,0,0.0,20.18,20.18,双低空白
37,73,113.00675,23.12875,狮山镇,0,,0.0,0.0,61,0.0,0,0.0,30.75,30.75,一般地带
62,69,113.11925,23.11075,大沥镇,0,,0.0,0.0,29,0.0,0,0.0,25.34,25.34,一般地带
78,53,113.19125,23.03875,桂城街道,0,,0.0,0.0,14,3.2,1,0.0,37.55,37.55,一般地带
81,76,113.20475,23.14225,里水镇,0,,0.0,0.0,10,4.0,1,0.0,38.44,38.44,一般地带
67,68,113.14175,23.10625,大沥镇,0,,0.0,0.0,4,0.0,0,0.0,11.99,11.99,双低空白
79,69,113.19575,23.11075,大沥镇,0,,0.0,0.0,2,0.0,0,0.0,8.18,8.18,双低空白
60,70,113.11025,23.11525,大沥镇,0,,0.0,0.0,9,0.0,0,0.0,17.15,17.15,双低空白
81,51,113.20475,23.02975,桂城街道,0,,0.0,0.0,16,4.2,1,0.0,42.48,42.48,一般地带
30,65,112.97525,23.09275,狮山镇,0,,0.0,0.0,20,2.9,1,0.0,38.86,38.86,一般地带
46,55,113.04725,23.04775,丹灶镇,0,,0.0,0.0,9,3.7,1,0.0,36.53,36.53,一般地带
38,10,113.01125,22.84525,九江镇,0,,0.0,0.0,11,0.0,0,0.0,18.51,18.51,双低空白
82,76,113.20925,23.14225,里水镇,0,,0.0,0.0,2,4.4,1,0.0,30.36,30.36,一般地带
38,72,113.01125,23.12425,狮山镇,0,,0.0,0.0,4,0.0,0,0.0,11.99,11.99,双低空白
75,65,113.17775,23.09275,大沥镇,0,,0.0,0.0,10,0.0,0,0.0,17.86,17.86,双低空白
71,58,113.15975,23.06125,桂城街道,0,,0.0,0.0,11,4.7,1,0.0,41.89,41.89,一般地带
71,87,113.15975,23.19175,里水镇,0,,0.0,0.0,3,0.0,0,0.0,10.33,10.33,双低空白
80,76,113.20025,23.14225,大沥镇,0,,0.0,0.0,15,4.36,5,0.0,49.92,49.92,一般地带
70,55,113.15525,23.04775,桂城街道,0,,0.0,0.0,2,5.0,0,0.0,28.18,28.18,一般地带
71,57,113.15975,23.05675,桂城街道,0,,0.0,0.0,5,0.0,0,0.0,13.35,13.35,双低空白
19,70,112.92575,23.11525,狮山镇,0,,0.0,0.0,3,0.0,0,0.0,10.33,10.33,双低空白
67,57,113.14175,23.05675,桂城街道,0,,0.0,0.0,18,4.1,3,0.0,47.49,47.49,一般地带
80,66,113.20025,23.09725,里水镇,0,,0.0,0.0,36,0.0,0,0.0,26.9,26.9,一般地带
45,55,113.04275,23.04775,丹灶镇,0,,0.0,0.0,17,0.0,0,0.0,21.53,21.53,双低空白
47,59,113.05175,23.06575,狮山镇,0,,0.0,0.0,3,0.0,0,0.0,10.33,10.33,双低空白
37,85,113.00675,23.18275,狮山镇,0,,0.0,0.0,1,0.0,0,0.0,5.16,5.16,双低空白
37,70,113.00675,23.11525,狮山镇,0,,0.0,0.0,2,4.75,4,0.0,37.81,37.81,一般地带
70,61,113.15525,23.07475,桂城街道,0,,0.0,0.0,10,5.0,1,0.0,42.44,42.44,一般地带
76,68,113.18225,23.10625,大沥镇,0,,0.0,0.0,6,4.4,1,0.0,36.67,36.67,一般地带
59,69,113.10575,23.11075,大沥镇,0,,0.0,0.0,7,4.7,10,0.0,50.12,50.12,空心景点
30,29,112.97525,22.93075,西樵镇,0,,0.0,0.0,18,4.45,14,0.0,57.61,57.61,空心景点
57,86,113.09675,23.18725,大沥镇,0,,0.0,0.0,8,4.5,1,0.0,38.94,38.94,一般地带
22,73,112.93925,23.12875,狮山镇,0,,0.0,0.0,1,4.6,1,0.0,28.14,28.14,一般地带
11,49,112.88975,23.02075,丹灶镇,0,,0.0,0.0,1,4.4,1,0.0,27.34,27.34,一般地带
79,75,113.19575,23.13775,里水镇,0,,0.0,0.0,8,4.4,1,0.0,38.54,38.54,一般地带
13,57,112.89875,23.05675,丹灶镇,0,,0.0,0.0,1,4.5,1,0.0,27.74,27.74,一般地带
60,60,113.11025,23.07025,大沥镇,0,,0.0,0.0,3,4.5,1,0.0,32.9,32.9,一般地带
8,57,112.87625,23.05675,丹灶镇,0,,0.0,0.0,3,4.5,12,0.0,45.26,45.26,一般地带
77,84,113.18675,23.17825,里水镇,0,,0.0,0.0,2,4.4,1,0.0,30.36,30.36,一般地带
23,27,112.94375,22.92175,西樵镇,0,,0.0,0.0,3,3.8,43,0.0,50.5,50.5,空心景点
24,73,112.94825,23.12875,狮山镇,0,,0.0,0.0,1,4.4,1,0.0,27.34,27.34,一般地带
47,66,113.05175,23.09725,狮山镇,0,,0.0,0.0,3,4.6,4,0.0,39.35,39.35,一般地带
54,68,113.08325,23.10625,大沥镇,0,,0.0,0.0,2,4.4,1,0.0,30.36,30.36,一般地带
91,42,113.24975,22.98925,桂城街道,0,,0.0,0.0,1,4.4,1,0.0,27.34,27.34,一般地带
75,98,113.17775,23.24125,里水镇,0,,0.0,0.0,1,4.4,1,0.0,27.34,27.34,一般地带
56,82,113.09225,23.16925,大沥镇,0,,0.0,0.0,1,4.5,1,0.0,27.74,27.74,一般地带
72,55,113.16425,23.04775,桂城街道,0,,0.0,0.0,4,4.7,1,0.0,35.36,35.36,一般地带
78,82,113.19125,23.16925,里水镇,0,,0.0,0.0,1,4.5,1,0.0,27.74,27.74,一般地带
72,47,113.16425,23.01175,桂城街道,0,,0.0,0.0,2,4.5,1,0.0,30.76,30.76,一般地带
75,49,113.17775,23.02075,桂城街道,0,,0.0,0.0,6,4.03,2,0.0,37.87,37.87,一般地带
75,58,113.17775,23.06125,桂城街道,0,,0.0,0.0,5,4.5,1,0.0,35.92,35.92,一般地带
75,56,113.17775,23.05225,桂城街道,0,,0.0,0.0,6,4.6,1,0.0,37.47,37.47,一般地带
74,52,113.17325,23.03425,桂城街道,0,,0.0,0.0,5,4.5,1,0.0,35.92,35.92,一般地带
69,52,113.15075,23.03425,桂城街道,0,,0.0,0.0,73,4.6,1,0.0,55.04,55.04,空心景点
70,60,113.15525,23.07025,桂城街道,0,,0.0,0.0,66,4.3,1,0.0,53.1,53.1,空心景点
30,69,112.97525,23.11075,狮山镇,0,,0.0,0.0,2,4.5,1,0.0,30.76,30.76,一般地带
70,47,113.15525,23.01175,桂城街道,0,,0.0,0.0,30,4.4,3,0.0,52.33,52.33,空心景点
10,16,112.88525,22.87225,西樵镇,0,,0.0,0.0,1,4.4,1,0.0,27.34,27.34,一般地带
37,71,113.00675,23.11975,狮山镇,0,,0.0,0.0,2,4.5,1,0.0,30.76,30.76,一般地带
33,64,112.98875,23.08825,狮山镇,0,,0.0,0.0,1,4.5,1,0.0,27.74,27.74,一般地带
60,88,113.11025,23.19625,里水镇,0,,0.0,0.0,2,4.2,1,0.0,29.56,29.56,一般地带
13,56,112.89875,23.05225,丹灶镇,0,,0.0,0.0,1,4.4,1,0.0,27.34,27.34,一般地带
56,60,113.09225,23.07025,大沥镇,0,,0.0,0.0,5,4.45,1,0.0,35.72,35.72,一般地带
42,69,113.02925,23.11075,狮山镇,0,,0.0,0.0,1,4.3,1,0.0,26.94,26.94,一般地带
73,59,113.16875,23.06575,桂城街道,0,,0.0,0.0,4,4.6,1,0.0,34.96,34.96,一般地带
67,80,113.14175,23.16025,里水镇,0,,0.0,0.0,1,4.5,1,0.0,27.74,27.74,一般地带
26,31,112.95725,22.93975,西樵镇,0,,0.0,0.0,26,4.5,1,0.0,47.13,47.13,一般地带
35,78,112.99775,23.15125,狮山镇,0,,0.0,0.0,1,4.5,1,0.0,27.74,27.74,一般地带
78,68,113.19125,23.10625,大沥镇,0,,0.0,0.0,4,4.35,2,0.0,36.64,36.64,一般地带
73,99,113.16875,23.24575,里水镇,0,,0.0,0.0,1,4.4,1,0.0,27.34,27.34,一般地带
61,107,113.11475,23.28175,里水镇,0,,0.0,0.0,2,4.5,1,0.0,30.76,30.76,一般地带
44,81,113.03825,23.16475,狮山镇,0,,0.0,0.0,1,4.1,1,0.0,26.14,26.14,一般地带
10,15,112.88525,22.86775,西樵镇,0,,0.0,0.0,1,4.7,1,0.0,28.54,28.54,一般地带
25,85,112.95275,23.18275,狮山镇,0,,0.0,0.0,1,4.5,1,0.0,27.74,27.74,一般地带
75,74,113.17775,23.13325,大沥镇,0,,0.0,0.0,2,4.35,2,0.0,32.84,32.84,一般地带
74,70,113.17325,23.11525,里水镇,0,,0.0,0.0,13,4.4,1,0.0,41.84,41.84,一般地带
80,56,113.20025,23.05225,桂城街道,0,,0.0,0.0,1,4.5,1,0.0,27.74,27.74,一般地带
83,49,113.21375,23.02075,桂城街道,0,,0.0,0.0,4,3.6,1,0.0,30.96,30.96,一般地带
69,53,113.15075,23.03875,桂城街道,0,,0.0,0.0,419,4.0,2,0.0,68.25,68.25,空心景点
30,34,112.97525,22.95325,西樵镇,0,,0.0,0.0,16,4.0,1,0.0,41.68,41.68,一般地带
72,70,113.16425,23.11525,里水镇,0,,0.0,0.0,6,3.9,1,0.0,34.67,34.67,一般地带
36,68,113.00225,23.10625,狮山镇,0,,0.0,0.0,4,4.1,1,0.0,32.96,32.96,一般地带
78,52,113.19125,23.03425,桂城街道,0,,0.0,0.0,2,3.6,1,0.0,27.16,27.16,一般地带
68,82,113.14625,23.16925,里水镇,0,,0.0,0.0,5,3.98,4,0.0,39.89,39.89,一般地带
80,53,113.20025,23.03875,桂城街道,0,,0.0,0.0,2,0.0,0,0.0,8.18,8.18,双低空白
68,70,113.14625,23.11525,里水镇,0,,0.0,0.0,5,4.2,2,0.0,37.4,37.4,一般地带
77,69,113.18675,23.11075,大沥镇,0,,0.0,0.0,25,4.3,1,0.0,46.05,46.05,一般地带
67,70,113.14175,23.11525,里水镇,0,,0.0,0.0,13,4.1,1,0.0,40.64,40.64,一般地带
35,71,112.99775,23.11975,狮山镇,0,,0.0,0.0,4,4.1,1,0.0,32.96,32.96,一般地带
78,69,113.19125,23.11075,大沥镇,0,,0.0,0.0,4,3.7,2,0.0,34.04,34.04,一般地带
8,12,112.87625,22.85425,西樵镇,0,,0.0,0.0,2,0.0,0,0.0,8.18,8.18,双低空白
48,61,113.05625,23.07475,狮山镇,0,,0.0,0.0,1,3.4,1,0.0,23.34,23.34,双低空白
21,55,112.93475,23.04775,丹灶镇,0,,0.0,0.0,7,3.77,3,0.0,39.72,39.72,一般地带
26,16,112.95725,22.87225,西樵镇,0,,0.0,0.0,5,3.95,2,0.0,36.4,36.4,一般地带
35,14,112.99775,22.86325,九江镇,0,,0.0,0.0,1,4.0,1,0.0,25.74,25.74,一般地带
31,31,112.97975,22.93975,西樵镇,0,,0.0,0.0,5,3.6,11,0.0,44.15,44.15,一般地带
66,109,113.13725,23.29075,里水镇,0,,0.0,0.0,3,3.53,3,0.0,33.6,33.6,一般地带
56,87,113.09225,23.19175,狮山镇,0,,0.0,0.0,2,3.4,1,0.0,26.36,26.36,一般地带
65,79,113.13275,23.15575,里水镇,0,,0.0,0.0,1,3.1,3,0.0,26.71,26.71,一般地带
67,95,113.14175,23.22775,里水镇,0,,0.0,0.0,2,3.3,1,0.0,25.96,25.96,一般地带
63,75,113.12375,23.13775,里水镇,0,,0.0,0.0,1,2.5,5,0.0,26.99,26.99,一般地带
61,74,113.11475,23.13325,大沥镇,0,,0.0,0.0,4,3.3,1,0.0,29.76,29.76,一般地带
66,104,113.13725,23.26825,里水镇,0,,0.0,0.0,2,3.5,1,0.0,26.76,26.76,一般地带
64,93,113.12825,23.21875,里水镇,0,,0.0,0.0,1,3.8,1,0.0,24.94,24.94,双低空白
61,78,113.11475,23.15125,大沥镇,0,,0.0,0.0,1,3.7,1,0.0,24.54,24.54,双低空白
63,96,113.12375,23.23225,里水镇,0,,0.0,0.0,1,4.0,1,0.0,25.74,25.74,一般地带
65,110,113.13275,23.29525,里水镇,0,,0.0,0.0,1,3.7,3,0.0,29.11,29.11,一般地带
46,23,113.04725,22.90375,丹灶镇,0,,0.0,0.0,2,3.4,2,0.0,29.04,29.04,一般地带
52,73,113.07425,23.12875,大沥镇,0,,0.0,0.0,9,3.45,4,0.0,41.58,41.58,一般地带
56,102,113.09225,23.25925,大沥镇,0,,0.0,0.0,1,3.5,1,0.0,23.74,23.74,双低空白
39,54,113.01575,23.04325,丹灶镇,0,,0.0,0.0,2,3.2,3,0.0,30.13,30.13,一般地带
72,81,113.16425,23.16475,里水镇,0,,0.0,0.0,1,3.8,1,0.0,24.94,24.94,双低空白
13,51,112.89875,23.02975,丹灶镇,0,,0.0,0.0,1,3.3,1,0.0,22.94,22.94,双低空白
14,58,112.90325,23.06125,狮山镇,0,,0.0,0.0,2,3.6,2,0.0,29.84,29.84,一般地带
14,72,112.90325,23.12425,狮山镇,0,,0.0,0.0,3,3.75,2,0.0,32.58,32.58,一般地带
32,37,112.98425,22.96675,丹灶镇,0,,0.0,0.0,2,3.7,1,0.0,27.56,27.56,一般地带
38,83,113.01125,23.17375,狮山镇,0,,0.0,0.0,1,3.8,1,0.0,24.94,24.94,双低空白
37,81,113.00675,23.16475,狮山镇,0,,0.0,0.0,1,3.5,1,0.0,23.74,23.74,双低空白
36,79,113.00225,23.15575,里水镇,0,,0.0,0.0,1,3.8,1,0.0,24.94,24.94,双低空白
32,58,112.98425,23.06125,狮山镇,0,,0.0,0.0,2,3.0,2,0.0,27.44,27.44,一般地带
36,85,113.00225,23.18275,狮山镇,0,,0.0,0.0,2,3.7,1,0.0,27.56,27.56,一般地带
26,63,112.95725,23.08375,丹灶镇,0,,0.0,0.0,5,3.7,1,0.0,32.72,32.72,一般地带
15,31,112.90775,22.93975,西樵镇,0,,0.0,0.0,1,2.7,1,0.0,20.54,20.54,双低空白
21,67,112.93475,23.10175,狮山镇,0,,0.0,0.0,1,3.1,1,0.0,22.14,22.14,双低空白
19,60,112.92575,23.07025,狮山镇,0,,0.0,0.0,1,3.7,1,0.0,24.54,24.54,双低空白
21,77,112.93475,23.14675,狮山镇,0,,0.0,0.0,1,4.0,1,0.0,25.74,25.74,一般地带
12,34,112.89425,22.95325,西樵镇,0,,0.0,0.0,1,3.7,1,0.0,24.54,24.54,双低空白
18,71,112.92125,23.11975,狮山镇,0,,0.0,0.0,7,3.6,1,0.0,34.47,34.47,一般地带
69,100,113.15075,23.25025,里水镇,0,,0.0,0.0,3,4.0,1,0.0,30.9,30.9,一般地带
39,53,113.01575,23.03875,丹灶镇,0,,0.0,0.0,1,3.1,1,0.0,22.14,22.14,双低空白
26,24,112.95725,22.90825,西樵镇,0,,0.0,0.0,1,3.6,1,0.0,24.14,24.14,双低空白
25,22,112.95275,22.89925,西樵镇,0,,0.0,0.0,1,3.5,1,0.0,23.74,23.74,双低空白
25,62,112.95275,23.07925,狮山镇,0,,0.0,0.0,1,3.6,1,0.0,24.14,24.14,双低空白
35,74,112.99775,23.13325,狮山镇,0,,0.0,0.0,2,3.7,1,0.0,27.56,27.56,一般地带
66,107,113.13725,23.28175,里水镇,0,,0.0,0.0,2,2.95,2,0.0,27.24,27.24,一般地带
26,90,112.95725,23.20525,狮山镇,0,,0.0,0.0,1,3.4,1,0.0,23.34,23.34,双低空白
20,43,112.93025,22.99375,丹灶镇,0,,0.0,0.0,1,2.8,2,0.0,23.61,23.61,双低空白
65,84,113.13275,23.17825,里水镇,0,,0.0,0.0,2,3.7,1,0.0,27.56,27.56,一般地带
73,103,113.16875,23.26375,里水镇,0,,0.0,0.0,2,3.6,1,0.0,27.16,27.16,一般地带
63,101,113.12375,23.25475,里水镇,0,,0.0,0.0,2,3.8,1,0.0,27.96,27.96,一般地带
27,24,112.96175,22.90825,西樵镇,0,,0.0,0.0,1,3.4,1,0.0,23.34,23.34,双低空白
28,51,112.96625,23.02975,丹灶镇,0,,0.0,0.0,1,3.5,1,0.0,23.74,23.74,双低空白
70,86,113.15525,23.18725,里水镇,0,,0.0,0.0,3,2.7,1,0.0,25.7,25.7,一般地带
27,10,112.96175,22.84525,西樵镇,0,,0.0,0.0,1,3.7,1,0.0,24.54,24.54,双低空白
36,12,113.00225,22.85425,九江镇,0,,0.0,0.0,2,3.7,1,0.0,27.56,27.56,一般地带
14,59,112.90325,23.06575,狮山镇,0,,0.0,0.0,1,3.0,1,0.0,21.74,21.74,双低空白
72,67,113.16425,23.10175,里水镇,0,,0.0,0.0,3,4.1,1,0.0,31.3,31.3,一般地带
64,111,113.12825,23.29975,里水镇,0,,0.0,0.0,1,3.8,1,0.0,24.94,24.94,双低空白
26,48,112.95725,23.01625,丹灶镇,0,,0.0,0.0,1,3.4,1,0.0,23.34,23.34,双低空白
38,91,113.01125,23.20975,狮山镇,0,,0.0,0.0,1,4.1,1,0.0,26.14,26.14,一般地带
27,85,112.96175,23.18275,狮山镇,0,,0.0,0.0,1,3.7,1,0.0,24.54,24.54,双低空白
12,27,112.89425,22.92175,西樵镇,0,,0.0,0.0,1,3.5,1,0.0,23.74,23.74,双低空白
31,52,112.97975,23.03425,丹灶镇,0,,0.0,0.0,1,2.7,1,0.0,20.54,20.54,双低空白
62,96,113.11925,23.23225,里水镇,0,,0.0,0.0,1,3.6,1,0.0,24.14,24.14,双低空白
28,50,112.96625,23.02525,丹灶镇,0,,0.0,0.0,1,3.3,1,0.0,22.94,22.94,双低空白
64,66,113.12825,23.09725,大沥镇,0,,0.0,0.0,3,4.1,1,0.0,31.3,31.3,一般地带
72,49,113.16425,23.02075,桂城街道,0,,0.0,0.0,8,4.1,1,0.0,37.34,37.34,一般地带
71,47,113.15975,23.01175,桂城街道,0,,0.0,0.0,5,4.3,1,0.0,35.12,35.12,一般地带
32,26,112.98425,22.91725,西樵镇,0,,0.0,0.0,2,3.9,11,0.0,40.18,40.18,一般地带
29,22,112.97075,22.89925,西樵镇,0,,0.0,0.0,1,4.0,1,0.0,25.74,25.74,一般地带
23,39,112.94375,22.97575,西樵镇,0,,0.0,0.0,4,4.0,1,0.0,32.56,32.56,一般地带
19,61,112.92575,23.07475,狮山镇,0,,0.0,0.0,1,4.0,1,0.0,25.74,25.74,一般地带
42,8,113.02925,22.83625,丹灶镇,0,,0.0,0.0,1,3.9,1,0.0,25.34,25.34,一般地带
29,59,112.97075,23.06575,狮山镇,0,,0.0,0.0,3,3.93,3,0.0,35.2,35.2,一般地带
69,75,113.15075,23.13775,里水镇,0,,0.0,0.0,12,4.0,1,0.0,39.68,39.68,一般地带
33,5,112.98875,22.82275,丹灶镇,0,,0.0,0.0,1,4.0,1,0.0,25.74,25.74,一般地带
15,34,112.90775,22.95325,西樵镇,0,,0.0,0.0,1,3.6,1,0.0,24.14,24.14,双低空白
47,3,113.05175,22.81375,桂城街道,0,,0.0,0.0,1,3.9,1,0.0,25.34,25.34,一般地带
29,32,112.97075,22.94425,西樵镇,0,,0.0,0.0,28,4.17,1,0.0,46.34,46.34,一般地带
20,60,112.93025,23.07025,丹灶镇,0,,0.0,0.0,1,3.9,1,0.0,25.34,25.34,一般地带
12,52,112.89425,23.03425,丹灶镇,0,,0.0,0.0,1,3.7,1,0.0,24.54,24.54,双低空白
68,61,113.14625,23.07475,大沥镇,0,,0.0,0.0,1,4.0,1,0.0,25.74,25.74,一般地带
63,57,113.12375,23.05675,桂城街道,0,,0.0,0.0,6,3.7,1,0.0,33.87,33.87,一般地带
38,5,113.01125,22.82275,丹灶镇,0,,0.0,0.0,1,3.7,1,0.0,24.54,24.54,双低空白
30,9,112.97525,22.84075,西樵镇,0,,0.0,0.0,3,3.8,1,0.0,30.1,30.1,一般地带
44,6,113.03825,22.82725,丹灶镇,0,,0.0,0.0,1,3.7,1,0.0,24.54,24.54,双低空白
51,87,113.06975,23.19175,大沥镇,0,,0.0,0.0,1,4.2,1,0.0,26.54,26.54,一般地带
56,93,113.09225,23.21875,大沥镇,0,,0.0,0.0,4,3.8,1,0.0,31.76,31.76,一般地带
34,30,112.99325,22.93525,西樵镇,0,,0.0,0.0,2,3.7,1,0.0,27.56,27.56,一般地带
17,26,112.91675,22.91725,西樵镇,0,,0.0,0.0,1,3.9,1,0.0,25.34,25.34,一般地带
30,83,112.97525,23.17375,狮山镇,0,,0.0,0.0,2,3.4,1,0.0,26.36,26.36,一般地带
24,28,112.94825,22.92625,西樵镇,0,,0.0,0.0,1,2.8,1,0.0,20.94,20.94,双低空白
90,51,113.24525,23.02975,桂城街道,0,,0.0,0.0,3,3.07,3,0.0,31.76,31.76,一般地带
40,4,113.02025,22.81825,九江镇,0,,0.0,0.0,1,2.4,1,0.0,19.34,19.34,双低空白
73,80,113.16875,23.16025,里水镇,0,,0.0,0.0,2,3.9,1,0.0,28.36,28.36,一般地带
70,69,113.15525,23.11075,里水镇,0,,0.0,0.0,13,3.7,1,0.0,39.04,39.04,一般地带
31,81,112.97975,23.16475,狮山镇,0,,0.0,0.0,3,3.8,1,0.0,30.1,30.1,一般地带
20,58,112.93025,23.06125,狮山镇,0,,0.0,0.0,1,3.5,1,0.0,23.74,23.74,双低空白
47,79,113.05175,23.15575,狮山镇,0,,0.0,0.0,1,3.7,1,0.0,24.54,24.54,双低空白
37,7,113.00675,22.83175,丹灶镇,0,,0.0,0.0,6,4.0,1,0.0,35.07,35.07,一般地带
83,66,113.21375,23.09725,里水镇,0,,0.0,0.0,1,0.0,0,0.0,5.16,5.16,双低空白
79,56,113.19575,23.05225,桂城街道,0,,0.0,0.0,2,0.0,0,0.0,8.18,8.18,双低空白
25,12,112.95275,22.85425,九江镇,0,,0.0,0.0,1,0.0,0,0.0,5.16,5.16,双低空白
63,61,113.12375,23.07475,大沥镇,0,,0.0,0.0,2,0.0,0,0.0,8.18,8.18,双低空白
28,37,112.96625,22.96675,西樵镇,0,,0.0,0.0,9,5.0,0,0.0,37.15,37.15,一般地带
38,68,113.01125,23.10625,狮山镇,0,,0.0,0.0,1,0.0,0,0.0,5.16,5.16,双低空白
73,56,113.16875,23.05225,桂城街道,0,,0.0,0.0,5,4.3,4,0.0,41.17,41.17,一般地带
72,86,113.16425,23.18725,里水镇,0,,0.0,0.0,1,4.5,1,0.0,27.74,27.74,一般地带
55,72,113.08775,23.12425,狮山镇,0,,0.0,0.0,2,0.0,0,0.0,8.18,8.18,双低空白
38,24,113.01125,22.90825,丹灶镇,0,,0.0,0.0,1,0.0,0,0.0,5.16,5.16,双低空白
35,75,112.99775,23.13775,狮山镇,0,,0.0,0.0,1,0.0,0,0.0,5.16,5.16,双低空白
80,70,113.20025,23.11525,里水镇,0,,0.0,0.0,6,0.0,0,0.0,14.5,14.5,双低空白
32,62,112.98425,23.07925,狮山镇,0,,0.0,0.0,2,0.0,0,0.0,8.18,8.18,双低空白
13,32,112.89875,22.94425,西樵镇,0,,0.0,0.0,1,0.0,0,0.0,5.16,5.16,双低空白
68,78,113.14625,23.15125,里水镇,0,,0.0,0.0,1,4.5,1,0.0,27.74,27.74,一般地带
60,81,113.11025,23.16475,大沥镇,0,,0.0,0.0,1,0.0,0,0.0,5.16,5.16,双低空白
56,73,113.09225,23.12875,大沥镇,0,,0.0,0.0,2,0.0,0,0.0,8.18,8.18,双低空白
68,63,113.14625,23.08375,里水镇,0,,0.0,0.0,5,0.0,0,0.0,13.35,13.35,双低空白
30,53,112.97525,23.03875,丹灶镇,0,,0.0,0.0,2,0.0,0,0.0,8.18,8.18,双低空白
38,71,113.01125,23.11975,狮山镇,0,,0.0,0.0,1,0.0,0,0.0,5.16,5.16,双低空白
47,56,113.05175,23.05225,狮山镇,0,,0.0,0.0,2,4.3,1,0.0,29.96,29.96,一般地带
64,62,113.12825,23.07925,桂城街道,0,,0.0,0.0,2,0.0,0,0.0,8.18,8.18,双低空白
79,55,113.19575,23.04775,桂城街道,0,,0.0,0.0,2,0.0,0,0.0,8.18,8.18,双低空白
66,58,113.13725,23.06125,桂城街道,0,,0.0,0.0,10,3.6,1,0.0,36.84,36.84,一般地带
43,53,113.03375,23.03875,丹灶镇,0,,0.0,0.0,2,0.0,0,0.0,8.18,8.18,双低空白
39,60,113.01575,23.07025,狮山镇,0,,0.0,0.0,5,0.0,0,0.0,13.35,13.35,双低空白
42,52,113.02925,23.03425,狮山镇,0,,0.0,0.0,1,0.0,0,0.0,5.16,5.16,双低空白
36,15,113.00225,22.86775,九江镇,0,,0.0,0.0,2,3.3,2,0.0,28.64,28.64,一般地带
81,48,113.20475,23.01625,桂城街道,0,,0.0,0.0,1,0.0,0,0.0,5.16,5.16,双低空白
64,65,113.12825,23.09275,里水镇,0,,0.0,0.0,3,3.8,0,0.0,25.53,25.53,一般地带
85,52,113.22275,23.03425,桂城街道,0,,0.0,0.0,6,0.0,0,0.0,14.5,14.5,双低空白
63,82,113.12375,23.16925,里水镇,0,,0.0,0.0,3,0.0,0,0.0,10.33,10.33,双低空白
80,69,113.20025,23.11075,里水镇,0,,0.0,0.0,2,0.0,0,0.0,8.18,8.18,双低空白
58,107,113.10125,23.28175,大沥镇,0,,0.0,0.0,1,0.0,0,0.0,5.16,5.16,双低空白
34,9,112.99325,22.84075,九江镇,0,,0.0,0.0,1,0.0,0,0.0,5.16,5.16,双低空白
78,54,113.19125,23.04325,桂城街道,0,,0.0,0.0,13,0.0,0,0.0,19.66,19.66,双低空白
23,37,112.94375,22.96675,西樵镇,0,,0.0,0.0,2,0.0,0,0.0,8.18,8.18,双低空白
24,47,112.94825,23.01175,丹灶镇,0,,0.0,0.0,1,0.0,0,0.0,5.16,5.16,双低空白
70,91,113.15525,23.20975,里水镇,0,,0.0,0.0,1,0.0,0,0.0,5.16,5.16,双低空白
41,68,113.02475,23.10625,狮山镇,0,,0.0,0.0,1,0.0,0,0.0,5.16,5.16,双低空白
25,37,112.95275,22.96675,西樵镇,0,,0.0,0.0,1,0.0,0,0.0,5.16,5.16,双低空白
73,63,113.16875,23.08375,大沥镇,0,,0.0,0.0,9,0.0,0,0.0,17.15,17.15,双低空白
43,26,113.03375,22.91725,九江镇,0,,0.0,0.0,2,4.2,1,0.0,29.56,29.56,一般地带
37,14,113.00675,22.86325,九江镇,0,,0.0,0.0,2,0.0,0,0.0,8.18,8.18,双低空白
20,36,112.93025,22.96225,丹灶镇,0,,0.0,0.0,1,0.0,0,0.0,5.16,5.16,双低空白
66,100,113.13725,23.25025,里水镇,0,,0.0,0.0,15,0.0,0,0.0,20.66,20.66,双低空白
57,88,113.09675,23.19625,大沥镇,0,,0.0,0.0,1,0.0,0,0.0,5.16,5.16,双低空白
71,71,113.15975,23.11975,里水镇,0,,0.0,0.0,2,3.4,1,0.0,26.36,26.36,一般地带
22,58,112.93925,23.06125,狮山镇,0,,0.0,0.0,9,0.0,0,0.0,17.15,17.15,双低空白
21,64,112.93475,23.08825,狮山镇,0,,0.0,0.0,2,0.0,0,0.0,8.18,8.18,双低空白
32,8,112.98425,22.83625,丹灶镇,0,,0.0,0.0,7,0.0,1,0.0,20.07,20.07,双低空白
26,36,112.95725,22.96225,丹灶镇,0,,0.0,0.0,2,0.0,0,0.0,8.18,8.18,双低空白
65,98,113.13275,23.24125,里水镇,0,,0.0,0.0,1,0.0,0,0.0,5.16,5.16,双低空白
61,70,113.11475,23.11525,大沥镇,0,,0.0,0.0,11,4.1,1,0.0,39.49,39.49,一般地带
27,50,112.96175,23.02525,丹灶镇,0,,0.0,0.0,1,0.0,0,0.0,5.16,5.16,双低空白
41,8,113.02475,22.83625,丹灶镇,0,,0.0,0.0,1,0.0,0,0.0,5.16,5.16,双低空白
55,63,113.08775,23.08375,大沥镇,0,,0.0,0.0,1,0.0,0,0.0,5.16,5.16,双低空白
40,10,113.02025,22.84525,丹灶镇,0,,0.0,0.0,1,0.0,0,0.0,5.16,5.16,双低空白
25,33,112.95275,22.94875,西樵镇,0,,0.0,0.0,2,0.0,0,0.0,8.18,8.18,双低空白
24,11,112.94825,22.84975,西樵镇,0,,0.0,0.0,2,0.0,0,0.0,8.18,8.18,双低空白
32,30,112.98425,22.93525,西樵镇,0,,0.0,0.0,11,4.6,1,0.0,41.49,41.49,一般地带
86,44,113.22725,22.99825,桂城街道,0,,0.0,0.0,2,3.8,1,0.0,27.96,27.96,一般地带
61,60,113.11475,23.07025,大沥镇,0,,0.0,0.0,2,3.4,1,0.0,26.36,26.36,一般地带
65,70,113.13275,23.11525,里水镇,0,,0.0,0.0,1,2.5,1,0.0,19.74,19.74,双低空白
89,51,113.24075,23.02975,桂城街道,0,,0.0,0.0,7,3.7,1,0.0,34.87,34.87,一般地带
50,60,113.06525,23.07025,大沥镇,0,,0.0,0.0,1,0.0,0,0.0,5.16,5.16,双低空白
46,53,113.04725,23.03875,丹灶镇,0,,0.0,0.0,1,0.0,0,0.0,5.16,5.16,双低空白
75,57,113.17775,23.05675,桂城街道,0,,0.0,0.0,5,3.4,1,0.0,31.52,31.52,一般地带
29,14,112.97075,22.86325,九江镇,0,,0.0,0.0,3,4.17,3,0.0,36.16,36.16,一般地带
18,65,112.92125,23.09275,狮山镇,0,,0.0,0.0,1,4.1,1,0.0,26.14,26.14,一般地带
59,59,113.10575,23.06575,大沥镇,0,,0.0,0.0,5,0.0,0,0.0,13.35,13.35,双低空白
43,20,113.03375,22.89025,丹灶镇,0,,0.0,0.0,5,3.3,1,0.0,31.12,31.12,一般地带
64,90,113.12825,23.20525,里水镇,0,,0.0,0.0,1,4.3,1,0.0,26.94,26.94,一般地带
69,72,113.15075,23.12425,里水镇,0,,0.0,0.0,6,3.7,1,0.0,33.87,33.87,一般地带
21,47,112.93475,23.01175,丹灶镇,0,,0.0,0.0,1,4.1,1,0.0,26.14,26.14,一般地带
23,60,112.94375,23.07025,狮山镇,0,,0.0,0.0,1,3.9,1,0.0,25.34,25.34,一般地带
73,65,113.16875,23.09275,大沥镇,0,,0.0,0.0,10,3.3,1,0.0,35.64,35.64,一般地带
71,61,113.15975,23.07475,桂城街道,0,,0.0,0.0,6,3.8,1,0.0,34.27,34.27,一般地带
27,32,112.96175,22.94425,西樵镇,0,,0.0,0.0,8,3.7,1,0.0,35.74,35.74,一般地带
31,48,112.97975,23.01625,丹灶镇,0,,0.0,0.0,1,3.3,1,0.0,22.94,22.94,双低空白
30,58,112.97525,23.06125,狮山镇,0,,0.0,0.0,2,3.5,2,0.0,29.44,29.44,一般地带
73,66,113.16875,23.09725,里水镇,0,,0.0,0.0,68,3.3,1,0.0,49.32,49.32,一般地带
25,56,112.95275,23.05225,丹灶镇,0,,0.0,0.0,1,4.0,1,0.0,25.74,25.74,一般地带
31,43,112.97975,22.99375,丹灶镇,0,,0.0,0.0,1,4.0,1,0.0,25.74,25.74,一般地带
74,83,113.17325,23.17375,里水镇,0,,0.0,0.0,1,3.9,1,0.0,25.34,25.34,一般地带
24,68,112.94825,23.10625,狮山镇,0,,0.0,0.0,1,3.5,1,0.0,23.74,23.74,双低空白
80,71,113.20025,23.11975,大沥镇,0,,0.0,0.0,2,3.8,1,0.0,27.96,27.96,一般地带
24,17,112.94825,22.87675,西樵镇,0,,0.0,0.0,1,3.9,1,0.0,25.34,25.34,一般地带
28,72,112.96625,23.12425,狮山镇,0,,0.0,0.0,1,4.1,1,0.0,26.14,26.14,一般地带
22,45,112.93925,23.00275,西樵镇,0,,0.0,0.0,1,3.8,1,0.0,24.94,24.94,双低空白
70,106,113.15525,23.27725,里水镇,0,,0.0,0.0,1,4.4,1,0.0,27.34,27.34,一般地带
17,55,112.91675,23.04775,丹灶镇,0,,0.0,0.0,4,4.15,2,0.0,35.84,35.84,一般地带
71,54,113.15975,23.04325,桂城街道,0,,0.0,0.0,17,4.4,1,0.0,43.71,43.71,一般地带
8,17,112.87625,22.87675,西樵镇,0,,0.0,0.0,1,4.4,1,0.0,27.34,27.34,一般地带
76,67,113.18225,23.10175,里水镇,0,,0.0,0.0,9,4.4,1,0.0,39.33,39.33,一般地带
74,57,113.17325,23.05675,桂城街道,0,,0.0,0.0,4,4.4,1,0.0,34.16,34.16,一般地带
78,51,113.19125,23.02975,桂城街道,0,,0.0,0.0,3,3.9,1,0.0,30.5,30.5,一般地带
71,55,113.15975,23.04775,桂城街道,0,,0.0,0.0,5,4.4,1,0.0,35.52,35.52,一般地带
77,68,113.18675,23.10625,大沥镇,0,,0.0,0.0,3,3.75,2,0.0,32.58,32.58,一般地带
56,74,113.09225,23.13325,大沥镇,0,,0.0,0.0,3,4.3,1,0.0,32.1,32.1,一般地带
33,33,112.98875,22.94875,西樵镇,0,,0.0,0.0,5,4.03,3,0.0,38.62,38.62,一般地带
70,53,113.15525,23.03875,桂城街道,0,,0.0,0.0,35,4.0,1,0.0,47.27,47.27,一般地带
81,75,113.20475,23.13775,里水镇,0,,0.0,0.0,6,3.8,1,0.0,34.27,34.27,一般地带
79,64,113.19575,23.08825,大沥镇,0,,0.0,0.0,3,3.9,1,0.0,30.5,30.5,一般地带
58,75,113.10125,23.13775,大沥镇,0,,0.0,0.0,6,3.9,1,0.0,34.67,34.67,一般地带
66,57,113.13725,23.05675,桂城街道,0,,0.0,0.0,8,3.9,1,0.0,36.54,36.54,一般地带
68,72,113.14625,23.12425,里水镇,0,,0.0,0.0,3,3.65,2,0.0,32.18,32.18,一般地带
71,79,113.15975,23.15575,里水镇,0,,0.0,0.0,3,4.2,1,0.0,31.7,31.7,一般地带
39,25,113.01575,22.91275,九江镇,0,,0.0,0.0,5,3.8,1,0.0,33.12,33.12,一般地带
16,53,112.91225,23.03875,丹灶镇,0,,0.0,0.0,2,3.9,2,0.0,31.04,31.04,一般地带
79,86,113.19575,23.18725,里水镇,0,,0.0,0.0,11,4.0,1,0.0,39.09,39.09,一般地带
38,9,113.01125,22.84075,九江镇,0,,0.0,0.0,2,3.7,1,0.0,27.56,27.56,一般地带
64,71,113.12825,23.11975,里水镇,0,,0.0,0.0,8,4.1,1,0.0,37.34,37.34,一般地带
63,71,113.12375,23.11975,里水镇,0,,0.0,0.0,5,4.1,1,0.0,34.32,34.32,一般地带
72,53,113.16425,23.03875,桂城街道,0,,0.0,0.0,40,3.9,1,0.0,47.84,47.84,一般地带
79,51,113.19575,23.02975,桂城街道,0,,0.0,0.0,3,3.35,2,0.0,30.98,30.98,一般地带
33,63,112.98875,23.08375,狮山镇,0,,0.0,0.0,1,3.9,1,0.0,25.34,25.34,一般地带
43,56,113.03375,23.05225,狮山镇,0,,0.0,0.0,16,4.1,1,0.0,42.08,42.08,一般地带
66,55,113.13725,23.04775,桂城街道,0,,0.0,0.0,14,4.1,1,0.0,41.15,41.15,一般地带
64,59,113.12825,23.06575,桂城街道,0,,0.0,0.0,8,4.15,1,0.0,37.54,37.54,一般地带
70,84,113.15525,23.17825,里水镇,0,,0.0,0.0,4,3.7,1,0.0,31.36,31.36,一般地带
71,69,113.15975,23.11075,里水镇,0,,0.0,0.0,10,3.4,1,0.0,36.04,36.04,一般地带
77,73,113.18675,23.12875,里水镇,0,,0.0,0.0,2,4.3,1,0.0,29.96,29.96,一般地带
33,7,112.98875,22.83175,九江镇,0,,0.0,0.0,4,4.1,1,0.0,32.96,32.96,一般地带
77,51,113.18675,23.02975,桂城街道,0,,0.0,0.0,4,3.8,3,0.0,36.34,36.34,一般地带
58,76,113.10125,23.14225,大沥镇,0,,0.0,0.0,2,4.0,1,0.0,28.76,28.76,一般地带
73,48,113.16875,23.01625,桂城街道,0,,0.0,0.0,5,3.6,1,0.0,32.32,32.32,一般地带
62,73,113.11925,23.12875,大沥镇,0,,0.0,0.0,4,4.2,1,0.0,33.36,33.36,一般地带
56,56,113.09225,23.05225,大沥镇,0,,0.0,0.0,1,4.4,1,0.0,27.34,27.34,一般地带
25,28,112.95275,22.92625,西樵镇,0,,0.0,0.0,1,4.3,1,0.0,26.94,26.94,一般地带
73,57,113.16875,23.05675,桂城街道,0,,0.0,0.0,1,4.1,1,0.0,26.14,26.14,一般地带
46,56,113.04725,23.05225,狮山镇,0,,0.0,0.0,19,4.1,9,0.0,53.91,53.91,空心景点
59,65,113.10575,23.09275,大沥镇,0,,0.0,0.0,3,4.1,2,0.0,33.98,33.98,一般地带
63,59,113.12375,23.06575,桂城街道,0,,0.0,0.0,3,3.3,1,0.0,28.1,28.1,一般地带
20,19,112.93025,22.88575,西樵镇,0,,0.0,0.0,1,4.0,1,0.0,25.74,25.74,一般地带
42,63,113.02925,23.08375,狮山镇,0,,0.0,0.0,2,3.6,1,0.0,27.16,27.16,一般地带
33,34,112.98875,22.95325,西樵镇,0,,0.0,0.0,4,3.85,2,0.0,34.64,34.64,一般地带
60,68,113.11025,23.10625,大沥镇,0,,0.0,0.0,10,2.6,1,0.0,32.84,32.84,一般地带
66,53,113.13725,23.03875,桂城街道,0,,0.0,0.0,4,4.05,2,0.0,35.44,35.44,一般地带
72,50,113.16425,23.02525,桂城街道,0,,0.0,0.0,83,4.2,1,0.0,54.38,54.38,空心景点
22,27,112.93925,22.92175,西樵镇,0,,0.0,0.0,1,4.3,1,0.0,26.94,26.94,一般地带
74,80,113.17325,23.16025,里水镇,0,,0.0,0.0,4,3.7,1,0.0,31.36,31.36,一般地带
79,65,113.19575,23.09275,里水镇,0,,0.0,0.0,12,3.8,1,0.0,38.88,38.88,一般地带
75,44,113.17775,22.99825,桂城街道,0,,0.0,0.0,1,4.2,2,0.0,29.21,29.21,一般地带
73,58,113.16875,23.06125,桂城街道,0,,0.0,0.0,5,4.0,0,0.0,29.35,29.35,一般地带
70,78,113.15525,23.15125,里水镇,0,,0.0,0.0,1,4.0,1,0.0,25.74,25.74,一般地带
52,92,113.07425,23.21425,大沥镇,0,,0.0,0.0,1,4.2,1,0.0,26.54,26.54,一般地带
72,60,113.16425,23.07025,桂城街道,0,,0.0,0.0,11,4.17,1,0.0,39.77,39.77,一般地带
59,68,113.10575,23.10625,大沥镇,0,,0.0,0.0,7,3.6,1,0.0,34.47,34.47,一般地带
72,76,113.16425,23.14225,里水镇,0,,0.0,0.0,2,3.7,2,0.0,30.24,30.24,一般地带
77,64,113.18675,23.08825,里水镇,0,,0.0,0.0,1,4.0,1,0.0,25.74,25.74,一般地带
25,30,112.95275,22.93525,西樵镇,0,,0.0,0.0,8,0.0,1,0.0,20.94,20.94,双低空白
63,100,113.12375,23.25025,里水镇,0,,0.0,0.0,1,3.8,2,0.0,27.61,27.61,一般地带
44,21,113.03825,22.89475,丹灶镇,0,,0.0,0.0,1,3.9,1,0.0,25.34,25.34,一般地带
42,64,113.02925,23.08825,狮山镇,0,,0.0,0.0,6,0.0,0,0.0,14.5,14.5,双低空白
36,30,113.00225,22.93525,西樵镇,0,,0.0,0.0,1,3.9,1,0.0,25.34,25.34,一般地带
32,19,112.98425,22.88575,西樵镇,0,,0.0,0.0,3,3.5,1,0.0,28.9,28.9,一般地带
70,77,113.15525,23.14675,里水镇,0,,0.0,0.0,3,3.7,1,0.0,29.7,29.7,一般地带
17,53,112.91675,23.03875,丹灶镇,0,,0.0,0.0,2,3.5,1,0.0,26.76,26.76,一般地带
65,56,113.13275,23.05225,桂城街道,0,,0.0,0.0,3,3.8,1,0.0,30.1,30.1,一般地带
74,79,113.17325,23.15575,里水镇,0,,0.0,0.0,3,2.4,1,0.0,24.5,24.5,双低空白
48,59,113.05625,23.06575,狮山镇,0,,0.0,0.0,8,2.8,1,0.0,32.14,32.14,一般地带
69,73,113.15075,23.12875,里水镇,0,,0.0,0.0,1,0.0,0,0.0,5.16,5.16,双低空白
61,92,113.11475,23.21425,里水镇,0,,0.0,0.0,5,4.2,1,0.0,34.72,34.72,一般地带
70,71,113.15525,23.11975,里水镇,0,,0.0,0.0,15,4.45,2,0.0,45.71,45.71,一般地带
15,72,112.90775,23.12425,狮山镇,0,,0.0,0.0,1,3.9,1,0.0,25.34,25.34,一般地带
17,25,112.91675,22.91275,西樵镇,0,,0.0,0.0,1,3.8,1,0.0,24.94,24.94,双低空白
71,50,113.15975,23.02525,桂城街道,0,,0.0,0.0,12,3.7,1,0.0,38.48,38.48,一般地带
56,89,113.09225,23.20075,狮山镇,0,,0.0,0.0,1,3.6,1,0.0,24.14,24.14,双低空白
31,84,112.97975,23.17825,狮山镇,0,,0.0,0.0,1,3.7,1,0.0,24.54,24.54,双低空白
28,45,112.96625,23.00275,丹灶镇,0,,0.0,0.0,1,3.2,1,0.0,22.54,22.54,双低空白
26,72,112.95725,23.12425,狮山镇,0,,0.0,0.0,4,3.4,1,0.0,30.16,30.16,一般地带
29,44,112.97075,22.99825,丹灶镇,0,,0.0,0.0,2,3.3,1,0.0,25.96,25.96,一般地带
29,31,112.97075,22.93975,西樵镇,0,,0.0,0.0,18,4.53,1,0.0,44.63,44.63,一般地带
57,69,113.09675,23.11075,大沥镇,0,,0.0,0.0,4,3.8,1,0.0,31.76,31.76,一般地带
45,58,113.04275,23.06125,狮山镇,0,,0.0,0.0,40,0.0,0,0.0,27.67,27.67,一般地带
58,84,113.10125,23.17825,大沥镇,0,,0.0,0.0,24,0.0,0,0.0,23.98,23.98,双低空白
65,55,113.13275,23.04775,桂城街道,0,,0.0,0.0,111,0.0,0,0.0,35.15,35.15,一般地带
78,67,113.19125,23.10175,里水镇,0,,0.0,0.0,5,0.0,0,0.0,13.35,13.35,双低空白
67,50,113.14175,23.02525,桂城街道,0,,0.0,0.0,16,0.0,0,0.0,21.11,21.11,双低空白
62,74,113.11925,23.13325,大沥镇,0,,0.0,0.0,4,0.0,0,0.0,11.99,11.99,双低空白
63,68,113.12375,23.10625,里水镇,0,,0.0,0.0,11,0.0,0,0.0,18.51,18.51,双低空白
40,6,113.02025,22.82725,丹灶镇,0,,0.0,0.0,1,0.0,0,0.0,5.16,5.16,双低空白
39,26,113.01575,22.91725,丹灶镇,0,,0.0,0.0,19,0.0,0,0.0,22.32,22.32,双低空白
53,95,113.07875,23.22775,狮山镇,0,,0.0,0.0,19,0.0,0,0.0,22.32,22.32,双低空白
17,54,112.91675,23.04325,丹灶镇,0,,0.0,0.0,40,0.0,0,0.0,27.67,27.67,一般地带
74,60,113.17325,23.07025,桂城街道,0,,0.0,0.0,5,0.0,0,0.0,13.35,13.35,双低空白
56,64,113.09225,23.08825,大沥镇,0,,0.0,0.0,7,0.0,0,0.0,15.49,15.49,双低空白
68,92,113.14625,23.21425,里水镇,0,,0.0,0.0,4,0.0,0,0.0,11.99,11.99,双低空白
55,59,113.08775,23.06575,大沥镇,0,,0.0,0.0,8,0.0,0,0.0,16.37,16.37,双低空白
66,52,113.13725,23.03425,桂城街道,0,,0.0,0.0,28,0.0,0,0.0,25.09,25.09,一般地带
40,23,113.02025,22.90375,丹灶镇,0,,0.0,0.0,1,0.0,0,0.0,5.16,5.16,双低空白
37,63,113.00675,23.08375,狮山镇,0,,0.0,0.0,6,0.0,0,0.0,14.5,14.5,双低空白
38,63,113.01125,23.08375,狮山镇,0,,0.0,0.0,19,0.0,0,0.0,22.32,22.32,双低空白
32,77,112.98425,23.14675,狮山镇,0,,0.0,0.0,1,0.0,0,0.0,5.16,5.16,双低空白
62,93,113.11925,23.21875,大沥镇,0,,0.0,0.0,7,0.0,0,0.0,15.49,15.49,双低空白
73,64,113.16875,23.08825,大沥镇,0,,0.0,0.0,20,0.0,0,0.0,22.68,22.68,双低空白
78,75,113.19125,23.13775,里水镇,0,,0.0,0.0,16,0.0,0,0.0,21.11,21.11,双低空白
72,79,113.16425,23.15575,里水镇,0,,0.0,0.0,3,0.0,0,0.0,10.33,10.33,双低空白
76,65,113.18225,23.09275,里水镇,0,,0.0,0.0,59,0.0,0,0.0,30.5,30.5,一般地带
70,68,113.15525,23.10625,里水镇,0,,0.0,0.0,4,0.0,0,0.0,11.99,11.99,双低空白
58,62,113.10125,23.07925,大沥镇,0,,0.0,0.0,14,0.0,0,0.0,20.18,20.18,双低空白
4,14,112.85825,22.86325,西樵镇,0,,0.0,0.0,1,0.0,0,0.0,5.16,5.16,双低空白
17,21,112.91675,22.89475,西樵镇,0,,0.0,0.0,1,0.0,0,0.0,5.16,5.16,双低空白
69,51,113.15075,23.02975,桂城街道,0,,0.0,0.0,27,0.0,0,0.0,24.82,24.82,双低空白
13,50,112.89875,23.02525,丹灶镇,0,,0.0,0.0,14,0.0,0,0.0,20.18,20.18,双低空白
63,58,113.12375,23.06125,桂城街道,0,,0.0,0.0,7,0.0,0,0.0,15.49,15.49,双低空白
7,13,112.87175,22.85875,西樵镇,0,,0.0,0.0,2,0.0,9,0.0,23.38,23.38,双低空白
29,15,112.97075,22.86775,九江镇,0,,0.0,0.0,1,0.0,4,0.0,15.79,15.79,双低空白
11,46,112.88975,23.00725,丹灶镇,0,,0.0,0.0,1,0.0,0,0.0,5.16,5.16,双低空白
29,84,112.97075,23.17825,狮山镇,0,,0.0,0.0,1,0.0,0,0.0,5.16,5.16,双低空白
59,63,113.10575,23.08375,大沥镇,0,,0.0,0.0,6,0.0,0,0.0,14.5,14.5,双低空白
19,39,112.92575,22.97575,丹灶镇,0,,0.0,0.0,5,0.0,0,0.0,13.35,13.35,双低空白
34,81,112.99325,23.16475,狮山镇,0,,0.0,0.0,1,0.0,0,0.0,5.16,5.16,双低空白
31,32,112.97975,22.94425,丹灶镇,0,,0.0,0.0,170,4.2,0,0.0,55.11,55.11,空心景点
31,33,112.97975,22.94875,西樵镇,0,,0.0,0.0,26,0.0,0,0.0,24.55,24.55,双低空白
80,50,113.20025,23.02525,桂城街道,0,,0.0,0.0,5,0.0,0,0.0,13.35,13.35,双低空白
81,53,113.20475,23.03875,桂城街道,0,,0.0,0.0,16,0.0,0,0.0,21.11,21.11,双低空白
81,52,113.20475,23.03425,桂城街道,0,,0.0,0.0,17,0.0,0,0.0,21.53,21.53,双低空白
27,63,112.96175,23.08375,丹灶镇,0,,0.0,0.0,41,0.0,5,0.0,39.67,39.67,一般地带
40,9,113.02025,22.84075,丹灶镇,0,,0.0,0.0,19,0.0,0,0.0,22.32,22.32,双低空白
58,83,113.10125,23.17375,狮山镇,0,,0.0,0.0,2,0.0,0,0.0,8.18,8.18,双低空白
61,71,113.11475,23.11975,大沥镇,0,,0.0,0.0,8,0.0,0,0.0,16.37,16.37,双低空白
58,72,113.10125,23.12425,大沥镇,0,,0.0,0.0,4,0.0,0,0.0,11.99,11.99,双低空白
30,81,112.97525,23.16475,狮山镇,0,,0.0,0.0,3,0.0,0,0.0,10.33,10.33,双低空白
59,62,113.10575,23.07925,大沥镇,0,,0.0,0.0,1,0.0,0,0.0,5.16,5.16,双低空白
17,37,112.91675,22.96675,西樵镇,0,,0.0,0.0,1,0.0,0,0.0,5.16,5.16,双低空白
43,5,113.03375,22.82275,丹灶镇,0,,0.0,0.0,1,0.0,0,0.0,5.16,5.16,双低空白
52,74,113.07425,23.13325,大沥镇,0,,0.0,0.0,4,0.0,0,0.0,11.99,11.99,双低空白
74,88,113.17325,23.19625,里水镇,0,,0.0,0.0,3,0.0,0,0.0,10.33,10.33,双低空白
66,83,113.13725,23.17375,里水镇,0,,0.0,0.0,12,0.0,0,0.0,19.11,19.11,双低空白
77,71,113.18675,23.11975,大沥镇,0,,0.0,0.0,17,0.0,0,0.0,21.53,21.53,双低空白
65,71,113.13275,23.11975,里水镇,0,,0.0,0.0,2,0.0,0,0.0,8.18,8.18,双低空白
80,73,113.20025,23.12875,里水镇,0,,0.0,0.0,2,0.0,0,0.0,8.18,8.18,双低空白
18,69,112.92125,23.11075,丹灶镇,0,,0.0,0.0,29,0.0,0,0.0,25.34,25.34,一般地带
64,56,113.12825,23.05225,桂城街道,0,,0.0,0.0,224,0.0,0,0.0,40.35,40.35,一般地带
65,54,113.13275,23.04325,桂城街道,0,,0.0,0.0,66,0.0,0,0.0,31.33,31.33,一般地带
59,60,113.10575,23.07025,大沥镇,0,,0.0,0.0,3,0.0,0,0.0,10.33,10.33,双低空白
64,63,113.12825,23.08375,里水镇,0,,0.0,0.0,2,0.0,0,0.0,8.18,8.18,双低空白
36,58,113.00225,23.06125,狮山镇,0,,0.0,0.0,1,0.0,0,0.0,5.16,5.16,双低空白
66,61,113.13725,23.07475,桂城街道,0,,0.0,0.0,11,0.0,0,0.0,18.51,18.51,双低空白
29,34,112.97075,22.95325,西樵镇,0,,0.0,0.0,6,0.0,0,0.0,14.5,14.5,双低空白
8,18,112.87625,22.88125,西樵镇,0,,0.0,0.0,1,0.0,0,0.0,5.16,5.16,双低空白
57,65,113.09675,23.09275,大沥镇,0,,0.0,0.0,1,0.0,0,0.0,5.16,5.16,双低空白
80,48,113.20025,23.01625,桂城街道,0,,0.0,0.0,5,0.0,0,0.0,13.35,13.35,双低空白
27,92,112.96175,23.21425,狮山镇,0,,0.0,0.0,1,0.0,0,0.0,5.16,5.16,双低空白
31,34,112.97975,22.95325,西樵镇,0,,0.0,0.0,82,0.0,0,0.0,32.92,32.92,一般地带
15,33,112.90775,22.94875,西樵镇,0,,0.0,0.0,5,0.0,0,0.0,13.35,13.35,双低空白
30,32,112.97525,22.94425,西樵镇,0,,0.0,0.0,8,0.0,0,0.0,16.37,16.37,双低空白
57,75,113.09675,23.13775,狮山镇,0,,0.0,0.0,7,0.0,0,0.0,15.49,15.49,双低空白
81,65,113.20475,23.09275,里水镇,0,,0.0,0.0,3,0.0,0,0.0,10.33,10.33,双低空白
62,59,113.11925,23.06575,大沥镇,0,,0.0,0.0,8,0.0,0,0.0,16.37,16.37,双低空白
49,58,113.06075,23.06125,大沥镇,0,,0.0,0.0,3,0.0,0,0.0,10.33,10.33,双低空白
23,35,112.94375,22.95775,西樵镇,0,,0.0,0.0,3,0.0,0,0.0,10.33,10.33,双低空白
40,2,113.02025,22.80925,九江镇,0,,0.0,0.0,1,0.0,0,0.0,5.16,5.16,双低空白
73,84,113.16875,23.17825,里水镇,0,,0.0,0.0,2,0.0,0,0.0,8.18,8.18,双低空白
76,72,113.18225,23.12425,里水镇,0,,0.0,0.0,12,0.0,0,0.0,19.11,19.11,双低空白
59,87,113.10575,23.19175,狮山镇,0,,0.0,0.0,24,0.0,0,0.0,23.98,23.98,双低空白
53,85,113.07875,23.18275,大沥镇,0,,0.0,0.0,2,0.0,0,0.0,8.18,8.18,双低空白
44,58,113.03825,23.06125,狮山镇,0,,0.0,0.0,87,0.0,0,0.0,33.36,33.36,一般地带
32,31,112.98425,22.93975,西樵镇,0,,0.0,0.0,8,4.5,1,0.0,38.94,38.94,一般地带
15,57,112.90775,23.05675,狮山镇,0,,0.0,0.0,47,0.0,0,0.0,28.84,28.84,一般地带
28,65,112.96625,23.09275,狮山镇,0,,0.0,0.0,2,0.0,0,0.0,8.18,8.18,双低空白
74,72,113.17325,23.12425,里水镇,0,,0.0,0.0,8,0.0,0,0.0,16.37,16.37,双低空白
73,47,113.16875,23.01175,桂城街道,0,,0.0,0.0,1,0.0,0,0.0,5.16,5.16,双低空白
29,61,112.97075,23.07475,狮山镇,0,,0.0,0.0,1,0.0,0,0.0,5.16,5.16,双低空白
40,67,113.02025,23.10175,狮山镇,0,,0.0,0.0,1,0.0,0,0.0,5.16,5.16,双低空白
26,71,112.95725,23.11975,狮山镇,0,,0.0,0.0,2,0.0,0,0.0,8.18,8.18,双低空白
47,57,113.05175,23.05675,狮山镇,0,,0.0,0.0,4,0.0,0,0.0,11.99,11.99,双低空白
51,57,113.06975,23.05675,狮山镇,0,,0.0,0.0,2,0.0,0,0.0,8.18,8.18,双低空白
69,54,113.15075,23.04325,桂城街道,0,,0.0,0.0,15,4.5,0,0.0,38.66,38.66,一般地带
27,55,112.96175,23.04775,丹灶镇,0,,0.0,0.0,1,0.0,0,0.0,5.16,5.16,双低空白
38,58,113.01125,23.06125,狮山镇,0,,0.0,0.0,3,0.0,0,0.0,10.33,10.33,双低空白
73,54,113.16875,23.04325,桂城街道,0,,0.0,0.0,4,0.0,0,0.0,11.99,11.99,双低空白
60,74,113.11025,23.13325,大沥镇,0,,0.0,0.0,3,0.0,0,0.0,10.33,10.33,双低空白
32,90,112.98425,23.20525,狮山镇,0,,0.0,0.0,8,0.0,0,0.0,16.37,16.37,双低空白
36,16,113.00225,22.87225,丹灶镇,0,,0.0,0.0,1,0.0,0,0.0,5.16,5.16,双低空白
76,74,113.18225,23.13325,里水镇,0,,0.0,0.0,29,0.0,0,0.0,25.34,25.34,一般地带
32,21,112.98425,22.89475,西樵镇,0,,0.0,0.0,1,0.0,0,0.0,5.16,5.16,双低空白
76,76,113.18225,23.14225,里水镇,0,,0.0,0.0,7,0.0,0,0.0,15.49,15.49,双低空白
57,60,113.09675,23.07025,大沥镇,0,,0.0,0.0,13,0.0,0,0.0,19.66,19.66,双低空白
26,76,112.95725,23.14225,狮山镇,0,,0.0,0.0,2,0.0,0,0.0,8.18,8.18,双低空白
59,71,113.10575,23.11975,大沥镇,0,,0.0,0.0,8,0.0,0,0.0,16.37,16.37,双低空白
73,67,113.16875,23.10175,大沥镇,0,,0.0,0.0,2,0.0,0,0.0,8.18,8.18,双低空白
44,7,113.03825,22.83175,丹灶镇,0,,0.0,0.0,4,0.0,0,0.0,11.99,11.99,双低空白
78,56,113.19125,23.05225,桂城街道,0,,0.0,0.0,2,0.0,0,0.0,8.18,8.18,双低空白
57,79,113.09675,23.15575,大沥镇,0,,0.0,0.0,4,0.0,0,0.0,11.99,11.99,双低空白
67,59,113.14175,23.06575,桂城街道,0,,0.0,0.0,19,0.0,0,0.0,22.32,22.32,双低空白
31,3,112.97975,22.81375,九江镇,0,,0.0,0.0,1,0.0,3,0.0,14.31,14.31,双低空白
74,64,113.17325,23.08825,里水镇,0,,0.0,0.0,12,0.0,0,0.0,19.11,19.11,双低空白
69,89,113.15075,23.20075,里水镇,0,,0.0,0.0,75,0.0,0,0.0,32.26,32.26,一般地带
36,73,113.00225,23.12875,狮山镇,0,,0.0,0.0,39,0.0,0,0.0,27.48,27.48,一般地带
79,50,113.19575,23.02525,桂城街道,0,,0.0,0.0,7,0.0,0,0.0,15.49,15.49,双低空白
38,64,113.01125,23.08825,狮山镇,0,,0.0,0.0,18,0.0,0,0.0,21.94,21.94,双低空白
67,97,113.14175,23.23675,里水镇,0,,0.0,0.0,2,0.0,0,0.0,8.18,8.18,双低空白
56,57,113.09225,23.05675,大沥镇,0,,0.0,0.0,8,0.0,0,0.0,16.37,16.37,双低空白
17,69,112.91675,23.11075,丹灶镇,0,,0.0,0.0,19,0.0,0,0.0,22.32,22.32,双低空白
64,57,113.12825,23.05675,桂城街道,0,,0.0,0.0,7,0.0,0,0.0,15.49,15.49,双低空白
66,60,113.13725,23.07025,桂城街道,0,,0.0,0.0,31,0.0,0,0.0,25.82,25.82,一般地带
79,74,113.19575,23.13325,里水镇,0,,0.0,0.0,4,0.0,0,0.0,11.99,11.99,双低空白
26,59,112.95725,23.06575,狮山镇,0,,0.0,0.0,13,0.0,0,0.0,19.66,19.66,双低空白
57,77,113.09675,23.14675,大沥镇,0,,0.0,0.0,32,0.0,0,0.0,26.05,26.05,一般地带
70,48,113.15525,23.01625,桂城街道,0,,0.0,0.0,19,0.0,0,0.0,22.32,22.32,双低空白
74,53,113.17325,23.03875,桂城街道,0,,0.0,0.0,20,0.0,0,0.0,22.68,22.68,双低空白
78,47,113.19125,23.01175,桂城街道,0,,0.0,0.0,1,0.0,0,0.0,5.16,5.16,双低空白
83,47,113.21375,23.01175,桂城街道,0,,0.0,0.0,2,0.0,0,0.0,8.18,8.18,双低空白
50,82,113.06525,23.16925,大沥镇,0,,0.0,0.0,5,0.0,0,0.0,13.35,13.35,双低空白
46,58,113.04725,23.06125,狮山镇,0,,0.0,0.0,82,0.0,0,0.0,32.92,32.92,一般地带
39,64,113.01575,23.08825,狮山镇,0,,0.0,0.0,9,0.0,0,0.0,17.15,17.15,双低空白
45,61,113.04275,23.07475,狮山镇,0,,0.0,0.0,22,0.0,0,0.0,23.36,23.36,双低空白
46,61,113.04725,23.07475,狮山镇,0,,0.0,0.0,33,0.0,0,0.0,26.27,26.27,一般地带
61,94,113.11475,23.22325,大沥镇,0,,0.0,0.0,1,0.0,0,0.0,5.16,5.16,双低空白
68,91,113.14625,23.20975,里水镇,0,,0.0,0.0,3,0.0,0,0.0,10.33,10.33,双低空白
16,39,112.91225,22.97575,丹灶镇,0,,0.0,0.0,2,0.0,0,0.0,8.18,8.18,双低空白
29,83,112.97075,23.17375,狮山镇,0,,0.0,0.0,1,0.0,0,0.0,5.16,5.16,双低空白
51,95,113.06975,23.22775,狮山镇,0,,0.0,0.0,63,0.0,0,0.0,30.98,30.98,一般地带
44,56,113.03825,23.05225,狮山镇,0,,0.0,0.0,24,0.0,0,0.0,23.98,23.98,双低空白
57,101,113.09675,23.25475,大沥镇,0,,0.0,0.0,3,0.0,0,0.0,10.33,10.33,双低空白
70,85,113.15525,23.18275,里水镇,0,,0.0,0.0,5,0.0,0,0.0,13.35,13.35,双低空白
41,6,113.02475,22.82725,丹灶镇,0,,0.0,0.0,2,0.0,0,0.0,8.18,8.18,双低空白
32,34,112.98425,22.95325,西樵镇,0,,0.0,0.0,8,0.0,0,0.0,16.37,16.37,双低空白
55,102,113.08775,23.25925,大沥镇,0,,0.0,0.0,4,0.0,0,0.0,11.99,11.99,双低空白
33,90,112.98875,23.20525,狮山镇,0,,0.0,0.0,1,0.0,0,0.0,5.16,5.16,双低空白
77,88,113.18675,23.19625,里水镇,0,,0.0,0.0,2,0.0,0,0.0,8.18,8.18,双低空白
32,84,112.98425,23.17825,狮山镇,0,,0.0,0.0,8,0.0,0,0.0,16.37,16.37,双低空白
36,74,113.00225,23.13325,狮山镇,0,,0.0,0.0,6,0.0,0,0.0,14.5,14.5,双低空白
33,8,112.98875,22.83625,丹灶镇,0,,0.0,0.0,6,0.0,0,0.0,14.5,14.5,双低空白
71,52,113.15975,23.03425,桂城街道,0,,0.0,0.0,35,0.0,0,0.0,26.7,26.7,一般地带
79,48,113.19575,23.01625,桂城街道,0,,0.0,0.0,1,0.0,0,0.0,5.16,5.16,双低空白
13,67,112.89875,23.10175,丹灶镇,0,,0.0,0.0,30,0.0,0,0.0,25.58,25.58,一般地带
66,74,113.13725,23.13325,里水镇,0,,0.0,0.0,7,0.0,0,0.0,15.49,15.49,双低空白
26,33,112.95725,22.94875,西樵镇,0,,0.0,0.0,3,0.0,0,0.0,10.33,10.33,双低空白
38,26,113.01125,22.91725,丹灶镇,0,,0.0,0.0,11,0.0,0,0.0,18.51,18.51,双低空白
56,76,113.09225,23.14225,大沥镇,0,,0.0,0.0,55,0.0,0,0.0,29.99,29.99,一般地带
69,47,113.15075,23.01175,桂城街道,0,,0.0,0.0,44,0.0,0,0.0,28.36,28.36,一般地带
21,65,112.93475,23.09275,丹灶镇,0,,0.0,0.0,4,0.0,0,0.0,11.99,11.99,双低空白
29,37,112.97075,22.96675,丹灶镇,0,,0.0,0.0,12,0.0,0,0.0,19.11,19.11,双低空白
71,67,113.15975,23.10175,里水镇,0,,0.0,0.0,37,0.0,0,0.0,27.1,27.1,一般地带
71,66,113.15975,23.09725,里水镇,0,,0.0,0.0,16,0.0,0,0.0,21.11,21.11,双低空白
71,56,113.15975,23.05225,桂城街道,0,,0.0,0.0,10,3.7,0,0.0,32.66,32.66,一般地带
58,100,113.10125,23.25025,大沥镇,0,,0.0,0.0,1,0.0,0,0.0,5.16,5.16,双低空白
64,101,113.12825,23.25475,里水镇,0,,0.0,0.0,3,0.0,0,0.0,10.33,10.33,双低空白
58,86,113.10125,23.18725,大沥镇,0,,0.0,0.0,24,0.0,11,0.0,40.38,40.38,一般地带
37,69,113.00675,23.11075,狮山镇,0,,0.0,0.0,1,0.0,0,0.0,5.16,5.16,双低空白
59,84,113.10575,23.17825,大沥镇,0,,0.0,0.0,10,0.0,0,0.0,17.86,17.86,双低空白
69,55,113.15075,23.04775,桂城街道,0,,0.0,0.0,12,0.0,0,0.0,19.11,19.11,双低空白
59,86,113.10575,23.18725,狮山镇,0,,0.0,0.0,5,0.0,0,0.0,13.35,13.35,双低空白
33,89,112.98875,23.20075,狮山镇,0,,0.0,0.0,5,0.0,0,0.0,13.35,13.35,双低空白
31,64,112.97975,23.08825,狮山镇,0,,0.0,0.0,6,0.0,0,0.0,14.5,14.5,双低空白
39,10,113.01575,22.84525,丹灶镇,0,,0.0,0.0,3,0.0,0,0.0,10.33,10.33,双低空白
27,76,112.96175,23.14225,狮山镇,0,,0.0,0.0,1,0.0,0,0.0,5.16,5.16,双低空白
38,78,113.01125,23.15125,狮山镇,0,,0.0,0.0,1,0.0,0,0.0,5.16,5.16,双低空白
79,67,113.19575,23.10175,里水镇,0,,0.0,0.0,3,0.0,0,0.0,10.33,10.33,双低空白
66,69,113.13725,23.11075,里水镇,0,,0.0,0.0,5,0.0,0,0.0,13.35,13.35,双低空白
79,68,113.19575,23.10625,大沥镇,0,,0.0,0.0,3,0.0,0,0.0,10.33,10.33,双低空白
82,54,113.20925,23.04325,桂城街道,0,,0.0,0.0,4,0.0,0,0.0,11.99,11.99,双低空白
58,71,113.10125,23.11975,大沥镇,0,,0.0,0.0,4,0.0,0,0.0,11.99,11.99,双低空白
55,58,113.08775,23.06125,大沥镇,0,,0.0,0.0,4,0.0,0,0.0,11.99,11.99,双低空白
73,70,113.16875,23.11525,里水镇,0,,0.0,0.0,20,0.0,3,0.0,31.83,31.83,一般地带
78,76,113.19125,23.14225,里水镇,0,,0.0,0.0,105,0.0,0,0.0,34.74,34.74,一般地带
67,84,113.14175,23.17825,里水镇,0,,0.0,0.0,12,0.0,0,0.0,19.11,19.11,双低空白
64,64,113.12825,23.08825,大沥镇,0,,0.0,0.0,3,0.0,0,0.0,10.33,10.33,双低空白
42,3,113.02925,22.81375,九江镇,0,,0.0,0.0,1,0.0,0,0.0,5.16,5.16,双低空白
88,44,113.23625,22.99825,桂城街道,0,,0.0,0.0,2,0.0,0,0.0,8.18,8.18,双低空白
31,83,112.97975,23.17375,狮山镇,0,,0.0,0.0,16,0.0,0,0.0,21.11,21.11,双低空白
61,63,113.11475,23.08375,大沥镇,0,,0.0,0.0,3,0.0,0,0.0,10.33,10.33,双低空白
54,72,113.08325,23.12425,大沥镇,0,,0.0,0.0,2,0.0,0,0.0,8.18,8.18,双低空白
33,75,112.98875,23.13775,狮山镇,0,,0.0,0.0,2,0.0,0,0.0,8.18,8.18,双低空白
60,62,113.11025,23.07925,大沥镇,0,,0.0,0.0,5,4.5,0,0.0,31.35,31.35,一般地带
52,93,113.07425,23.21875,大沥镇,0,,0.0,0.0,4,0.0,0,0.0,11.99,11.99,双低空白
70,75,113.15525,23.13775,里水镇,0,,0.0,0.0,1,0.0,0,0.0,5.16,5.16,双低空白
32,72,112.98425,23.12425,狮山镇,0,,0.0,0.0,3,0.0,0,0.0,10.33,10.33,双低空白
17,71,112.91675,23.11975,狮山镇,0,,0.0,0.0,7,0.0,0,0.0,15.49,15.49,双低空白
77,72,113.18675,23.12425,大沥镇,0,,0.0,0.0,5,0.0,0,0.0,13.35,13.35,双低空白
69,46,113.15075,23.00725,桂城街道,0,,0.0,0.0,6,0.0,0,0.0,14.5,14.5,双低空白
58,67,113.10125,23.10175,大沥镇,0,,0.0,0.0,4,5.0,0,0.0,31.99,31.99,一般地带
74,69,113.17325,23.11075,里水镇,0,,0.0,0.0,17,0.0,0,0.0,21.53,21.53,双低空白
28,25,112.96625,22.91275,西樵镇,0,,0.0,0.0,2,0.0,54,0.0,34.63,34.63,一般地带
80,54,113.20025,23.04325,桂城街道,0,,0.0,0.0,6,0.0,0,0.0,14.5,14.5,双低空白
68,47,113.14625,23.01175,桂城街道,0,,0.0,0.0,14,0.0,0,0.0,20.18,20.18,双低空白
78,86,113.19125,23.18725,里水镇,0,,0.0,0.0,130,0.0,0,0.0,36.32,36.32,一般地带
71,68,113.15975,23.10625,里水镇,0,,0.0,0.0,7,0.0,0,0.0,15.49,15.49,双低空白
23,59,112.94375,23.06575,狮山镇,0,,0.0,0.0,27,0.0,0,0.0,24.82,24.82,双低空白
31,44,112.97975,22.99825,丹灶镇,0,,0.0,0.0,1,0.0,0,0.0,5.16,5.16,双低空白
16,40,112.91225,22.98025,丹灶镇,0,,0.0,0.0,2,0.0,0,0.0,8.18,8.18,双低空白
36,24,113.00225,22.90825,丹灶镇,0,,0.0,0.0,5,0.0,0,0.0,13.35,13.35,双低空白
31,35,112.97975,22.95775,西樵镇,0,,0.0,0.0,13,0.0,0,0.0,19.66,19.66,双低空白
32,35,112.98425,22.95775,丹灶镇,0,,0.0,0.0,15,0.0,0,0.0,20.66,20.66,双低空白
65,97,113.13275,23.23675,里水镇,0,,0.0,0.0,2,0.0,0,0.0,8.18,8.18,双低空白
66,95,113.13725,23.22775,里水镇,0,,0.0,0.0,4,0.0,0,0.0,11.99,11.99,双低空白
15,49,112.90775,23.02075,丹灶镇,0,,0.0,0.0,3,0.0,0,0.0,10.33,10.33,双低空白
68,68,113.14625,23.10625,里水镇,0,,0.0,0.0,3,0.0,0,0.0,10.33,10.33,双低空白
40,25,113.02025,22.91275,丹灶镇,0,,0.0,0.0,16,0.0,0,0.0,21.11,21.11,双低空白
28,28,112.96625,22.92625,西樵镇,0,,0.0,0.0,8,0.0,0,0.0,16.37,16.37,双低空白
31,27,112.97975,22.92175,西樵镇,0,,0.0,0.0,9,0.0,0,0.0,17.15,17.15,双低空白
30,30,112.97525,22.93525,西樵镇,0,,0.0,0.0,14,3.83,0,0.0,35.5,35.5,一般地带
58,59,113.10125,23.06575,大沥镇,0,,0.0,0.0,2,5.0,0,0.0,28.18,28.18,一般地带
51,79,113.06975,23.15575,大沥镇,0,,0.0,0.0,1,0.0,0,0.0,5.16,5.16,双低空白
35,13,112.99775,22.85875,丹灶镇,0,,0.0,0.0,6,0.0,0,0.0,14.5,14.5,双低空白
72,58,113.16425,23.06125,桂城街道,0,,0.0,0.0,5,0.0,0,0.0,13.35,13.35,双低空白
22,28,112.93925,22.92625,西樵镇,0,,0.0,0.0,11,0.0,1,0.0,23.09,23.09,双低空白
29,25,112.97075,22.91275,西樵镇,0,,0.0,0.0,15,0.0,0,0.0,20.66,20.66,双低空白
27,44,112.96175,22.99825,丹灶镇,0,,0.0,0.0,1,0.0,0,0.0,5.16,5.16,双低空白
29,28,112.97075,22.92625,西樵镇,0,,0.0,0.0,7,0.0,6,0.0,28.33,28.33,一般地带
77,77,113.18675,23.14675,里水镇,0,,0.0,0.0,10,0.0,0,0.0,17.86,17.86,双低空白
28,27,112.96625,22.92175,西樵镇,0,,0.0,0.0,5,0.0,11,0.0,29.75,29.75,一般地带
28,59,112.96625,23.06575,狮山镇,0,,0.0,0.0,3,0.0,0,0.0,10.33,10.33,双低空白
87,51,113.23175,23.02975,桂城街道,0,,0.0,0.0,15,0.0,0,0.0,20.66,20.66,双低空白
54,80,113.08325,23.16025,大沥镇,0,,0.0,0.0,2,0.0,0,0.0,8.18,8.18,双低空白
12,58,112.89425,23.06125,丹灶镇,0,,0.0,0.0,1,0.0,0,0.0,5.16,5.16,双低空白
9,14,112.88075,22.86325,西樵镇,0,,0.0,0.0,1,0.0,0,0.0,5.16,5.16,双低空白
38,61,113.01125,23.07475,狮山镇,0,,0.0,0.0,2,0.0,0,0.0,8.18,8.18,双低空白
38,59,113.01125,23.06575,狮山镇,0,,0.0,0.0,4,0.0,0,0.0,11.99,11.99,双低空白
44,57,113.03825,23.05675,狮山镇,0,,0.0,0.0,5,0.0,0,0.0,13.35,13.35,双低空白
78,66,113.19125,23.09725,里水镇,0,,0.0,0.0,2,0.0,0,0.0,8.18,8.18,双低空白
39,59,113.01575,23.06575,狮山镇,0,,0.0,0.0,4,0.0,0,0.0,11.99,11.99,双低空白
27,61,112.96175,23.07475,丹灶镇,0,,0.0,0.0,2,0.0,1,0.0,12.76,12.76,双低空白
82,52,113.20925,23.03425,桂城街道,0,,0.0,0.0,3,0.0,0,0.0,10.33,10.33,双低空白
61,59,113.11475,23.06575,大沥镇,0,,0.0,0.0,2,0.0,0,0.0,8.18,8.18,双低空白
35,31,112.99775,22.93975,西樵镇,0,,0.0,0.0,3,0.0,0,0.0,10.33,10.33,双低空白
63,78,113.12375,23.15125,里水镇,0,,0.0,0.0,6,0.0,0,0.0,14.5,14.5,双低空白
26,75,112.95725,23.13775,狮山镇,0,,0.0,0.0,3,0.0,0,0.0,10.33,10.33,双低空白
32,32,112.98425,22.94425,西樵镇,0,,0.0,0.0,13,0.0,0,0.0,19.66,19.66,双低空白
12,35,112.89425,22.95775,西樵镇,0,,0.0,0.0,2,0.0,0,0.0,8.18,8.18,双低空白
67,69,113.14175,23.11075,里水镇,0,,0.0,0.0,28,0.0,0,0.0,25.09,25.09,一般地带
72,103,113.16425,23.26375,里水镇,0,,0.0,0.0,10,0.0,9,0.0,33.06,33.06,一般地带
76,50,113.18225,23.02525,桂城街道,0,,0.0,0.0,5,0.0,0,0.0,13.35,13.35,双低空白
82,49,113.20925,23.02075,桂城街道,0,,0.0,0.0,6,0.0,0,0.0,14.5,14.5,双低空白
76,77,113.18225,23.14675,里水镇,0,,0.0,0.0,2,0.0,0,0.0,8.18,8.18,双低空白
57,57,113.09675,23.05675,大沥镇,0,,0.0,0.0,5,0.0,0,0.0,13.35,13.35,双低空白
42,88,113.02925,23.19625,狮山镇,0,,0.0,0.0,9,0.0,0,0.0,17.15,17.15,双低空白
50,95,113.06525,23.22775,大沥镇,0,,0.0,0.0,9,0.0,0,0.0,17.15,17.15,双低空白
38,25,113.01125,22.91275,九江镇,0,,0.0,0.0,15,0.0,0,0.0,20.66,20.66,双低空白
57,61,113.09675,23.07475,大沥镇,0,,0.0,0.0,6,0.0,0,0.0,14.5,14.5,双低空白
55,57,113.08775,23.05675,大沥镇,0,,0.0,0.0,7,0.0,0,0.0,15.49,15.49,双低空白
65,68,113.13275,23.10625,里水镇,0,,0.0,0.0,11,0.0,0,0.0,18.51,18.51,双低空白
29,23,112.97075,22.90375,西樵镇,0,,0.0,0.0,4,0.0,0,0.0,11.99,11.99,双低空白
67,61,113.14175,23.07475,桂城街道,0,,0.0,0.0,7,0.0,0,0.0,15.49,15.49,双低空白
51,69,113.06975,23.11075,大沥镇,0,,0.0,0.0,2,0.0,0,0.0,8.18,8.18,双低空白
13,49,112.89875,23.02075,丹灶镇,0,,0.0,0.0,7,0.0,0,0.0,15.49,15.49,双低空白
16,50,112.91225,23.02525,丹灶镇,0,,0.0,0.0,1,0.0,0,0.0,5.16,5.16,双低空白
44,60,113.03825,23.07025,狮山镇,0,,0.0,0.0,3,0.0,0,0.0,10.33,10.33,双低空白
86,46,113.22725,23.00725,桂城街道,0,,0.0,0.0,4,0.0,0,0.0,11.99,11.99,双低空白
29,45,112.97075,23.00275,丹灶镇,0,,0.0,0.0,1,0.0,0,0.0,5.16,5.16,双低空白
59,64,113.10575,23.08825,大沥镇,0,,0.0,0.0,2,0.0,0,0.0,8.18,8.18,双低空白
17,33,112.91675,22.94875,西樵镇,0,,0.0,0.0,2,0.0,0,0.0,8.18,8.18,双低空白
72,64,113.16425,23.08825,里水镇,0,,0.0,0.0,3,0.0,0,0.0,10.33,10.33,双低空白
65,74,113.13275,23.13325,里水镇,0,,0.0,0.0,3,0.0,0,0.0,10.33,10.33,双低空白
13,44,112.89875,22.99825,丹灶镇,0,,0.0,0.0,2,0.0,0,0.0,8.18,8.18,双低空白
33,22,112.98875,22.89925,丹灶镇,0,,0.0,0.0,3,0.0,0,0.0,10.33,10.33,双低空白
40,77,113.02025,23.14675,狮山镇,0,,0.0,0.0,4,0.0,0,0.0,11.99,11.99,双低空白
51,92,113.06975,23.21425,大沥镇,0,,0.0,0.0,3,0.0,0,0.0,10.33,10.33,双低空白
63,65,113.12375,23.09275,大沥镇,0,,0.0,0.0,2,0.0,0,0.0,8.18,8.18,双低空白
69,71,113.15075,23.11975,大沥镇,0,,0.0,0.0,8,0.0,0,0.0,16.37,16.37,双低空白
37,24,113.00675,22.90825,九江镇,0,,0.0,0.0,2,0.0,0,0.0,8.18,8.18,双低空白
69,70,113.15075,23.11525,里水镇,0,,0.0,0.0,9,0.0,0,0.0,17.15,17.15,双低空白
76,79,113.18225,23.15575,里水镇,0,,0.0,0.0,1,0.0,1,0.0,9.74,9.74,双低空白
75,66,113.17775,23.09725,大沥镇,0,,0.0,0.0,2,0.0,0,0.0,8.18,8.18,双低空白
80,86,113.20025,23.18725,里水镇,0,,0.0,0.0,16,0.0,0,0.0,21.11,21.11,双低空白
58,87,113.10125,23.19175,大沥镇,0,,0.0,0.0,18,0.0,0,0.0,21.94,21.94,双低空白
26,73,112.95725,23.12875,狮山镇,0,,0.0,0.0,1,0.0,0,0.0,5.16,5.16,双低空白
39,66,113.01575,23.09725,狮山镇,0,,0.0,0.0,3,0.0,0,0.0,10.33,10.33,双低空白
13,45,112.89875,23.00275,丹灶镇,0,,0.0,0.0,2,0.0,0,0.0,8.18,8.18,双低空白
54,83,113.08325,23.17375,大沥镇,0,,0.0,0.0,1,0.0,0,0.0,5.16,5.16,双低空白
52,59,113.07425,23.06575,大沥镇,0,,0.0,0.0,6,0.0,0,0.0,14.5,14.5,双低空白
38,69,113.01125,23.11075,狮山镇,0,,0.0,0.0,2,0.0,0,0.0,8.18,8.18,双低空白
34,13,112.99325,22.85875,丹灶镇,0,,0.0,0.0,2,0.0,0,0.0,8.18,8.18,双低空白
80,68,113.20025,23.10625,大沥镇,0,,0.0,0.0,2,0.0,0,0.0,8.18,8.18,双低空白
25,84,112.95275,23.17825,狮山镇,0,,0.0,0.0,5,0.0,0,0.0,13.35,13.35,双低空白
75,67,113.17775,23.10175,里水镇,0,,0.0,0.0,7,0.0,0,0.0,15.49,15.49,双低空白
55,70,113.08775,23.11525,大沥镇,0,,0.0,0.0,6,0.0,0,0.0,14.5,14.5,双低空白
39,56,113.01575,23.05225,狮山镇,0,,0.0,0.0,1,0.0,0,0.0,5.16,5.16,双低空白
42,57,113.02925,23.05675,狮山镇,0,,0.0,0.0,2,0.0,0,0.0,8.18,8.18,双低空白
27,82,112.96175,23.16925,狮山镇,0,,0.0,0.0,2,0.0,0,0.0,8.18,8.18,双低空白
74,73,113.17325,23.12875,里水镇,0,,0.0,0.0,2,0.0,0,0.0,8.18,8.18,双低空白
54,78,113.08325,23.15125,大沥镇,0,,0.0,0.0,7,0.0,0,0.0,15.49,15.49,双低空白
42,4,113.02925,22.81825,九江镇,0,,0.0,0.0,2,0.0,0,0.0,8.18,8.18,双低空白
42,89,113.02925,23.20075,狮山镇,0,,0.0,0.0,2,0.0,0,0.0,8.18,8.18,双低空白
59,79,113.10575,23.15575,大沥镇,0,,0.0,0.0,6,0.0,0,0.0,14.5,14.5,双低空白
89,45,113.24075,23.00275,桂城街道,0,,0.0,0.0,2,0.0,0,0.0,8.18,8.18,双低空白
42,59,113.02925,23.06575,狮山镇,0,,0.0,0.0,3,0.0,0,0.0,10.33,10.33,双低空白
19,20,112.92575,22.89025,西樵镇,0,,0.0,0.0,2,0.0,0,0.0,8.18,8.18,双低空白
80,49,113.20025,23.02075,桂城街道,0,,0.0,0.0,1,0.0,0,0.0,5.16,5.16,双低空白
76,75,113.18225,23.13775,里水镇,0,,0.0,0.0,9,0.0,0,0.0,17.15,17.15,双低空白
70,72,113.15525,23.12425,里水镇,0,,0.0,0.0,8,3.7,0,0.0,31.17,31.17,一般地带
38,19,113.01125,22.88575,丹灶镇,0,,0.0,0.0,1,0.0,0,0.0,5.16,5.16,双低空白
39,55,113.01575,23.04775,丹灶镇,0,,0.0,0.0,1,0.0,0,0.0,5.16,5.16,双低空白
27,81,112.96175,23.16475,狮山镇,0,,0.0,0.0,1,0.0,0,0.0,5.16,5.16,双低空白
21,83,112.93475,23.17375,狮山镇,0,,0.0,0.0,4,0.0,0,0.0,11.99,11.99,双低空白
25,71,112.95275,23.11975,狮山镇,0,,0.0,0.0,1,0.0,0,0.0,5.16,5.16,双低空白
34,90,112.99325,23.20525,狮山镇,0,,0.0,0.0,1,0.0,0,0.0,5.16,5.16,双低空白
47,94,113.05175,23.22325,狮山镇,0,,0.0,0.0,1,0.0,0,0.0,5.16,5.16,双低空白
73,96,113.16875,23.23225,里水镇,0,,0.0,0.0,4,0.0,0,0.0,11.99,11.99,双低空白
62,80,113.11925,23.16025,里水镇,0,,0.0,0.0,1,0.0,0,0.0,5.16,5.16,双低空白
80,67,113.20025,23.10175,里水镇,0,,0.0,0.0,5,0.0,0,0.0,13.35,13.35,双低空白
22,29,112.93925,22.93075,西樵镇,0,,0.0,0.0,1,0.0,0,0.0,5.16,5.16,双低空白
78,64,113.19125,23.08825,里水镇,0,,0.0,0.0,2,0.0,0,0.0,8.18,8.18,双低空白
59,81,113.10575,23.16475,大沥镇,0,,0.0,0.0,2,0.0,0,0.0,8.18,8.18,双低空白
41,88,113.02475,23.19625,狮山镇,0,,0.0,0.0,2,0.0,0,0.0,8.18,8.18,双低空白
72,85,113.16425,23.18275,里水镇,0,,0.0,0.0,3,0.0,0,0.0,10.33,10.33,双低空白
40,3,113.02025,22.81375,九江镇,0,,0.0,0.0,6,0.0,0,0.0,14.5,14.5,双低空白
77,65,113.18675,23.09275,大沥镇,0,,0.0,0.0,7,0.0,0,0.0,15.49,15.49,双低空白
67,62,113.14175,23.07925,里水镇,0,,0.0,0.0,2,0.0,0,0.0,8.18,8.18,双低空白
51,73,113.06975,23.12875,大沥镇,0,,0.0,0.0,9,0.0,0,0.0,17.15,17.15,双低空白
62,79,113.11925,23.15575,里水镇,0,,0.0,0.0,1,0.0,0,0.0,5.16,5.16,双低空白
29,67,112.97075,23.10175,狮山镇,0,,0.0,0.0,1,0.0,0,0.0,5.16,5.16,双低空白
31,63,112.97975,23.08375,狮山镇,0,,0.0,0.0,2,0.0,0,0.0,8.18,8.18,双低空白
75,88,113.17775,23.19625,里水镇,0,,0.0,0.0,2,0.0,0,0.0,8.18,8.18,双低空白
58,66,113.10125,23.09725,大沥镇,0,,0.0,0.0,1,0.0,0,0.0,5.16,5.16,双低空白
63,79,113.12375,23.15575,里水镇,0,,0.0,0.0,15,0.0,0,0.0,20.66,20.66,双低空白
74,84,113.17325,23.17825,里水镇,0,,0.0,0.0,1,0.0,2,0.0,12.41,12.41,双低空白
67,88,113.14175,23.19625,里水镇,0,,0.0,0.0,2,0.0,0,0.0,8.18,8.18,双低空白
39,27,113.01575,22.92175,丹灶镇,0,,0.0,0.0,5,0.0,0,0.0,13.35,13.35,双低空白
68,46,113.14625,23.00725,桂城街道,0,,0.0,0.0,4,0.0,0,0.0,11.99,11.99,双低空白
61,82,113.11475,23.16925,狮山镇,0,,0.0,0.0,2,0.0,0,0.0,8.18,8.18,双低空白
64,79,113.12825,23.15575,里水镇,0,,0.0,0.0,5,0.0,0,0.0,13.35,13.35,双低空白
15,59,112.90775,23.06575,丹灶镇,0,,0.0,0.0,1,0.0,0,0.0,5.16,5.16,双低空白
76,55,113.18225,23.04775,桂城街道,0,,0.0,0.0,4,0.0,0,0.0,11.99,11.99,双低空白
66,62,113.13725,23.07925,里水镇,0,,0.0,0.0,5,0.0,0,0.0,13.35,13.35,双低空白
40,83,113.02025,23.17375,狮山镇,0,,0.0,0.0,2,0.0,0,0.0,8.18,8.18,双低空白
72,59,113.16425,23.06575,桂城街道,0,,0.0,0.0,5,0.0,0,0.0,13.35,13.35,双低空白
57,102,113.09675,23.25925,里水镇,0,,0.0,0.0,1,0.0,0,0.0,5.16,5.16,双低空白
31,56,112.97975,23.05225,狮山镇,0,,0.0,0.0,1,0.0,0,0.0,5.16,5.16,双低空白
69,87,113.15075,23.19175,里水镇,0,,0.0,0.0,4,0.0,0,0.0,11.99,11.99,双低空白
49,73,113.06075,23.12875,大沥镇,0,,0.0,0.0,1,0.0,0,0.0,5.16,5.16,双低空白
73,53,113.16875,23.03875,桂城街道,0,,0.0,0.0,12,5.0,0,0.0,39.11,39.11,一般地带
65,60,113.13275,23.07025,桂城街道,0,,0.0,0.0,1,0.0,0,0.0,5.16,5.16,双低空白
67,73,113.14175,23.12875,大沥镇,0,,0.0,0.0,3,0.0,0,0.0,10.33,10.33,双低空白
47,67,113.05175,23.10175,大沥镇,0,,0.0,0.0,2,0.0,0,0.0,8.18,8.18,双低空白
57,67,113.09675,23.10175,大沥镇,0,,0.0,0.0,1,0.0,0,0.0,5.16,5.16,双低空白
45,88,113.04275,23.19625,狮山镇,0,,0.0,0.0,1,0.0,0,0.0,5.16,5.16,双低空白
54,67,113.08325,23.10175,大沥镇,0,,0.0,0.0,1,0.0,0,0.0,5.16,5.16,双低空白
57,66,113.09675,23.09725,大沥镇,0,,0.0,0.0,2,0.0,0,0.0,8.18,8.18,双低空白
60,78,113.11025,23.15125,大沥镇,0,,0.0,0.0,1,0.0,2,0.0,12.41,12.41,双低空白
70,67,113.15525,23.10175,里水镇,0,,0.0,0.0,5,0.0,0,0.0,13.35,13.35,双低空白
24,63,112.94825,23.08375,丹灶镇,0,,0.0,0.0,2,0.0,0,0.0,8.18,8.18,双低空白
52,57,113.07425,23.05675,狮山镇,0,,0.0,0.0,2,0.0,0,0.0,8.18,8.18,双低空白
54,59,113.08325,23.06575,大沥镇,0,,0.0,0.0,8,0.0,0,0.0,16.37,16.37,双低空白
52,85,113.07425,23.18275,大沥镇,0,,0.0,0.0,3,0.0,0,0.0,10.33,10.33,双低空白
68,75,113.14625,23.13775,里水镇,0,,0.0,0.0,1,0.0,0,0.0,5.16,5.16,双低空白
64,69,113.12825,23.11075,里水镇,0,,0.0,0.0,3,0.0,0,0.0,10.33,10.33,双低空白
36,64,113.00225,23.08825,狮山镇,0,,0.0,0.0,1,0.0,0,0.0,5.16,5.16,双低空白
54,66,113.08325,23.09725,大沥镇,0,,0.0,0.0,1,0.0,0,0.0,5.16,5.16,双低空白
56,66,113.09225,23.09725,大沥镇,0,,0.0,0.0,3,0.0,0,0.0,10.33,10.33,双低空白
60,71,113.11025,23.11975,大沥镇,0,,0.0,0.0,2,0.0,0,0.0,8.18,8.18,双低空白
46,90,113.04725,23.20525,狮山镇,0,,0.0,0.0,1,0.0,0,0.0,5.16,5.16,双低空白
71,62,113.15975,23.07925,大沥镇,0,,0.0,0.0,4,0.0,0,0.0,11.99,11.99,双低空白
36,86,113.00225,23.18725,狮山镇,0,,0.0,0.0,10,0.0,0,0.0,17.86,17.86,双低空白
74,66,113.17325,23.09725,大沥镇,0,,0.0,0.0,7,0.0,0,0.0,15.49,15.49,双低空白
51,59,113.06975,23.06575,大沥镇,0,,0.0,0.0,2,0.0,0,0.0,8.18,8.18,双低空白
45,53,113.04275,23.03875,丹灶镇,0,,0.0,0.0,4,0.0,0,0.0,11.99,11.99,双低空白
67,74,113.14175,23.13325,里水镇,0,,0.0,0.0,1,0.0,0,0.0,5.16,5.16,双低空白
65,93,113.13275,23.21875,里水镇,0,,0.0,0.0,10,0.0,0,0.0,17.86,17.86,双低空白
25,36,112.95275,22.96225,丹灶镇,0,,0.0,0.0,9,0.0,0,0.0,17.15,17.15,双低空白
71,53,113.15975,23.03875,桂城街道,0,,0.0,0.0,5,0.0,0,0.0,13.35,13.35,双低空白
56,63,113.09225,23.08375,大沥镇,0,,0.0,0.0,4,0.0,0,0.0,11.99,11.99,双低空白
68,86,113.14625,23.18725,里水镇,0,,0.0,0.0,3,0.0,0,0.0,10.33,10.33,双低空白
67,66,113.14175,23.09725,里水镇,0,,0.0,0.0,1,0.0,0,0.0,5.16,5.16,双低空白
63,88,113.12375,23.19625,里水镇,0,,0.0,0.0,1,0.0,0,0.0,5.16,5.16,双低空白
54,90,113.08325,23.20525,狮山镇,0,,0.0,0.0,3,0.0,0,0.0,10.33,10.33,双低空白
63,63,113.12375,23.08375,大沥镇,0,,0.0,0.0,2,0.0,0,0.0,8.18,8.18,双低空白
85,44,113.22275,22.99825,桂城街道,0,,0.0,0.0,1,0.0,0,0.0,5.16,5.16,双低空白
32,20,112.98425,22.89025,丹灶镇,0,,0.0,0.0,7,0.0,0,0.0,15.49,15.49,双低空白
53,96,113.07875,23.23225,大沥镇,0,,0.0,0.0,9,0.0,0,0.0,17.15,17.15,双低空白
64,86,113.12825,23.18725,里水镇,0,,0.0,0.0,3,0.0,0,0.0,10.33,10.33,双低空白
45,59,113.04275,23.06575,狮山镇,0,,0.0,0.0,13,0.0,0,0.0,19.66,19.66,双低空白
91,44,113.24975,22.99825,桂城街道,0,,0.0,0.0,1,0.0,0,0.0,5.16,5.16,双低空白
69,92,113.15075,23.21425,里水镇,0,,0.0,0.0,2,0.0,0,0.0,8.18,8.18,双低空白
22,64,112.93925,23.08825,狮山镇,0,,0.0,0.0,6,0.0,0,0.0,14.5,14.5,双低空白
33,28,112.98875,22.92625,西樵镇,0,,0.0,0.0,1,0.0,0,0.0,5.16,5.16,双低空白
29,40,112.97075,22.98025,丹灶镇,0,,0.0,0.0,1,0.0,0,0.0,5.16,5.16,双低空白
68,85,113.14625,23.18275,里水镇,0,,0.0,0.0,25,0.0,0,0.0,24.27,24.27,双低空白
51,58,113.06975,23.06125,大沥镇,0,,0.0,0.0,3,0.0,0,0.0,10.33,10.33,双低空白
39,68,113.01575,23.10625,狮山镇,0,,0.0,0.0,3,0.0,0,0.0,10.33,10.33,双低空白
76,66,113.18225,23.09725,里水镇,0,,0.0,0.0,26,0.0,0,0.0,24.55,24.55,双低空白
39,61,113.01575,23.07475,狮山镇,0,,0.0,0.0,7,0.0,0,0.0,15.49,15.49,双低空白
63,66,113.12375,23.09725,里水镇,0,,0.0,0.0,5,0.0,0,0.0,13.35,13.35,双低空白
78,72,113.19125,23.12425,大沥镇,0,,0.0,0.0,4,0.0,0,0.0,11.99,11.99,双低空白
31,65,112.97975,23.09275,狮山镇,0,,0.0,0.0,44,0.0,0,0.0,28.36,28.36,一般地带
37,64,113.00675,23.08825,狮山镇,0,,0.0,0.0,10,0.0,0,0.0,17.86,17.86,双低空白
71,45,113.15975,23.00275,桂城街道,0,,0.0,0.0,3,0.0,0,0.0,10.33,10.33,双低空白
38,55,113.01125,23.04775,丹灶镇,0,,0.0,0.0,2,0.0,0,0.0,8.18,8.18,双低空白
78,73,113.19125,23.12875,里水镇,0,,0.0,0.0,5,0.0,0,0.0,13.35,13.35,双低空白
27,28,112.96175,22.92625,西樵镇,0,,0.0,0.0,1,0.0,0,0.0,5.16,5.16,双低空白
29,30,112.97075,22.93525,西樵镇,0,,0.0,0.0,17,0.0,0,0.0,21.53,21.53,双低空白
22,37,112.93925,22.96675,西樵镇,0,,0.0,0.0,1,0.0,0,0.0,5.16,5.16,双低空白
68,107,113.14625,23.28175,里水镇,0,,0.0,0.0,1,0.0,0,0.0,5.16,5.16,双低空白
46,73,113.04725,23.12875,狮山镇,0,,0.0,0.0,1,0.0,0,0.0,5.16,5.16,双低空白
57,58,113.09675,23.06125,大沥镇,0,,0.0,0.0,7,0.0,0,0.0,15.49,15.49,双低空白
57,87,113.09675,23.19175,狮山镇,0,,0.0,0.0,1,0.0,0,0.0,5.16,5.16,双低空白
42,56,113.02925,23.05225,狮山镇,0,,0.0,0.0,3,0.0,0,0.0,10.33,10.33,双低空白
70,51,113.15525,23.02975,桂城街道,0,,0.0,0.0,7,0.0,0,0.0,15.49,15.49,双低空白
39,62,113.01575,23.07925,狮山镇,0,,0.0,0.0,2,0.0,0,0.0,8.18,8.18,双低空白
72,57,113.16425,23.05675,桂城街道,0,,0.0,0.0,4,4.3,4,0.0,39.81,39.81,一般地带
22,52,112.93925,23.03425,丹灶镇,0,,0.0,0.0,2,0.0,0,0.0,8.18,8.18,双低空白
79,85,113.19575,23.18275,里水镇,0,,0.0,0.0,12,0.0,0,0.0,19.11,19.11,双低空白
63,102,113.12375,23.25925,里水镇,0,,0.0,0.0,7,0.0,0,0.0,15.49,15.49,双低空白
72,54,113.16425,23.04325,桂城街道,0,,0.0,0.0,8,0.0,0,0.0,16.37,16.37,双低空白
76,49,113.18225,23.02075,桂城街道,0,,0.0,0.0,1,0.0,0,0.0,5.16,5.16,双低空白
32,83,112.98425,23.17375,狮山镇,0,,0.0,0.0,17,0.0,0,0.0,21.53,21.53,双低空白
38,73,113.01125,23.12875,狮山镇,0,,0.0,0.0,4,0.0,0,0.0,11.99,11.99,双低空白
69,65,113.15075,23.09275,里水镇,0,,0.0,0.0,2,0.0,0,0.0,8.18,8.18,双低空白
29,53,112.97075,23.03875,丹灶镇,0,,0.0,0.0,3,0.0,0,0.0,10.33,10.33,双低空白
51,72,113.06975,23.12425,大沥镇,0,,0.0,0.0,4,0.0,0,0.0,11.99,11.99,双低空白
55,60,113.08775,23.07025,大沥镇,0,,0.0,0.0,3,0.0,0,0.0,10.33,10.33,双低空白
57,72,113.09675,23.12425,大沥镇,0,,0.0,0.0,2,0.0,0,0.0,8.18,8.18,双低空白
39,58,113.01575,23.06125,狮山镇,0,,0.0,0.0,1,0.0,0,0.0,5.16,5.16,双低空白
43,55,113.03375,23.04775,丹灶镇,0,,0.0,0.0,7,0.0,0,0.0,15.49,15.49,双低空白
61,61,113.11475,23.07475,大沥镇,0,,0.0,0.0,1,0.0,0,0.0,5.16,5.16,双低空白
45,79,113.04275,23.15575,狮山镇,0,,0.0,0.0,1,0.0,0,0.0,5.16,5.16,双低空白
58,98,113.10125,23.24125,里水镇,0,,0.0,0.0,1,0.0,0,0.0,5.16,5.16,双低空白
53,79,113.07875,23.15575,大沥镇,0,,0.0,0.0,4,0.0,0,0.0,11.99,11.99,双低空白
84,49,113.21825,23.02075,桂城街道,0,,0.0,0.0,1,0.0,0,0.0,5.16,5.16,双低空白
69,63,113.15075,23.08375,里水镇,0,,0.0,0.0,3,0.0,0,0.0,10.33,10.33,双低空白
47,61,113.05175,23.07475,狮山镇,0,,0.0,0.0,6,0.0,0,0.0,14.5,14.5,双低空白
69,86,113.15075,23.18725,里水镇,0,,0.0,0.0,1,0.0,0,0.0,5.16,5.16,双低空白
26,84,112.95725,23.17825,狮山镇,0,,0.0,0.0,3,0.0,0,0.0,10.33,10.33,双低空白
16,56,112.91225,23.05225,丹灶镇,0,,0.0,0.0,4,0.0,0,0.0,11.99,11.99,双低空白
66,84,113.13725,23.17825,里水镇,0,,0.0,0.0,5,0.0,0,0.0,13.35,13.35,双低空白
60,89,113.11025,23.20075,大沥镇,0,,0.0,0.0,1,0.0,0,0.0,5.16,5.16,双低空白
23,36,112.94375,22.96225,丹灶镇,0,,0.0,0.0,2,0.0,0,0.0,8.18,8.18,双低空白
74,65,113.17325,23.09275,大沥镇,0,,0.0,0.0,8,0.0,0,0.0,16.37,16.37,双低空白
67,82,113.14175,23.16925,里水镇,0,,0.0,0.0,1,0.0,0,0.0,5.16,5.16,双低空白
69,103,113.15075,23.26375,里水镇,0,,0.0,0.0,2,0.0,0,0.0,8.18,8.18,双低空白
76,51,113.18225,23.02975,桂城街道,0,,0.0,0.0,10,5.0,0,0.0,37.86,37.86,一般地带
76,54,113.18225,23.04325,桂城街道,0,,0.0,0.0,15,3.65,0,0.0,35.26,35.26,一般地带
36,7,113.00225,22.83175,九江镇,0,,0.0,0.0,3,0.0,0,0.0,10.33,10.33,双低空白
30,66,112.97525,23.09725,狮山镇,0,,0.0,0.0,2,0.0,0,0.0,8.18,8.18,双低空白
20,56,112.93025,23.05225,狮山镇,0,,0.0,0.0,12,0.0,10,0.0,34.93,34.93,一般地带
88,51,113.23625,23.02975,桂城街道,0,,0.0,0.0,7,0.0,0,0.0,15.49,15.49,双低空白
57,82,113.09675,23.16925,狮山镇,0,,0.0,0.0,2,0.0,0,0.0,8.18,8.18,双低空白
83,50,113.21375,23.02525,桂城街道,0,,0.0,0.0,6,0.0,0,0.0,14.5,14.5,双低空白
18,58,112.92125,23.06125,狮山镇,0,,0.0,0.0,2,0.0,0,0.0,8.18,8.18,双低空白
15,50,112.90775,23.02525,丹灶镇,0,,0.0,0.0,1,0.0,0,0.0,5.16,5.16,双低空白
61,93,113.11475,23.21875,里水镇,0,,0.0,0.0,1,0.0,0,0.0,5.16,5.16,双低空白
45,92,113.04275,23.21425,狮山镇,0,,0.0,0.0,1,0.0,0,0.0,5.16,5.16,双低空白
36,23,113.00225,22.90375,丹灶镇,0,,0.0,0.0,5,0.0,0,0.0,13.35,13.35,双低空白
88,46,113.23625,23.00725,桂城街道,0,,0.0,0.0,2,0.0,1,0.0,12.76,12.76,双低空白
30,40,112.97525,22.98025,西樵镇,0,,0.0,0.0,1,0.0,0,0.0,5.16,5.16,双低空白
49,67,113.06075,23.10175,狮山镇,0,,0.0,0.0,1,0.0,0,0.0,5.16,5.16,双低空白
70,88,113.15525,23.19625,里水镇,0,,0.0,0.0,10,0.0,0,0.0,17.86,17.86,双低空白
57,59,113.09675,23.06575,大沥镇,0,,0.0,0.0,1,0.0,0,0.0,5.16,5.16,双低空白
70,89,113.15525,23.20075,里水镇,0,,0.0,0.0,3,0.0,0,0.0,10.33,10.33,双低空白
42,79,113.02925,23.15575,狮山镇,0,,0.0,0.0,2,0.0,0,0.0,8.18,8.18,双低空白
75,52,113.17775,23.03425,桂城街道,0,,0.0,0.0,17,0.0,0,0.0,21.53,21.53,双低空白
87,49,113.23175,23.02075,桂城街道,0,,0.0,0.0,5,0.0,2,0.0,20.6,20.6,双低空白
88,49,113.23625,23.02075,桂城街道,0,,0.0,0.0,5,0.0,0,0.0,13.35,13.35,双低空白
72,66,113.16425,23.09725,大沥镇,0,,0.0,0.0,14,0.0,0,0.0,20.18,20.18,双低空白
70,74,113.15525,23.13325,大沥镇,0,,0.0,0.0,2,0.0,0,0.0,8.18,8.18,双低空白
29,43,112.97075,22.99375,丹灶镇,0,,0.0,0.0,2,0.0,0,0.0,8.18,8.18,双低空白
74,86,113.17325,23.18725,里水镇,0,,0.0,0.0,3,0.0,0,0.0,10.33,10.33,双低空白
26,57,112.95725,23.05675,丹灶镇,0,,0.0,0.0,3,0.0,0,0.0,10.33,10.33,双低空白
15,68,112.90775,23.10625,狮山镇,0,,0.0,0.0,7,0.0,0,0.0,15.49,15.49,双低空白
89,52,113.24075,23.03425,桂城街道,0,,0.0,0.0,4,0.0,0,0.0,11.99,11.99,双低空白
57,92,113.09675,23.21425,里水镇,0,,0.0,0.0,1,0.0,0,0.0,5.16,5.16,双低空白
25,86,112.95275,23.18725,狮山镇,0,,0.0,0.0,1,0.0,0,0.0,5.16,5.16,双低空白
23,58,112.94375,23.06125,丹灶镇,0,,0.0,0.0,19,0.0,0,0.0,22.32,22.32,双低空白
27,41,112.96175,22.98475,丹灶镇,0,,0.0,0.0,1,0.0,0,0.0,5.16,5.16,双低空白
27,93,112.96175,23.21875,狮山镇,0,,0.0,0.0,3,0.0,0,0.0,10.33,10.33,双低空白
43,24,113.03375,22.90825,丹灶镇,0,,0.0,0.0,4,0.0,0,0.0,11.99,11.99,双低空白
15,58,112.90775,23.06125,丹灶镇,0,,0.0,0.0,6,0.0,0,0.0,14.5,14.5,双低空白
28,34,112.96625,22.95325,西樵镇,0,,0.0,0.0,2,0.0,0,0.0,8.18,8.18,双低空白
31,18,112.97975,22.88125,丹灶镇,0,,0.0,0.0,1,0.0,0,0.0,5.16,5.16,双低空白
57,91,113.09675,23.20975,大沥镇,0,,0.0,0.0,6,0.0,0,0.0,14.5,14.5,双低空白
71,90,113.15975,23.20525,里水镇,0,,0.0,0.0,5,0.0,0,0.0,13.35,13.35,双低空白
22,35,112.93925,22.95775,西樵镇,0,,0.0,0.0,3,0.0,0,0.0,10.33,10.33,双低空白
43,21,113.03375,22.89475,丹灶镇,0,,0.0,0.0,2,0.0,0,0.0,8.18,8.18,双低空白
27,12,112.96175,22.85425,西樵镇,0,,0.0,0.0,2,0.0,0,0.0,8.18,8.18,双低空白
57,64,113.09675,23.08825,大沥镇,0,,0.0,0.0,2,0.0,0,0.0,8.18,8.18,双低空白
55,77,113.08775,23.14675,大沥镇,0,,0.0,0.0,1,0.0,0,0.0,5.16,5.16,双低空白
39,4,113.01575,22.81825,九江镇,0,,0.0,0.0,3,0.0,0,0.0,10.33,10.33,双低空白
66,101,113.13725,23.25475,里水镇,0,,0.0,0.0,2,0.0,0,0.0,8.18,8.18,双低空白
35,9,112.99775,22.84075,丹灶镇,0,,0.0,0.0,1,0.0,0,0.0,5.16,5.16,双低空白
89,50,113.24075,23.02525,桂城街道,0,,0.0,0.0,5,0.0,0,0.0,13.35,13.35,双低空白
81,50,113.20475,23.02525,桂城街道,0,,0.0,0.0,25,0.0,0,0.0,24.27,24.27,双低空白
7,17,112.87175,22.87675,西樵镇,0,,0.0,0.0,1,0.0,0,0.0,5.16,5.16,双低空白
9,54,112.88075,23.04325,丹灶镇,0,,0.0,0.0,4,0.0,0,0.0,11.99,11.99,双低空白
39,79,113.01575,23.15575,狮山镇,0,,0.0,0.0,1,0.0,0,0.0,5.16,5.16,双低空白
70,79,113.15525,23.15575,里水镇,0,,0.0,0.0,8,0.0,0,0.0,16.37,16.37,双低空白
25,59,112.95275,23.06575,丹灶镇,0,,0.0,0.0,3,0.0,0,0.0,10.33,10.33,双低空白
60,93,113.11025,23.21875,大沥镇,0,,0.0,0.0,1,0.0,0,0.0,5.16,5.16,双低空白
8,60,112.87625,23.07025,丹灶镇,0,,0.0,0.0,1,0.0,0,0.0,5.16,5.16,双低空白
15,53,112.90775,23.03875,丹灶镇,0,,0.0,0.0,2,0.0,0,0.0,8.18,8.18,双低空白
34,22,112.99325,22.89925,丹灶镇,0,,0.0,0.0,3,0.0,0,0.0,10.33,10.33,双低空白
24,16,112.94825,22.87225,西樵镇,0,,0.0,0.0,1,0.0,0,0.0,5.16,5.16,双低空白
69,67,113.15075,23.10175,大沥镇,0,,0.0,0.0,1,0.0,0,0.0,5.16,5.16,双低空白
7,12,112.87175,22.85425,西樵镇,0,,0.0,0.0,14,0.0,0,0.0,20.18,20.18,双低空白
6,12,112.86725,22.85425,西樵镇,0,,0.0,0.0,7,0.0,0,0.0,15.49,15.49,双低空白
43,58,113.03375,23.06125,狮山镇,0,,0.0,0.0,9,0.0,0,0.0,17.15,17.15,双低空白
62,101,113.11925,23.25475,里水镇,0,,0.0,0.0,3,0.0,0,0.0,10.33,10.33,双低空白
22,69,112.93925,23.11075,狮山镇,0,,0.0,0.0,3,0.0,0,0.0,10.33,10.33,双低空白
55,84,113.08775,23.17825,大沥镇,0,,0.0,0.0,2,0.0,0,0.0,8.18,8.18,双低空白
10,56,112.88525,23.05225,丹灶镇,0,,0.0,0.0,1,0.0,0,0.0,5.16,5.16,双低空白
10,49,112.88525,23.02075,丹灶镇,0,,0.0,0.0,1,0.0,0,0.0,5.16,5.16,双低空白
56,68,113.09225,23.10625,大沥镇,0,,0.0,0.0,4,0.0,0,0.0,11.99,11.99,双低空白
6,11,112.86725,22.84975,西樵镇,0,,0.0,0.0,7,0.0,0,0.0,15.49,15.49,双低空白
31,37,112.97975,22.96675,西樵镇,0,,0.0,0.0,1,0.0,0,0.0,5.16,5.16,双低空白
64,92,113.12825,23.21425,里水镇,0,,0.0,0.0,2,0.0,0,0.0,8.18,8.18,双低空白
57,100,113.09675,23.25025,大沥镇,0,,0.0,0.0,1,0.0,0,0.0,5.16,5.16,双低空白
85,46,113.22275,23.00725,桂城街道,0,,0.0,0.0,3,0.0,0,0.0,10.33,10.33,双低空白
54,97,113.08325,23.23675,大沥镇,0,,0.0,0.0,2,0.0,0,0.0,8.18,8.18,双低空白
70,80,113.15525,23.16025,里水镇,0,,0.0,0.0,4,0.0,0,0.0,11.99,11.99,双低空白
48,60,113.05625,23.07025,狮山镇,0,,0.0,0.0,1,0.0,0,0.0,5.16,5.16,双低空白
41,24,113.02475,22.90825,丹灶镇,0,,0.0,0.0,5,0.0,0,0.0,13.35,13.35,双低空白
13,27,112.89875,22.92175,西樵镇,0,,0.0,0.0,1,0.0,0,0.0,5.16,5.16,双低空白
29,58,112.97075,23.06125,狮山镇,0,,0.0,0.0,4,0.0,0,0.0,11.99,11.99,双低空白
66,97,113.13725,23.23675,里水镇,0,,0.0,0.0,3,0.0,0,0.0,10.33,10.33,双低空白
20,55,112.93025,23.04775,丹灶镇,0,,0.0,0.0,14,0.0,0,0.0,20.18,20.18,双低空白
79,89,113.19575,23.20075,里水镇,0,,0.0,0.0,8,0.0,0,0.0,16.37,16.37,双低空白
34,71,112.99325,23.11975,狮山镇,0,,0.0,0.0,6,0.0,0,0.0,14.5,14.5,双低空白
38,74,113.01125,23.13325,狮山镇,0,,0.0,0.0,2,0.0,0,0.0,8.18,8.18,双低空白
33,87,112.98875,23.19175,狮山镇,0,,0.0,0.0,7,0.0,0,0.0,15.49,15.49,双低空白
25,24,112.95275,22.90825,西樵镇,0,,0.0,0.0,7,0.0,0,0.0,15.49,15.49,双低空白
79,88,113.19575,23.19625,里水镇,0,,0.0,0.0,3,0.0,0,0.0,10.33,10.33,双低空白
51,91,113.06975,23.20975,大沥镇,0,,0.0,0.0,1,0.0,0,0.0,5.16,5.16,双低空白
27,52,112.96175,23.03425,丹灶镇,0,,0.0,0.0,3,0.0,0,0.0,10.33,10.33,双低空白
56,83,113.09225,23.17375,大沥镇,0,,0.0,0.0,2,0.0,0,0.0,8.18,8.18,双低空白
53,86,113.07875,23.18725,大沥镇,0,,0.0,0.0,1,0.0,0,0.0,5.16,5.16,双低空白
59,73,113.10575,23.12875,大沥镇,0,,0.0,0.0,3,0.0,0,0.0,10.33,10.33,双低空白
20,20,112.93025,22.89025,西樵镇,0,,0.0,0.0,1,0.0,0,0.0,5.16,5.16,双低空白
26,60,112.95725,23.07025,狮山镇,0,,0.0,0.0,2,0.0,0,0.0,8.18,8.18,双低空白
19,43,112.92575,22.99375,丹灶镇,0,,0.0,0.0,3,0.0,0,0.0,10.33,10.33,双低空白
11,47,112.88975,23.01175,丹灶镇,0,,0.0,0.0,2,0.0,0,0.0,8.18,8.18,双低空白
26,11,112.95725,22.84975,西樵镇,0,,0.0,0.0,1,0.0,0,0.0,5.16,5.16,双低空白
60,92,113.11025,23.21425,大沥镇,0,,0.0,0.0,2,0.0,0,0.0,8.18,8.18,双低空白
43,27,113.03375,22.92175,九江镇,0,,0.0,0.0,2,0.0,0,0.0,8.18,8.18,双低空白
33,9,112.98875,22.84075,九江镇,0,,0.0,0.0,4,0.0,0,0.0,11.99,11.99,双低空白
74,82,113.17325,23.16925,里水镇,0,,0.0,0.0,1,0.0,0,0.0,5.16,5.16,双低空白
66,88,113.13725,23.19625,里水镇,0,,0.0,0.0,2,0.0,0,0.0,8.18,8.18,双低空白
63,93,113.12375,23.21875,里水镇,0,,0.0,0.0,1,0.0,0,0.0,5.16,5.16,双低空白
69,106,113.15075,23.27725,里水镇,0,,0.0,0.0,6,0.0,0,0.0,14.5,14.5,双低空白
69,44,113.15075,22.99825,桂城街道,0,,0.0,0.0,1,0.0,0,0.0,5.16,5.16,双低空白
66,79,113.13725,23.15575,里水镇,0,,0.0,0.0,3,0.0,0,0.0,10.33,10.33,双低空白
42,55,113.02925,23.04775,狮山镇,0,,0.0,0.0,1,0.0,0,0.0,5.16,5.16,双低空白
62,72,113.11925,23.12425,大沥镇,0,,0.0,0.0,4,0.0,0,0.0,11.99,11.99,双低空白
17,32,112.91675,22.94425,西樵镇,0,,0.0,0.0,1,0.0,0,0.0,5.16,5.16,双低空白
26,25,112.95725,22.91275,西樵镇,0,,0.0,0.0,1,0.0,0,0.0,5.16,5.16,双低空白
91,48,113.24975,23.01625,桂城街道,0,,0.0,0.0,1,0.0,0,0.0,5.16,5.16,双低空白
50,93,113.06525,23.21875,大沥镇,0,,0.0,0.0,2,0.0,0,0.0,8.18,8.18,双低空白
60,79,113.11025,23.15575,狮山镇,0,,0.0,0.0,2,0.0,0,0.0,8.18,8.18,双低空白
14,30,112.90325,22.93525,西樵镇,0,,0.0,0.0,1,0.0,0,0.0,5.16,5.16,双低空白
54,79,113.08325,23.15575,大沥镇,0,,0.0,0.0,7,0.0,0,0.0,15.49,15.49,双低空白
16,54,112.91225,23.04325,丹灶镇,0,,0.0,0.0,10,0.0,0,0.0,17.86,17.86,双低空白
47,99,113.05175,23.24575,狮山镇,0,,0.0,0.0,2,0.0,0,0.0,8.18,8.18,双低空白
61,99,113.11475,23.24575,大沥镇,0,,0.0,0.0,1,0.0,0,0.0,5.16,5.16,双低空白
72,92,113.16425,23.21425,里水镇,0,,0.0,0.0,1,0.0,0,0.0,5.16,5.16,双低空白
72,97,113.16425,23.23675,里水镇,0,,0.0,0.0,2,0.0,0,0.0,8.18,8.18,双低空白
87,47,113.23175,23.01175,桂城街道,0,,0.0,0.0,2,0.0,0,0.0,8.18,8.18,双低空白
44,67,113.03825,23.10175,狮山镇,0,,0.0,0.0,1,0.0,0,0.0,5.16,5.16,双低空白
23,29,112.94375,22.93075,西樵镇,0,,0.0,0.0,4,0.0,0,0.0,11.99,11.99,双低空白
78,55,113.19125,23.04775,桂城街道,0,,0.0,0.0,1,0.0,0,0.0,5.16,5.16,双低空白
53,75,113.07875,23.13775,大沥镇,0,,0.0,0.0,4,0.0,0,0.0,11.99,11.99,双低空白
64,85,113.12825,23.18275,丹灶镇,0,,0.0,0.0,2,0.0,0,0.0,8.18,8.18,双低空白
28,33,112.96625,22.94875,西樵镇,0,,0.0,0.0,3,0.0,0,0.0,10.33,10.33,双低空白
60,76,113.11025,23.14225,狮山镇,0,,0.0,0.0,1,0.0,0,0.0,5.16,5.16,双低空白
65,101,113.13275,23.25475,里水镇,0,,0.0,0.0,3,0.0,0,0.0,10.33,10.33,双低空白
67,99,113.14175,23.24575,里水镇,0,,0.0,0.0,1,0.0,0,0.0,5.16,5.16,双低空白
30,36,112.97525,22.96225,丹灶镇,0,,0.0,0.0,3,0.0,0,0.0,10.33,10.33,双低空白
65,59,113.13275,23.06575,桂城街道,0,,0.0,0.0,19,0.0,0,0.0,22.32,22.32,双低空白
55,82,113.08775,23.16925,大沥镇,0,,0.0,0.0,3,0.0,0,0.0,10.33,10.33,双低空白
85,50,113.22275,23.02525,桂城街道,0,,0.0,0.0,2,0.0,0,0.0,8.18,8.18,双低空白
53,63,113.07875,23.08375,大沥镇,0,,0.0,0.0,3,0.0,0,0.0,10.33,10.33,双低空白
63,87,113.12375,23.19175,里水镇,0,,0.0,0.0,3,0.0,0,0.0,10.33,10.33,双低空白
63,89,113.12375,23.20075,里水镇,0,,0.0,0.0,5,0.0,0,0.0,13.35,13.35,双低空白
61,85,113.11475,23.18275,大沥镇,0,,0.0,0.0,5,3.3,0,0.0,26.55,26.55,一般地带
5,11,112.86275,22.84975,西樵镇,0,,0.0,0.0,2,0.0,0,0.0,8.18,8.18,双低空白
68,81,113.14625,23.16475,里水镇,0,,0.0,0.0,1,0.0,0,0.0,5.16,5.16,双低空白
41,87,113.02475,23.19175,狮山镇,0,,0.0,0.0,3,0.0,0,0.0,10.33,10.33,双低空白
55,97,113.08775,23.23675,大沥镇,0,,0.0,0.0,1,0.0,0,0.0,5.16,5.16,双低空白
27,66,112.96175,23.09725,狮山镇,0,,0.0,0.0,1,0.0,0,0.0,5.16,5.16,双低空白
69,69,113.15075,23.11075,里水镇,0,,0.0,0.0,5,0.0,0,0.0,13.35,13.35,双低空白
75,81,113.17775,23.16475,大沥镇,0,,0.0,0.0,1,0.0,0,0.0,5.16,5.16,双低空白
66,82,113.13725,23.16925,里水镇,0,,0.0,0.0,2,0.0,0,0.0,8.18,8.18,双低空白
61,97,113.11475,23.23675,大沥镇,0,,0.0,0.0,5,0.0,0,0.0,13.35,13.35,双低空白
30,82,112.97525,23.16925,狮山镇,0,,0.0,0.0,2,0.0,0,0.0,8.18,8.18,双低空白
19,67,112.92575,23.10175,狮山镇,0,,0.0,0.0,2,0.0,0,0.0,8.18,8.18,双低空白
56,100,113.09225,23.25025,大沥镇,0,,0.0,0.0,1,0.0,0,0.0,5.16,5.16,双低空白
45,24,113.04275,22.90825,丹灶镇,0,,0.0,0.0,1,0.0,0,0.0,5.16,5.16,双低空白
66,73,113.13725,23.12875,里水镇,0,,0.0,0.0,2,0.0,0,0.0,8.18,8.18,双低空白
58,88,113.10125,23.19625,大沥镇,0,,0.0,0.0,2,0.0,0,0.0,8.18,8.18,双低空白
60,107,113.11025,23.28175,大沥镇,0,,0.0,0.0,1,0.0,0,0.0,5.16,5.16,双低空白
71,83,113.15975,23.17375,里水镇,0,,0.0,0.0,2,0.0,0,0.0,8.18,8.18,双低空白
75,73,113.17775,23.12875,大沥镇,0,,0.0,0.0,1,0.0,0,0.0,5.16,5.16,双低空白
59,97,113.10575,23.23675,大沥镇,0,,0.0,0.0,1,0.0,0,0.0,5.16,5.16,双低空白
65,108,113.13275,23.28625,里水镇,0,,0.0,0.0,1,0.0,0,0.0,5.16,5.16,双低空白
75,86,113.17775,23.18725,里水镇,0,,0.0,0.0,2,0.0,0,0.0,8.18,8.18,双低空白
26,93,112.95725,23.21875,狮山镇,0,,0.0,0.0,4,0.0,0,0.0,11.99,11.99,双低空白
39,72,113.01575,23.12425,狮山镇,0,,0.0,0.0,7,0.0,0,0.0,15.49,15.49,双低空白
64,98,113.12825,23.24125,里水镇,0,,0.0,0.0,2,0.0,0,0.0,8.18,8.18,双低空白
28,74,112.96625,23.13325,狮山镇,0,,0.0,0.0,2,0.0,0,0.0,8.18,8.18,双低空白
10,68,112.88525,23.10625,狮山镇,0,,0.0,0.0,3,0.0,0,0.0,10.33,10.33,双低空白
34,14,112.99325,22.86325,丹灶镇,0,,0.0,0.0,1,0.0,0,0.0,5.16,5.16,双低空白
49,99,113.06075,23.24575,大沥镇,0,,0.0,0.0,1,0.0,0,0.0,5.16,5.16,双低空白
84,50,113.21825,23.02525,桂城街道,0,,0.0,0.0,3,0.0,0,0.0,10.33,10.33,双低空白
20,78,112.93025,23.15125,狮山镇,0,,0.0,0.0,1,0.0,0,0.0,5.16,5.16,双低空白
70,81,113.15525,23.16475,里水镇,0,,0.0,0.0,2,0.0,0,0.0,8.18,8.18,双低空白
42,21,113.02925,22.89475,丹灶镇,0,,0.0,0.0,3,0.0,0,0.0,10.33,10.33,双低空白
41,84,113.02475,23.17825,狮山镇,0,,0.0,0.0,4,0.0,0,0.0,11.99,11.99,双低空白
65,109,113.13275,23.29075,里水镇,0,,0.0,0.0,6,0.0,0,0.0,14.5,14.5,双低空白
31,38,112.97975,22.97125,丹灶镇,0,,0.0,0.0,2,0.0,0,0.0,8.18,8.18,双低空白
16,68,112.91225,23.10625,狮山镇,0,,0.0,0.0,1,0.0,0,0.0,5.16,5.16,双低空白
88,48,113.23625,23.01625,桂城街道,0,,0.0,0.0,6,0.0,0,0.0,14.5,14.5,双低空白
23,33,112.94375,22.94875,西樵镇,0,,0.0,0.0,1,0.0,0,0.0,5.16,5.16,双低空白
26,74,112.95725,23.13325,狮山镇,0,,0.0,0.0,2,0.0,0,0.0,8.18,8.18,双低空白
42,65,113.02925,23.09275,狮山镇,0,,0.0,0.0,1,0.0,0,0.0,5.16,5.16,双低空白
41,83,113.02475,23.17375,狮山镇,0,,0.0,0.0,1,0.0,0,0.0,5.16,5.16,双低空白
51,71,113.06975,23.11975,大沥镇,0,,0.0,0.0,3,0.0,0,0.0,10.33,10.33,双低空白
71,51,113.15975,23.02975,桂城街道,0,,0.0,0.0,7,3.3,0,0.0,28.69,28.69,一般地带
44,26,113.03825,22.91725,丹灶镇,0,,0.0,0.0,1,0.0,0,0.0,5.16,5.16,双低空白
34,31,112.99325,22.93975,西樵镇,0,,0.0,0.0,4,0.0,0,0.0,11.99,11.99,双低空白
69,99,113.15075,23.24575,里水镇,0,,0.0,0.0,1,0.0,0,0.0,5.16,5.16,双低空白
82,66,113.20925,23.09725,大沥镇,0,,0.0,0.0,1,0.0,0,0.0,5.16,5.16,双低空白
17,18,112.91675,22.88125,西樵镇,0,,0.0,0.0,1,0.0,0,0.0,5.16,5.16,双低空白
65,105,113.13275,23.27275,里水镇,0,,0.0,0.0,1,0.0,0,0.0,5.16,5.16,双低空白
65,72,113.13275,23.12425,里水镇,0,,0.0,0.0,1,0.0,0,0.0,5.16,5.16,双低空白
22,53,112.93925,23.03875,丹灶镇,0,,0.0,0.0,2,0.0,0,0.0,8.18,8.18,双低空白
38,77,113.01125,23.14675,狮山镇,0,,0.0,0.0,1,0.0,0,0.0,5.16,5.16,双低空白
77,57,113.18675,23.05675,桂城街道,0,,0.0,0.0,4,0.0,0,0.0,11.99,11.99,双低空白
20,24,112.93025,22.90825,西樵镇,0,,0.0,0.0,1,0.0,0,0.0,5.16,5.16,双低空白
69,93,113.15075,23.21875,里水镇,0,,0.0,0.0,6,0.0,0,0.0,14.5,14.5,双低空白
17,16,112.91675,22.87225,九江镇,0,,0.0,0.0,1,0.0,0,0.0,5.16,5.16,双低空白
21,70,112.93475,23.11525,狮山镇,0,,0.0,0.0,1,0.0,0,0.0,5.16,5.16,双低空白
29,64,112.97075,23.08825,狮山镇,0,,0.0,0.0,4,4.0,10,0.0,43.82,43.82,一般地带
47,62,113.05175,23.07925,狮山镇,0,,0.0,0.0,6,0.0,0,0.0,14.5,14.5,双低空白
68,104,113.14625,23.26825,里水镇,0,,0.0,0.0,2,0.0,0,0.0,8.18,8.18,双低空白
50,94,113.06525,23.22325,狮山镇,0,,0.0,0.0,2,0.0,1,0.0,12.76,12.76,双低空白
19,69,112.92575,23.11075,狮山镇,0,,0.0,0.0,2,0.0,0,0.0,8.18,8.18,双低空白
11,63,112.88975,23.08375,狮山镇,0,,0.0,0.0,3,0.0,0,0.0,10.33,10.33,双低空白
42,62,113.02925,23.07925,狮山镇,0,,0.0,0.0,1,0.0,0,0.0,5.16,5.16,双低空白
17,36,112.91675,22.96225,丹灶镇,0,,0.0,0.0,1,0.0,0,0.0,5.16,5.16,双低空白
51,68,113.06975,23.10625,狮山镇,0,,0.0,0.0,2,0.0,0,0.0,8.18,8.18,双低空白
18,37,112.92125,22.96675,丹灶镇,0,,0.0,0.0,1,0.0,0,0.0,5.16,5.16,双低空白
74,71,113.17325,23.11975,里水镇,0,,0.0,0.0,2,0.0,0,0.0,8.18,8.18,双低空白
30,67,112.97525,23.10175,狮山镇,0,,0.0,0.0,1,0.0,0,0.0,5.16,5.16,双低空白
31,36,112.97975,22.96225,丹灶镇,0,,0.0,0.0,5,0.0,0,0.0,13.35,13.35,双低空白
74,100,113.17325,23.25025,里水镇,0,,0.0,0.0,2,0.0,0,0.0,8.18,8.18,双低空白
67,81,113.14175,23.16475,里水镇,0,,0.0,0.0,1,0.0,0,0.0,5.16,5.16,双低空白
43,57,113.03375,23.05675,狮山镇,0,,0.0,0.0,2,0.0,0,0.0,8.18,8.18,双低空白
14,74,112.90325,23.13325,狮山镇,0,,0.0,0.0,2,0.0,0,0.0,8.18,8.18,双低空白
51,98,113.06975,23.24125,大沥镇,0,,0.0,0.0,1,0.0,0,0.0,5.16,5.16,双低空白
64,103,113.12825,23.26375,里水镇,0,,0.0,0.0,1,0.0,0,0.0,5.16,5.16,双低空白
62,77,113.11925,23.14675,里水镇,0,,0.0,0.0,1,0.0,0,0.0,5.16,5.16,双低空白
15,35,112.90775,22.95775,西樵镇,0,,0.0,0.0,1,0.0,0,0.0,5.16,5.16,双低空白
23,21,112.94375,22.89475,西樵镇,0,,0.0,0.0,1,0.0,0,0.0,5.16,5.16,双低空白
53,91,113.07875,23.20975,大沥镇,0,,0.0,0.0,2,0.0,0,0.0,8.18,8.18,双低空白
22,12,112.93925,22.85425,西樵镇,0,,0.0,0.0,2,0.0,0,0.0,8.18,8.18,双低空白
40,65,113.02025,23.09275,狮山镇,0,,0.0,0.0,3,0.0,0,0.0,10.33,10.33,双低空白
56,77,113.09225,23.14675,大沥镇,0,,0.0,0.0,1,0.0,0,0.0,5.16,5.16,双低空白
78,87,113.19125,23.19175,里水镇,0,,0.0,0.0,2,0.0,0,0.0,8.18,8.18,双低空白
37,84,113.00675,23.17825,狮山镇,0,,0.0,0.0,2,0.0,0,0.0,8.18,8.18,双低空白
11,35,112.88975,22.95775,西樵镇,0,,0.0,0.0,2,0.0,0,0.0,8.18,8.18,双低空白
55,81,113.08775,23.16475,大沥镇,0,,0.0,0.0,2,0.0,0,0.0,8.18,8.18,双低空白
69,79,113.15075,23.15575,里水镇,0,,0.0,0.0,3,0.0,0,0.0,10.33,10.33,双低空白
9,30,112.88075,22.93525,西樵镇,0,,0.0,0.0,1,0.0,0,0.0,5.16,5.16,双低空白
11,64,112.88975,23.08825,丹灶镇,0,,0.0,0.0,1,0.0,0,0.0,5.16,5.16,双低空白
77,86,113.18675,23.18725,里水镇,0,,0.0,0.0,9,0.0,0,0.0,17.15,17.15,双低空白
22,59,112.93925,23.06575,狮山镇,0,,0.0,0.0,5,0.0,0,0.0,13.35,13.35,双低空白
78,65,113.19125,23.09275,里水镇,0,,0.0,0.0,3,0.0,0,0.0,10.33,10.33,双低空白
76,52,113.18225,23.03425,桂城街道,0,,0.0,0.0,13,0.0,0,0.0,19.66,19.66,双低空白
30,35,112.97525,22.95775,西樵镇,0,,0.0,0.0,3,0.0,0,0.0,10.33,10.33,双低空白
73,74,113.16875,23.13325,大沥镇,0,,0.0,0.0,1,0.0,0,0.0,5.16,5.16,双低空白
75,76,113.17775,23.14225,大沥镇,0,,0.0,0.0,1,0.0,0,0.0,5.16,5.16,双低空白
90,52,113.24525,23.03425,桂城街道,0,,0.0,0.0,2,0.0,0,0.0,8.18,8.18,双低空白
84,46,113.21825,23.00725,桂城街道,0,,0.0,0.0,1,0.0,0,0.0,5.16,5.16,双低空白
50,59,113.06525,23.06575,大沥镇,0,,0.0,0.0,3,0.0,0,0.0,10.33,10.33,双低空白
81,66,113.20475,23.09725,里水镇,0,,0.0,0.0,4,0.0,0,0.0,11.99,11.99,双低空白
35,8,112.99775,22.83625,丹灶镇,0,,0.0,0.0,1,0.0,0,0.0,5.16,5.16,双低空白
76,81,113.18225,23.16475,大沥镇,0,,0.0,0.0,2,0.0,0,0.0,8.18,8.18,双低空白
36,78,113.00225,23.15125,狮山镇,0,,0.0,0.0,2,0.0,0,0.0,8.18,8.18,双低空白
70,100,113.15525,23.25025,里水镇,0,,0.0,0.0,1,0.0,0,0.0,5.16,5.16,双低空白
77,53,113.18675,23.03875,桂城街道,0,,0.0,0.0,3,0.0,0,0.0,10.33,10.33,双低空白
8,54,112.87625,23.04325,丹灶镇,0,,0.0,0.0,1,0.0,0,0.0,5.16,5.16,双低空白
21,43,112.93475,22.99375,丹灶镇,0,,0.0,0.0,1,0.0,0,0.0,5.16,5.16,双低空白
67,63,113.14175,23.08375,里水镇,0,,0.0,0.0,3,0.0,0,0.0,10.33,10.33,双低空白
12,68,112.89425,23.10625,丹灶镇,0,,0.0,0.0,1,0.0,0,0.0,5.16,5.16,双低空白
40,82,113.02025,23.16925,狮山镇,0,,0.0,0.0,1,0.0,0,0.0,5.16,5.16,双低空白
75,45,113.17775,23.00275,桂城街道,0,,0.0,0.0,2,0.0,0,0.0,8.18,8.18,双低空白
22,56,112.93925,23.05225,狮山镇,0,,0.0,0.0,1,0.0,0,0.0,5.16,5.16,双低空白
79,70,113.19575,23.11525,大沥镇,0,,0.0,0.0,7,0.0,0,0.0,15.49,15.49,双低空白
80,65,113.20025,23.09275,里水镇,0,,0.0,0.0,6,0.0,0,0.0,14.5,14.5,双低空白
47,74,113.05175,23.13325,狮山镇,0,,0.0,0.0,3,0.0,0,0.0,10.33,10.33,双低空白
31,76,112.97975,23.14225,狮山镇,0,,0.0,0.0,2,0.0,0,0.0,8.18,8.18,双低空白
69,85,113.15075,23.18275,里水镇,0,,0.0,0.0,1,0.0,0,0.0,5.16,5.16,双低空白
43,6,113.03375,22.82725,九江镇,0,,0.0,0.0,1,0.0,0,0.0,5.16,5.16,双低空白
21,66,112.93475,23.09725,丹灶镇,0,,0.0,0.0,10,0.0,0,0.0,17.86,17.86,双低空白
64,73,113.12825,23.12875,里水镇,0,,0.0,0.0,1,0.0,0,0.0,5.16,5.16,双低空白
16,35,112.91225,22.95775,西樵镇,0,,0.0,0.0,1,0.0,0,0.0,5.16,5.16,双低空白
63,60,113.12375,23.07025,桂城街道,0,,0.0,0.0,2,0.0,0,0.0,8.18,8.18,双低空白
32,92,112.98425,23.21425,狮山镇,0,,0.0,0.0,4,0.0,0,0.0,11.99,11.99,双低空白
16,32,112.91225,22.94425,西樵镇,0,,0.0,0.0,1,0.0,0,0.0,5.16,5.16,双低空白
32,10,112.98425,22.84525,九江镇,0,,0.0,0.0,1,0.0,0,0.0,5.16,5.16,双低空白
25,17,112.95275,22.87675,西樵镇,0,,0.0,0.0,5,0.0,0,0.0,13.35,13.35,双低空白
30,68,112.97525,23.10625,狮山镇,0,,0.0,0.0,1,0.0,0,0.0,5.16,5.16,双低空白
16,36,112.91225,22.96225,丹灶镇,0,,0.0,0.0,3,0.0,0,0.0,10.33,10.33,双低空白
12,45,112.89425,23.00275,丹灶镇,0,,0.0,0.0,3,0.0,0,0.0,10.33,10.33,双低空白
73,60,113.16875,23.07025,桂城街道,0,,0.0,0.0,4,4.5,0,0.0,29.99,29.99,一般地带
26,26,112.95725,22.91725,西樵镇,0,,0.0,0.0,1,0.0,0,0.0,5.16,5.16,双低空白
31,90,112.97975,23.20525,狮山镇,0,,0.0,0.0,1,0.0,0,0.0,5.16,5.16,双低空白
14,68,112.90325,23.10625,狮山镇,0,,0.0,0.0,1,0.0,0,0.0,5.16,5.16,双低空白
22,22,112.93925,22.89925,西樵镇,0,,0.0,0.0,1,0.0,0,0.0,5.16,5.16,双低空白
24,23,112.94825,22.90375,西樵镇,0,,0.0,0.0,2,0.0,0,0.0,8.18,8.18,双低空白
23,38,112.94375,22.97125,丹灶镇,0,,0.0,0.0,4,0.0,0,0.0,11.99,11.99,双低空白
14,38,112.90325,22.97125,西樵镇,0,,0.0,0.0,1,0.0,0,0.0,5.16,5.16,双低空白
19,58,112.92575,23.06125,丹灶镇,0,,0.0,0.0,2,0.0,0,0.0,8.18,8.18,双低空白
55,68,113.08775,23.10625,大沥镇,0,,0.0,0.0,2,0.0,0,0.0,8.18,8.18,双低空白
79,72,113.19575,23.12425,里水镇,0,,0.0,0.0,3,0.0,0,0.0,10.33,10.33,双低空白
73,76,113.16875,23.14225,里水镇,0,,0.0,0.0,1,0.0,0,0.0,5.16,5.16,双低空白
65,82,113.13275,23.16925,里水镇,0,,0.0,0.0,1,0.0,0,0.0,5.16,5.16,双低空白
51,84,113.06975,23.17825,大沥镇,0,,0.0,0.0,2,0.0,0,0.0,8.18,8.18,双低空白
85,49,113.22275,23.02075,桂城街道,0,,0.0,0.0,1,0.0,0,0.0,5.16,5.16,双低空白
89,49,113.24075,23.02075,桂城街道,0,,0.0,0.0,1,0.0,0,0.0,5.16,5.16,双低空白
90,42,113.24525,22.98925,桂城街道,0,,0.0,0.0,1,0.0,0,0.0,5.16,5.16,双低空白
23,48,112.94375,23.01625,西樵镇,0,,0.0,0.0,2,0.0,0,0.0,8.18,8.18,双低空白
23,56,112.94375,23.05225,丹灶镇,0,,0.0,0.0,3,0.0,0,0.0,10.33,10.33,双低空白
23,68,112.94375,23.10625,丹灶镇,0,,0.0,0.0,1,0.0,0,0.0,5.16,5.16,双低空白
15,42,112.90775,22.98925,丹灶镇,0,,0.0,0.0,2,0.0,2,0.0,15.44,15.44,双低空白
68,57,113.14625,23.05675,桂城街道,0,,0.0,0.0,5,0.0,0,0.0,13.35,13.35,双低空白
52,58,113.07425,23.06125,狮山镇,0,,0.0,0.0,2,0.0,0,0.0,8.18,8.18,双低空白
35,83,112.99775,23.17375,狮山镇,0,,0.0,0.0,3,0.0,0,0.0,10.33,10.33,双低空白
30,20,112.97525,22.89025,西樵镇,0,,0.0,0.0,3,0.0,0,0.0,10.33,10.33,双低空白
73,77,113.16875,23.14675,里水镇,0,,0.0,0.0,1,0.0,0,0.0,5.16,5.16,双低空白
39,73,113.01575,23.12875,狮山镇,0,,0.0,0.0,1,0.0,0,0.0,5.16,5.16,双低空白
65,63,113.13275,23.08375,里水镇,0,,0.0,0.0,1,0.0,0,0.0,5.16,5.16,双低空白
11,61,112.88975,23.07475,狮山镇,0,,0.0,0.0,2,0.0,0,0.0,8.18,8.18,双低空白
52,79,113.07425,23.15575,狮山镇,0,,0.0,0.0,1,0.0,0,0.0,5.16,5.16,双低空白
14,37,112.90325,22.96675,丹灶镇,0,,0.0,0.0,2,0.0,0,0.0,8.18,8.18,双低空白
48,58,113.05625,23.06125,狮山镇,0,,0.0,0.0,4,0.0,0,0.0,11.99,11.99,双低空白
76,46,113.18225,23.00725,桂城街道,0,,0.0,0.0,1,0.0,0,0.0,5.16,5.16,双低空白
81,67,113.20475,23.10175,大沥镇,0,,0.0,0.0,1,0.0,0,0.0,5.16,5.16,双低空白
65,104,113.13275,23.26825,里水镇,0,,0.0,0.0,1,0.0,0,0.0,5.16,5.16,双低空白
14,31,112.90325,22.93975,西樵镇,0,,0.0,0.0,1,0.0,0,0.0,5.16,5.16,双低空白
65,106,113.13275,23.27725,里水镇,0,,0.0,0.0,1,0.0,0,0.0,5.16,5.16,双低空白
39,65,113.01575,23.09275,狮山镇,0,,0.0,0.0,1,0.0,0,0.0,5.16,5.16,双低空白
23,28,112.94375,22.92625,西樵镇,0,,0.0,0.0,5,0.0,0,0.0,13.35,13.35,双低空白
30,52,112.97525,23.03425,丹灶镇,0,,0.0,0.0,1,0.0,0,0.0,5.16,5.16,双低空白
28,66,112.96625,23.09725,狮山镇,0,,0.0,0.0,2,0.0,0,0.0,8.18,8.18,双低空白
23,47,112.94375,23.01175,西樵镇,0,,0.0,0.0,1,0.0,0,0.0,5.16,5.16,双低空白
9,29,112.88075,22.93075,西樵镇,0,,0.0,0.0,1,0.0,0,0.0,5.16,5.16,双低空白
69,105,113.15075,23.27275,里水镇,0,,0.0,0.0,1,0.0,0,0.0,5.16,5.16,双低空白
29,33,112.97075,22.94875,西樵镇,0,,0.0,0.0,5,0.0,0,0.0,13.35,13.35,双低空白
22,40,112.93925,22.98025,丹灶镇,0,,0.0,0.0,1,0.0,1,0.0,9.74,9.74,双低空白
11,57,112.88975,23.05675,狮山镇,0,,0.0,0.0,2,0.0,0,0.0,8.18,8.18,双低空白
70,76,113.15525,23.14225,里水镇,0,,0.0,0.0,8,0.0,0,0.0,16.37,16.37,双低空白
62,100,113.11925,23.25025,里水镇,0,,0.0,0.0,1,0.0,0,0.0,5.16,5.16,双低空白
77,87,113.18675,23.19175,里水镇,0,,0.0,0.0,3,0.0,0,0.0,10.33,10.33,双低空白
33,66,112.98875,23.09725,狮山镇,0,,0.0,0.0,8,0.0,0,0.0,16.37,16.37,双低空白
87,48,113.23175,23.01625,桂城街道,0,,0.0,0.0,3,0.0,0,0.0,10.33,10.33,双低空白
78,85,113.19125,23.18275,里水镇,0,,0.0,0.0,9,0.0,0,0.0,17.15,17.15,双低空白
67,71,113.14175,23.11975,大沥镇,0,,0.0,0.0,2,0.0,0,0.0,8.18,8.18,双低空白
57,78,113.09675,23.15125,大沥镇,0,,0.0,0.0,5,0.0,0,0.0,13.35,13.35,双低空白
62,105,113.11925,23.27275,大沥镇,0,,0.0,0.0,1,0.0,0,0.0,5.16,5.16,双低空白
35,85,112.99775,23.18275,狮山镇,0,,0.0,0.0,2,0.0,0,0.0,8.18,8.18,双低空白
16,37,112.91225,22.96675,丹灶镇,0,,0.0,0.0,1,0.0,0,0.0,5.16,5.16,双低空白
66,80,113.13725,23.16025,里水镇,0,,0.0,0.0,1,0.0,0,0.0,5.16,5.16,双低空白
32,73,112.98425,23.12875,狮山镇,0,,0.0,0.0,1,0.0,0,0.0,5.16,5.16,双低空白
28,24,112.96625,22.90825,西樵镇,0,,0.0,0.0,3,0.0,0,0.0,10.33,10.33,双低空白
29,52,112.97075,23.03425,丹灶镇,0,,0.0,0.0,3,0.0,0,0.0,10.33,10.33,双低空白
63,62,113.12375,23.07925,里水镇,0,,0.0,0.0,4,0.0,0,0.0,11.99,11.99,双低空白
44,93,113.03825,23.21875,狮山镇,0,,0.0,0.0,1,0.0,0,0.0,5.16,5.16,双低空白
73,95,113.16875,23.22775,里水镇,0,,0.0,0.0,5,0.0,0,0.0,13.35,13.35,双低空白
18,60,112.92125,23.07025,狮山镇,0,,0.0,0.0,1,0.0,0,0.0,5.16,5.16,双低空白
17,24,112.91675,22.90825,西樵镇,0,,0.0,0.0,1,0.0,0,0.0,5.16,5.16,双低空白
69,66,113.15075,23.09725,大沥镇,0,,0.0,0.0,2,0.0,0,0.0,8.18,8.18,双低空白
33,92,112.98875,23.21425,狮山镇,0,,0.0,0.0,1,0.0,0,0.0,5.16,5.16,双低空白
90,53,113.24525,23.03875,桂城街道,0,,0.0,0.0,1,0.0,0,0.0,5.16,5.16,双低空白
22,60,112.93925,23.07025,狮山镇,0,,0.0,0.0,1,0.0,0,0.0,5.16,5.16,双低空白
51,80,113.06975,23.16025,大沥镇,0,,0.0,0.0,2,0.0,0,0.0,8.18,8.18,双低空白
78,84,113.19125,23.17825,里水镇,0,,0.0,0.0,3,0.0,0,0.0,10.33,10.33,双低空白
34,75,112.99325,23.13775,狮山镇,0,,0.0,0.0,2,0.0,0,0.0,8.18,8.18,双低空白
34,15,112.99325,22.86775,丹灶镇,0,,0.0,0.0,1,0.0,0,0.0,5.16,5.16,双低空白
11,62,112.88975,23.07925,狮山镇,0,,0.0,0.0,1,0.0,0,0.0,5.16,5.16,双低空白
85,53,113.22275,23.03875,桂城街道,0,,0.0,0.0,3,0.0,0,0.0,10.33,10.33,双低空白
30,33,112.97525,22.94875,西樵镇,0,,0.0,0.0,2,3.8,0,0.0,23.38,23.38,双低空白
77,66,113.18675,23.09725,大沥镇,0,,0.0,0.0,2,0.0,0,0.0,8.18,8.18,双低空白
67,104,113.14175,23.26825,里水镇,0,,0.0,0.0,1,0.0,0,0.0,5.16,5.16,双低空白
71,82,113.15975,23.16925,里水镇,0,,0.0,0.0,2,0.0,0,0.0,8.18,8.18,双低空白
46,67,113.04725,23.10175,狮山镇,0,,0.0,0.0,1,0.0,0,0.0,5.16,5.16,双低空白
37,11,113.00675,22.84975,九江镇,0,,0.0,0.0,2,0.0,0,0.0,8.18,8.18,双低空白
52,88,113.07425,23.19625,大沥镇,0,,0.0,0.0,1,0.0,0,0.0,5.16,5.16,双低空白
27,62,112.96175,23.07925,丹灶镇,0,,0.0,0.0,2,0.0,0,0.0,8.18,8.18,双低空白
48,62,113.05625,23.07925,狮山镇,0,,0.0,0.0,2,0.0,0,0.0,8.18,8.18,双低空白
60,73,113.11025,23.12875,大沥镇,0,,0.0,0.0,3,0.0,0,0.0,10.33,10.33,双低空白
15,52,112.90775,23.03425,丹灶镇,0,,0.0,0.0,2,0.0,0,0.0,8.18,8.18,双低空白
61,79,113.11475,23.15575,狮山镇,0,,0.0,0.0,1,0.0,0,0.0,5.16,5.16,双低空白
27,42,112.96175,22.98925,丹灶镇,0,,0.0,0.0,1,0.0,0,0.0,5.16,5.16,双低空白
62,61,113.11925,23.07475,大沥镇,0,,0.0,0.0,2,0.0,0,0.0,8.18,8.18,双低空白
41,80,113.02475,23.16025,狮山镇,0,,0.0,0.0,1,0.0,0,0.0,5.16,5.16,双低空白
79,90,113.19575,23.20525,里水镇,0,,0.0,0.0,3,0.0,0,0.0,10.33,10.33,双低空白
19,57,112.92575,23.05675,狮山镇,0,,0.0,0.0,1,0.0,0,0.0,5.16,5.16,双低空白
20,54,112.93025,23.04325,丹灶镇,0,,0.0,0.0,2,0.0,0,0.0,8.18,8.18,双低空白
45,20,113.04275,22.89025,九江镇,0,,0.0,0.0,1,0.0,0,0.0,5.16,5.16,双低空白
73,85,113.16875,23.18275,里水镇,0,,0.0,0.0,1,0.0,0,0.0,5.16,5.16,双低空白
68,80,113.14625,23.16025,里水镇,0,,0.0,0.0,2,0.0,0,0.0,8.18,8.18,双低空白
30,19,112.97525,22.88575,西樵镇,0,,0.0,0.0,4,0.0,0,0.0,11.99,11.99,双低空白
35,16,112.99775,22.87225,丹灶镇,0,,0.0,0.0,1,0.0,0,0.0,5.16,5.16,双低空白
43,22,113.03375,22.89925,丹灶镇,0,,0.0,0.0,1,0.0,0,0.0,5.16,5.16,双低空白
77,74,113.18675,23.13325,里水镇,0,,0.0,0.0,1,0.0,0,0.0,5.16,5.16,双低空白
54,84,113.08325,23.17825,狮山镇,0,,0.0,0.0,1,0.0,0,0.0,5.16,5.16,双低空白
69,61,113.15075,23.07475,桂城街道,0,,0.0,0.0,6,4.0,0,0.0,30.5,30.5,一般地带
70,62,113.15525,23.07925,桂城街道,0,,0.0,0.0,6,0.0,0,0.0,14.5,14.5,双低空白
75,71,113.17775,23.11975,大沥镇,0,,0.0,0.0,1,0.0,0,0.0,5.16,5.16,双低空白
24,86,112.94825,23.18725,狮山镇,0,,0.0,0.0,1,0.0,0,0.0,5.16,5.16,双低空白
67,67,113.14175,23.10175,里水镇,0,,0.0,0.0,5,0.0,0,0.0,13.35,13.35,双低空白
88,47,113.23625,23.01175,桂城街道,0,,0.0,0.0,1,0.0,0,0.0,5.16,5.16,双低空白
34,65,112.99325,23.09275,狮山镇,0,,0.0,0.0,1,0.0,0,0.0,5.16,5.16,双低空白
34,53,112.99325,23.03875,丹灶镇,0,,0.0,0.0,2,0.0,0,0.0,8.18,8.18,双低空白
58,101,113.10125,23.25475,大沥镇,0,,0.0,0.0,1,0.0,0,0.0,5.16,5.16,双低空白
76,53,113.18225,23.03875,桂城街道,0,,0.0,0.0,6,0.0,0,0.0,14.5,14.5,双低空白
47,93,113.05175,23.21875,狮山镇,0,,0.0,0.0,1,0.0,0,0.0,5.16,5.16,双低空白
43,93,113.03375,23.21875,狮山镇,0,,0.0,0.0,2,0.0,0,0.0,8.18,8.18,双低空白
25,39,112.95275,22.97575,丹灶镇,0,,0.0,0.0,1,0.0,0,0.0,5.16,5.16,双低空白
63,109,113.12375,23.29075,里水镇,0,,0.0,0.0,3,0.0,0,0.0,10.33,10.33,双低空白
65,92,113.13275,23.21425,里水镇,0,,0.0,0.0,4,0.0,0,0.0,11.99,11.99,双低空白
28,15,112.96625,22.86775,九江镇,0,,0.0,0.0,2,0.0,0,0.0,8.18,8.18,双低空白
46,93,113.04725,23.21875,狮山镇,0,,0.0,0.0,2,0.0,0,0.0,8.18,8.18,双低空白
19,14,112.92575,22.86325,西樵镇,0,,0.0,0.0,1,0.0,0,0.0,5.16,5.16,双低空白
36,18,113.00225,22.88125,丹灶镇,0,,0.0,0.0,2,0.0,0,0.0,8.18,8.18,双低空白
38,27,113.01125,22.92175,丹灶镇,0,,0.0,0.0,2,0.0,0,0.0,8.18,8.18,双低空白
54,73,113.08325,23.12875,大沥镇,0,,0.0,0.0,1,0.0,0,0.0,5.16,5.16,双低空白
81,47,113.20475,23.01175,桂城街道,0,,0.0,0.0,2,0.0,0,0.0,8.18,8.18,双低空白
42,60,113.02925,23.07025,狮山镇,0,,0.0,0.0,1,0.0,0,0.0,5.16,5.16,双低空白
72,63,113.16425,23.08375,里水镇,0,,0.0,0.0,3,0.0,0,0.0,10.33,10.33,双低空白
31,75,112.97975,23.13775,狮山镇,0,,0.0,0.0,1,0.0,0,0.0,5.16,5.16,双低空白
15,32,112.90775,22.94425,西樵镇,0,,0.0,0.0,2,0.0,0,0.0,8.18,8.18,双低空白
40,64,113.02025,23.08825,狮山镇,0,,0.0,0.0,1,0.0,0,0.0,5.16,5.16,双低空白
17,57,112.91675,23.05675,狮山镇,0,,0.0,0.0,1,0.0,0,0.0,5.16,5.16,双低空白
60,91,113.11025,23.20975,里水镇,0,,0.0,0.0,1,0.0,0,0.0,5.16,5.16,双低空白
63,103,113.12375,23.26375,里水镇,0,,0.0,0.0,1,0.0,0,0.0,5.16,5.16,双低空白
39,11,113.01575,22.84975,丹灶镇,0,,0.0,0.0,1,0.0,0,0.0,5.16,5.16,双低空白
72,72,113.16425,23.12425,里水镇,0,,0.0,0.0,2,0.0,0,0.0,8.18,8.18,双低空白
68,87,113.14625,23.19175,里水镇,0,,0.0,0.0,1,0.0,0,0.0,5.16,5.16,双低空白
50,56,113.06525,23.05225,大沥镇,0,,0.0,0.0,1,0.0,0,0.0,5.16,5.16,双低空白
35,52,112.99775,23.03425,丹灶镇,0,,0.0,0.0,1,0.0,0,0.0,5.16,5.16,双低空白
54,95,113.08325,23.22775,狮山镇,0,,0.0,0.0,1,0.0,0,0.0,5.16,5.16,双低空白
16,30,112.91225,22.93525,西樵镇,0,,0.0,0.0,2,0.0,0,0.0,8.18,8.18,双低空白
65,99,113.13275,23.24575,里水镇,0,,0.0,0.0,2,0.0,0,0.0,8.18,8.18,双低空白
62,75,113.11925,23.13775,大沥镇,0,,0.0,0.0,3,0.0,0,0.0,10.33,10.33,双低空白
51,81,113.06975,23.16475,大沥镇,0,,0.0,0.0,1,0.0,0,0.0,5.16,5.16,双低空白
32,55,112.98425,23.04775,丹灶镇,0,,0.0,0.0,1,0.0,0,0.0,5.16,5.16,双低空白
59,66,113.10575,23.09725,大沥镇,0,,0.0,0.0,1,0.0,0,0.0,5.16,5.16,双低空白
23,40,112.94375,22.98025,西樵镇,0,,0.0,0.0,1,0.0,0,0.0,5.16,5.16,双低空白
37,25,113.00675,22.91275,九江镇,0,,0.0,0.0,1,0.0,0,0.0,5.16,5.16,双低空白
68,64,113.14625,23.08825,大沥镇,0,,0.0,0.0,1,0.0,0,0.0,5.16,5.16,双低空白
43,23,113.03375,22.90375,丹灶镇,0,,0.0,0.0,1,0.0,0,0.0,5.16,5.16,双低空白
65,103,113.13275,23.26375,里水镇,0,,0.0,0.0,1,0.0,0,0.0,5.16,5.16,双低空白
56,69,113.09225,23.11075,大沥镇,0,,0.0,0.0,2,0.0,0,0.0,8.18,8.18,双低空白
23,53,112.94375,23.03875,丹灶镇,0,,0.0,0.0,3,0.0,0,0.0,10.33,10.33,双低空白
37,26,113.00675,22.91725,九江镇,0,,0.0,0.0,2,0.0,0,0.0,8.18,8.18,双低空白
34,68,112.99325,23.10625,狮山镇,0,,0.0,0.0,1,0.0,0,0.0,5.16,5.16,双低空白
38,80,113.01125,23.16025,狮山镇,0,,0.0,0.0,1,0.0,0,0.0,5.16,5.16,双低空白
16,57,112.91225,23.05675,狮山镇,0,,0.0,0.0,2,0.0,0,0.0,8.18,8.18,双低空白
68,66,113.14625,23.09725,大沥镇,0,,0.0,0.0,1,0.0,0,0.0,5.16,5.16,双低空白
74,85,113.17325,23.18275,里水镇,0,,0.0,0.0,4,0.0,0,0.0,11.99,11.99,双低空白
73,88,113.16875,23.19625,里水镇,0,,0.0,0.0,1,0.0,0,0.0,5.16,5.16,双低空白
32,76,112.98425,23.14225,狮山镇,0,,0.0,0.0,1,0.0,0,0.0,5.16,5.16,双低空白
15,37,112.90775,22.96675,丹灶镇,0,,0.0,0.0,1,0.0,0,0.0,5.16,5.16,双低空白
26,35,112.95725,22.95775,西樵镇,0,,0.0,0.0,4,0.0,0,0.0,11.99,11.99,双低空白
59,76,113.10575,23.14225,大沥镇,0,,0.0,0.0,4,5.0,0,0.0,31.99,31.99,一般地带
91,49,113.24975,23.02075,桂城街道,0,,0.0,0.0,2,0.0,0,0.0,8.18,8.18,双低空白
35,11,112.99775,22.84975,丹灶镇,0,,0.0,0.0,2,0.0,0,0.0,8.18,8.18,双低空白
60,65,113.11025,23.09275,大沥镇,0,,0.0,0.0,2,0.0,0,0.0,8.18,8.18,双低空白
62,66,113.11925,23.09725,里水镇,0,,0.0,0.0,1,0.0,0,0.0,5.16,5.16,双低空白
36,52,113.00225,23.03425,丹灶镇,0,,0.0,0.0,1,0.0,0,0.0,5.16,5.16,双低空白
61,73,113.11475,23.12875,大沥镇,0,,0.0,0.0,1,0.0,0,0.0,5.16,5.16,双低空白
39,78,113.01575,23.15125,狮山镇,0,,0.0,0.0,4,0.0,0,0.0,11.99,11.99,双低空白
35,63,112.99775,23.08375,狮山镇,0,,0.0,0.0,1,0.0,0,0.0,5.16,5.16,双低空白
23,51,112.94375,23.02975,丹灶镇,0,,0.0,0.0,1,0.0,0,0.0,5.16,5.16,双低空白
70,90,113.15525,23.20525,里水镇,0,,0.0,0.0,2,0.0,0,0.0,8.18,8.18,双低空白
74,99,113.17325,23.24575,里水镇,0,,0.0,0.0,1,0.0,0,0.0,5.16,5.16,双低空白
22,65,112.93925,23.09275,狮山镇,0,,0.0,0.0,1,0.0,0,0.0,5.16,5.16,双低空白
86,43,113.22725,22.99375,桂城街道,0,,0.0,0.0,1,0.0,0,0.0,5.16,5.16,双低空白
88,53,113.23625,23.03875,桂城街道,0,,0.0,0.0,1,0.0,0,0.0,5.16,5.16,双低空白
38,54,113.01125,23.04325,丹灶镇,0,,0.0,0.0,2,0.0,0,0.0,8.18,8.18,双低空白
22,57,112.93925,23.05675,狮山镇,0,,0.0,0.0,1,0.0,0,0.0,5.16,5.16,双低空白
71,72,113.15975,23.12425,里水镇,0,,0.0,0.0,1,0.0,0,0.0,5.16,5.16,双低空白
54,60,113.08325,23.07025,大沥镇,0,,0.0,0.0,1,0.0,0,0.0,5.16,5.16,双低空白
34,8,112.99325,22.83625,丹灶镇,0,,0.0,0.0,6,0.0,0,0.0,14.5,14.5,双低空白
24,59,112.94825,23.06575,狮山镇,0,,0.0,0.0,1,0.0,0,0.0,5.16,5.16,双低空白
61,84,113.11475,23.17825,大沥镇,0,,0.0,0.0,1,0.0,0,0.0,5.16,5.16,双低空白
58,99,113.10125,23.24575,大沥镇,0,,0.0,0.0,1,0.0,0,0.0,5.16,5.16,双低空白
76,73,113.18225,23.12875,里水镇,0,,0.0,0.0,1,0.0,0,0.0,5.16,5.16,双低空白
73,72,113.16875,23.12425,大沥镇,0,,0.0,0.0,2,0.0,0,0.0,8.18,8.18,双低空白
23,34,112.94375,22.95325,西樵镇,0,,0.0,0.0,2,0.0,0,0.0,8.18,8.18,双低空白
68,94,113.14625,23.22325,里水镇,0,,0.0,0.0,4,0.0,0,0.0,11.99,11.99,双低空白
68,45,113.14625,23.00275,桂城街道,0,,0.0,0.0,1,0.0,0,0.0,5.16,5.16,双低空白
64,82,113.12825,23.16925,里水镇,0,,0.0,0.0,1,0.0,0,0.0,5.16,5.16,双低空白
50,72,113.06525,23.12425,大沥镇,0,,0.0,0.0,2,0.0,0,0.0,8.18,8.18,双低空白
32,63,112.98425,23.08375,狮山镇,0,,0.0,0.0,1,0.0,0,0.0,5.16,5.16,双低空白
74,46,113.17325,23.00725,桂城街道,0,,0.0,0.0,2,0.0,0,0.0,8.18,8.18,双低空白
74,61,113.17325,23.07475,桂城街道,0,,0.0,0.0,4,0.0,0,0.0,11.99,11.99,双低空白
27,49,112.96175,23.02075,丹灶镇,0,,0.0,0.0,1,0.0,0,0.0,5.16,5.16,双低空白
74,68,113.17325,23.10625,里水镇,0,,0.0,0.0,4,0.0,0,0.0,11.99,11.99,双低空白
23,66,112.94375,23.09725,丹灶镇,0,,0.0,0.0,1,0.0,0,0.0,5.16,5.16,双低空白
65,80,113.13275,23.16025,里水镇,0,,0.0,0.0,1,0.0,0,0.0,5.16,5.16,双低空白
9,17,112.88075,22.87675,西樵镇,0,,0.0,0.0,1,0.0,0,0.0,5.16,5.16,双低空白
70,56,113.15525,23.05225,桂城街道,0,,0.0,0.0,7,5.0,0,0.0,35.49,35.49,一般地带
31,59,112.97975,23.06575,狮山镇,0,,0.0,0.0,1,0.0,0,0.0,5.16,5.16,双低空白
66,87,113.13725,23.19175,里水镇,0,,0.0,0.0,1,0.0,0,0.0,5.16,5.16,双低空白
68,93,113.14625,23.21875,里水镇,0,,0.0,0.0,3,0.0,0,0.0,10.33,10.33,双低空白
29,92,112.97075,23.21425,狮山镇,0,,0.0,0.0,2,0.0,0,0.0,8.18,8.18,双低空白
43,7,113.03375,22.83175,丹灶镇,0,,0.0,0.0,2,0.0,0,0.0,8.18,8.18,双低空白
24,29,112.94825,22.93075,西樵镇,0,,0.0,0.0,1,0.0,0,0.0,5.16,5.16,双低空白
37,91,113.00675,23.20975,狮山镇,0,,0.0,0.0,3,0.0,0,0.0,10.33,10.33,双低空白
12,46,112.89425,23.00725,丹灶镇,0,,0.0,0.0,1,0.0,0,0.0,5.16,5.16,双低空白
27,73,112.96175,23.12875,狮山镇,0,,0.0,0.0,1,0.0,0,0.0,5.16,5.16,双低空白
8,63,112.87625,23.08375,狮山镇,0,,0.0,0.0,1,0.0,0,0.0,5.16,5.16,双低空白
48,94,113.05625,23.22325,狮山镇,0,,0.0,0.0,1,0.0,0,0.0,5.16,5.16,双低空白
38,56,113.01125,23.05225,狮山镇,0,,0.0,0.0,1,0.0,0,0.0,5.16,5.16,双低空白
23,76,112.94375,23.14225,狮山镇,0,,0.0,0.0,3,0.0,0,0.0,10.33,10.33,双低空白
50,80,113.06525,23.16025,大沥镇,0,,0.0,0.0,3,0.0,0,0.0,10.33,10.33,双低空白
53,90,113.07875,23.20525,狮山镇,0,,0.0,0.0,2,0.0,0,0.0,8.18,8.18,双低空白
30,80,112.97525,23.16025,狮山镇,0,,0.0,0.0,3,0.0,0,0.0,10.33,10.33,双低空白
61,87,113.11475,23.19175,大沥镇,0,,0.0,0.0,5,0.0,0,0.0,13.35,13.35,双低空白
80,87,113.20025,23.19175,里水镇,0,,0.0,0.0,10,0.0,0,0.0,17.86,17.86,双低空白
56,75,113.09225,23.13775,大沥镇,0,,0.0,0.0,1,0.0,0,0.0,5.16,5.16,双低空白
79,66,113.19575,23.09725,里水镇,0,,0.0,0.0,2,0.0,0,0.0,8.18,8.18,双低空白
31,77,112.97975,23.14675,狮山镇,0,,0.0,0.0,3,0.0,0,0.0,10.33,10.33,双低空白
55,61,113.08775,23.07475,狮山镇,0,,0.0,0.0,2,0.0,0,0.0,8.18,8.18,双低空白
35,73,112.99775,23.12875,狮山镇,0,,0.0,0.0,4,0.0,0,0.0,11.99,11.99,双低空白
37,57,113.00675,23.05675,狮山镇,0,,0.0,0.0,1,0.0,0,0.0,5.16,5.16,双低空白
31,66,112.97975,23.09725,狮山镇,0,,0.0,0.0,1,0.0,0,0.0,5.16,5.16,双低空白
52,89,113.07425,23.20075,大沥镇,0,,0.0,0.0,5,0.0,0,0.0,13.35,13.35,双低空白
42,67,113.02925,23.10175,狮山镇,0,,0.0,0.0,2,0.0,0,0.0,8.18,8.18,双低空白
45,27,113.04275,22.92175,丹灶镇,0,,0.0,0.0,1,0.0,0,0.0,5.16,5.16,双低空白
38,8,113.01125,22.83625,九江镇,0,,0.0,0.0,4,0.0,0,0.0,11.99,11.99,双低空白
72,84,113.16425,23.17825,里水镇,0,,0.0,0.0,2,0.0,0,0.0,8.18,8.18,双低空白
74,91,113.17325,23.20975,里水镇,0,,0.0,0.0,3,0.0,0,0.0,10.33,10.33,双低空白
53,59,113.07875,23.06575,狮山镇,0,,0.0,0.0,1,0.0,0,0.0,5.16,5.16,双低空白
18,34,112.92125,22.95325,西樵镇,0,,0.0,0.0,1,0.0,0,0.0,5.16,5.16,双低空白
77,82,113.18675,23.16925,里水镇,0,,0.0,0.0,1,0.0,0,0.0,5.16,5.16,双低空白
83,52,113.21375,23.03425,桂城街道,0,,0.0,0.0,3,0.0,0,0.0,10.33,10.33,双低空白
13,66,112.89875,23.09725,狮山镇,0,,0.0,0.0,1,0.0,0,0.0,5.16,5.16,双低空白
18,17,112.92125,22.87675,西樵镇,0,,0.0,0.0,1,0.0,0,0.0,5.16,5.16,双低空白
22,83,112.93925,23.17375,狮山镇,0,,0.0,0.0,1,0.0,0,0.0,5.16,5.16,双低空白
50,83,113.06525,23.17375,狮山镇,0,,0.0,0.0,1,0.0,0,0.0,5.16,5.16,双低空白
30,45,112.97525,23.00275,丹灶镇,0,,0.0,0.0,1,0.0,0,0.0,5.16,5.16,双低空白
18,75,112.92125,23.13775,狮山镇,0,,0.0,0.0,1,0.0,0,0.0,5.16,5.16,双低空白
40,57,113.02025,23.05675,狮山镇,0,,0.0,0.0,2,0.0,0,0.0,8.18,8.18,双低空白
15,30,112.90775,22.93525,西樵镇,0,,0.0,0.0,1,0.0,0,0.0,5.16,5.16,双低空白
61,62,113.11475,23.07925,大沥镇,0,,0.0,0.0,1,0.0,0,0.0,5.16,5.16,双低空白
14,73,112.90325,23.12875,狮山镇,0,,0.0,0.0,2,0.0,0,0.0,8.18,8.18,双低空白
41,27,113.02475,22.92175,丹灶镇,0,,0.0,0.0,1,0.0,0,0.0,5.16,5.16,双低空白
34,69,112.99325,23.11075,狮山镇,0,,0.0,0.0,1,0.0,0,0.0,5.16,5.16,双低空白
69,94,113.15075,23.22325,里水镇,0,,0.0,0.0,2,0.0,0,0.0,8.18,8.18,双低空白
40,27,113.02025,22.92175,丹灶镇,0,,0.0,0.0,2,0.0,0,0.0,8.18,8.18,双低空白
39,57,113.01575,23.05675,狮山镇,0,,0.0,0.0,1,0.0,0,0.0,5.16,5.16,双低空白
56,79,113.09225,23.15575,大沥镇,0,,0.0,0.0,2,0.0,0,0.0,8.18,8.18,双低空白
48,89,113.05625,23.20075,狮山镇,0,,0.0,0.0,2,0.0,0,0.0,8.18,8.18,双低空白
39,5,113.01575,22.82275,九江镇,0,,0.0,0.0,1,0.0,0,0.0,5.16,5.16,双低空白
28,23,112.96625,22.90375,西樵镇,0,,0.0,0.0,1,0.0,0,0.0,5.16,5.16,双低空白
19,38,112.92575,22.97125,丹灶镇,0,,0.0,0.0,1,0.0,0,0.0,5.16,5.16,双低空白
64,80,113.12825,23.16025,里水镇,0,,0.0,0.0,2,0.0,0,0.0,8.18,8.18,双低空白
59,74,113.10575,23.13325,大沥镇,0,,0.0,0.0,2,0.0,0,0.0,8.18,8.18,双低空白
75,46,113.17775,23.00725,桂城街道,0,,0.0,0.0,1,0.0,0,0.0,5.16,5.16,双低空白
55,93,113.08775,23.21875,大沥镇,0,,0.0,0.0,1,0.0,0,0.0,5.16,5.16,双低空白
75,79,113.17775,23.15575,大沥镇,0,,0.0,0.0,3,0.0,0,0.0,10.33,10.33,双低空白
70,102,113.15525,23.25925,里水镇,0,,0.0,0.0,2,0.0,0,0.0,8.18,8.18,双低空白
41,59,113.02475,23.06575,狮山镇,0,,0.0,0.0,1,0.0,0,0.0,5.16,5.16,双低空白
39,3,113.01575,22.81375,九江镇,0,,0.0,0.0,1,0.0,0,0.0,5.16,5.16,双低空白
17,48,112.91675,23.01625,丹灶镇,0,,0.0,0.0,1,0.0,0,0.0,5.16,5.16,双低空白
14,66,112.90325,23.09725,丹灶镇,0,,0.0,0.0,1,0.0,0,0.0,5.16,5.16,双低空白
35,53,112.99775,23.03875,狮山镇,0,,0.0,0.0,1,0.0,0,0.0,5.16,5.16,双低空白
30,23,112.97525,22.90375,西樵镇,0,,0.0,0.0,3,0.0,0,0.0,10.33,10.33,双低空白
63,77,113.12375,23.14675,大沥镇,0,,0.0,0.0,1,0.0,0,0.0,5.16,5.16,双低空白
52,81,113.07425,23.16475,狮山镇,0,,0.0,0.0,1,0.0,0,0.0,5.16,5.16,双低空白
89,53,113.24075,23.03875,桂城街道,0,,0.0,0.0,2,0.0,0,0.0,8.18,8.18,双低空白
78,88,113.19125,23.19625,里水镇,0,,0.0,0.0,1,0.0,0,0.0,5.16,5.16,双低空白
38,4,113.01125,22.81825,九江镇,0,,0.0,0.0,1,0.0,0,0.0,5.16,5.16,双低空白
25,88,112.95275,23.19625,狮山镇,0,,0.0,0.0,1,0.0,0,0.0,5.16,5.16,双低空白
21,85,112.93475,23.18275,狮山镇,0,,0.0,0.0,1,0.0,0,0.0,5.16,5.16,双低空白
50,67,113.06525,23.10175,大沥镇,0,,0.0,0.0,3,0.0,0,0.0,10.33,10.33,双低空白
57,99,113.09675,23.24575,大沥镇,0,,0.0,0.0,2,0.0,0,0.0,8.18,8.18,双低空白
27,33,112.96175,22.94875,西樵镇,0,,0.0,0.0,4,4.7,0,0.0,30.79,30.79,一般地带
24,54,112.94825,23.04325,丹灶镇,0,,0.0,0.0,1,0.0,0,0.0,5.16,5.16,双低空白
31,9,112.97975,22.84075,西樵镇,0,,0.0,0.0,1,0.0,0,0.0,5.16,5.16,双低空白
17,75,112.91675,23.13775,狮山镇,0,,0.0,0.0,1,0.0,0,0.0,5.16,5.16,双低空白
13,34,112.89875,22.95325,西樵镇,0,,0.0,0.0,1,0.0,0,0.0,5.16,5.16,双低空白
42,26,113.02925,22.91725,丹灶镇,0,,0.0,0.0,1,0.0,0,0.0,5.16,5.16,双低空白
63,81,113.12375,23.16475,里水镇,0,,0.0,0.0,2,0.0,0,0.0,8.18,8.18,双低空白
14,33,112.90325,22.94875,西樵镇,0,,0.0,0.0,1,0.0,0,0.0,5.16,5.16,双低空白
40,66,113.02025,23.09725,狮山镇,0,,0.0,0.0,1,0.0,0,0.0,5.16,5.16,双低空白
34,56,112.99325,23.05225,狮山镇,0,,0.0,0.0,1,0.0,0,0.0,5.16,5.16,双低空白
43,25,113.03375,22.91275,丹灶镇,0,,0.0,0.0,3,0.0,0,0.0,10.33,10.33,双低空白
55,100,113.08775,23.25025,里水镇,0,,0.0,0.0,1,0.0,0,0.0,5.16,5.16,双低空白
25,16,112.95275,22.87225,九江镇,0,,0.0,0.0,2,0.0,0,0.0,8.18,8.18,双低空白
39,67,113.01575,23.10175,狮山镇,0,,0.0,0.0,1,0.0,0,0.0,5.16,5.16,双低空白
17,22,112.91675,22.89925,西樵镇,0,,0.0,0.0,1,0.0,0,0.0,5.16,5.16,双低空白
12,64,112.89425,23.08825,丹灶镇,0,,0.0,0.0,1,0.0,0,0.0,5.16,5.16,双低空白
52,71,113.07425,23.11975,狮山镇,0,,0.0,0.0,1,0.0,0,0.0,5.16,5.16,双低空白
8,66,112.87625,23.09725,狮山镇,0,,0.0,0.0,1,0.0,0,0.0,5.16,5.16,双低空白
60,66,113.11025,23.09725,大沥镇,0,,0.0,0.0,1,0.0,0,0.0,5.16,5.16,双低空白
62,88,113.11925,23.19625,大沥镇,0,,0.0,0.0,2,0.0,0,0.0,8.18,8.18,双低空白
22,30,112.93925,22.93525,西樵镇,0,,0.0,0.0,3,0.0,0,0.0,10.33,10.33,双低空白
17,44,112.91675,22.99825,丹灶镇,0,,0.0,0.0,1,0.0,0,0.0,5.16,5.16,双低空白
70,95,113.15525,23.22775,里水镇,0,,0.0,0.0,1,0.0,0,0.0,5.16,5.16,双低空白
74,50,113.17325,23.02525,桂城街道,0,,0.0,0.0,1,0.0,0,0.0,5.16,5.16,双低空白
63,67,113.12375,23.10175,大沥镇,0,,0.0,0.0,2,0.0,0,0.0,8.18,8.18,双低空白
58,64,113.10125,23.08825,大沥镇,0,,0.0,0.0,2,0.0,0,0.0,8.18,8.18,双低空白
62,76,113.11925,23.14225,里水镇,0,,0.0,0.0,1,0.0,0,0.0,5.16,5.16,双低空白
45,67,113.04275,23.10175,狮山镇,0,,0.0,0.0,1,0.0,0,0.0,5.16,5.16,双低空白
71,78,113.15975,23.15125,里水镇,0,,0.0,0.0,1,0.0,0,0.0,5.16,5.16,双低空白
61,86,113.11475,23.18725,大沥镇,0,,0.0,0.0,2,0.0,0,0.0,8.18,8.18,双低空白
13,74,112.89875,23.13325,狮山镇,0,,0.0,0.0,1,0.0,0,0.0,5.16,5.16,双低空白
34,83,112.99325,23.17375,狮山镇,0,,0.0,0.0,1,0.0,0,0.0,5.16,5.16,双低空白
52,62,113.07425,23.07925,狮山镇,0,,0.0,0.0,1,0.0,0,0.0,5.16,5.16,双低空白
36,62,113.00225,23.07925,狮山镇,0,,0.0,0.0,1,0.0,0,0.0,5.16,5.16,双低空白
29,10,112.97075,22.84525,西樵镇,0,,0.0,0.0,1,0.0,0,0.0,5.16,5.16,双低空白
34,29,112.99325,22.93075,丹灶镇,0,,0.0,0.0,1,0.0,0,0.0,5.16,5.16,双低空白
66,105,113.13725,23.27275,里水镇,0,,0.0,0.0,2,0.0,0,0.0,8.18,8.18,双低空白
21,63,112.93475,23.08375,狮山镇,0,,0.0,0.0,1,0.0,0,0.0,5.16,5.16,双低空白
61,89,113.11475,23.20075,里水镇,0,,0.0,0.0,1,0.0,0,0.0,5.16,5.16,双低空白
28,78,112.96625,23.15125,狮山镇,0,,0.0,0.0,1,0.0,0,0.0,5.16,5.16,双低空白
34,89,112.99325,23.20075,狮山镇,0,,0.0,0.0,1,0.0,0,0.0,5.16,5.16,双低空白
56,104,113.09225,23.26825,里水镇,0,,0.0,0.0,3,0.0,0,0.0,10.33,10.33,双低空白
67,79,113.14175,23.15575,里水镇,0,,0.0,0.0,2,0.0,1,0.0,12.76,12.76,双低空白
37,79,113.00675,23.15575,狮山镇,0,,0.0,0.0,1,0.0,0,0.0,5.16,5.16,双低空白
62,103,113.11925,23.26375,里水镇,0,,0.0,0.0,1,0.0,0,0.0,5.16,5.16,双低空白
30,70,112.97525,23.11525,狮山镇,0,,0.0,0.0,1,0.0,0,0.0,5.16,5.16,双低空白
65,81,113.13275,23.16475,里水镇,0,,0.0,0.0,1,0.0,0,0.0,5.16,5.16,双低空白
30,84,112.97525,23.17825,狮山镇,0,,0.0,0.0,1,0.0,0,0.0,5.16,5.16,双低空白
39,70,113.01575,23.11525,狮山镇,0,,0.0,0.0,2,0.0,0,0.0,8.18,8.18,双低空白
27,75,112.96175,23.13775,狮山镇,0,,0.0,0.0,1,0.0,0,0.0,5.16,5.16,双低空白
32,36,112.98425,22.96225,丹灶镇,0,,0.0,0.0,2,0.0,0,0.0,8.18,8.18,双低空白
44,23,113.03825,22.90375,九江镇,0,,0.0,0.0,1,0.0,0,0.0,5.16,5.16,双低空白
38,60,113.01125,23.07025,狮山镇,0,,0.0,0.0,1,0.0,0,0.0,5.16,5.16,双低空白
28,64,112.96625,23.08825,狮山镇,0,,0.0,0.0,1,0.0,0,0.0,5.16,5.16,双低空白
37,28,113.00675,22.92625,西樵镇,0,,0.0,0.0,1,0.0,0,0.0,5.16,5.16,双低空白
19,29,112.92575,22.93075,西樵镇,0,,0.0,0.0,1,0.0,0,0.0,5.16,5.16,双低空白
52,56,113.07425,23.05225,大沥镇,0,,0.0,0.0,1,0.0,0,0.0,5.16,5.16,双低空白
49,77,113.06075,23.14675,狮山镇,0,,0.0,0.0,1,0.0,0,0.0,5.16,5.16,双低空白
18,62,112.92125,23.07925,狮山镇,0,,0.0,0.0,1,0.0,0,0.0,5.16,5.16,双低空白
12,14,112.89425,22.86325,西樵镇,0,,0.0,0.0,1,0.0,0,0.0,5.16,5.16,双低空白
43,59,113.03375,23.06575,里水镇,0,,0.0,0.0,1,0.0,0,0.0,5.16,5.16,双低空白
73,61,113.16875,23.07475,桂城街道,0,,0.0,0.0,3,4.7,0,0.0,29.13,29.13,一般地带
31,62,112.97975,23.07925,狮山镇,0,,0.0,0.0,1,0.0,0,0.0,5.16,5.16,双低空白
13,59,112.89875,23.06575,狮山镇,0,,0.0,0.0,1,0.0,0,0.0,5.16,5.16,双低空白
36,25,113.00225,22.91275,九江镇,0,,0.0,0.0,1,0.0,0,0.0,5.16,5.16,双低空白
36,65,113.00225,23.09275,狮山镇,0,,0.0,0.0,1,0.0,0,0.0,5.16,5.16,双低空白
34,73,112.99325,23.12875,狮山镇,0,,0.0,0.0,1,0.0,0,0.0,5.16,5.16,双低空白
58,85,113.10125,23.18275,大沥镇,0,,0.0,0.0,3,0.0,0,0.0,10.33,10.33,双低空白
34,54,112.99325,23.04325,丹灶镇,0,,0.0,0.0,1,0.0,0,0.0,5.16,5.16,双低空白
44,59,113.03825,23.06575,狮山镇,0,,0.0,0.0,1,0.0,0,0.0,5.16,5.16,双低空白
27,35,112.96175,22.95775,西樵镇,0,,0.0,0.0,1,0.0,0,0.0,5.16,5.16,双低空白
14,52,112.90325,23.03425,丹灶镇,0,,0.0,0.0,1,0.0,0,0.0,5.16,5.16,双低空白
42,5,113.02925,22.82275,丹灶镇,0,,0.0,0.0,1,0.0,0,0.0,5.16,5.16,双低空白
52,86,113.07425,23.18725,狮山镇,0,,0.0,0.0,1,0.0,0,0.0,5.16,5.16,双低空白
18,27,112.92125,22.92175,西樵镇,0,,0.0,0.0,1,0.0,0,0.0,5.16,5.16,双低空白
51,93,113.06975,23.21875,大沥镇,0,,0.0,0.0,1,0.0,0,0.0,5.16,5.16,双低空白
58,90,113.10125,23.20525,大沥镇,0,,0.0,0.0,1,0.0,0,0.0,5.16,5.16,双低空白
44,72,113.03825,23.12425,狮山镇,0,,0.0,0.0,1,0.0,0,0.0,5.16,5.16,双低空白
77,85,113.18675,23.18275,里水镇,0,,0.0,0.0,1,0.0,0,0.0,5.16,5.16,双低空白
71,76,113.15975,23.14225,里水镇,0,,0.0,0.0,2,0.0,0,0.0,8.18,8.18,双低空白
74,104,113.17325,23.26825,里水镇,0,,0.0,0.0,2,0.0,0,0.0,8.18,8.18,双低空白
33,88,112.98875,23.19625,狮山镇,0,,0.0,0.0,1,0.0,0,0.0,5.16,5.16,双低空白
28,83,112.96625,23.17375,狮山镇,0,,0.0,0.0,1,0.0,0,0.0,5.16,5.16,双低空白
21,58,112.93475,23.06125,丹灶镇,0,,0.0,0.0,1,0.0,0,0.0,5.16,5.16,双低空白
64,99,113.12825,23.24575,里水镇,0,,0.0,0.0,2,0.0,0,0.0,8.18,8.18,双低空白
62,60,113.11925,23.07025,桂城街道,0,,0.0,0.0,3,0.0,0,0.0,10.33,10.33,双低空白
54,82,113.08325,23.16925,狮山镇,0,,0.0,0.0,1,0.0,0,0.0,5.16,5.16,双低空白
18,23,112.92125,22.90375,西樵镇,0,,0.0,0.0,2,0.0,0,0.0,8.18,8.18,双低空白
24,81,112.94825,23.16475,狮山镇,0,,0.0,0.0,1,0.0,0,0.0,5.16,5.16,双低空白
48,82,113.05625,23.16925,狮山镇,0,,0.0,0.0,1,0.0,0,0.0,5.16,5.16,双低空白
18,18,112.92125,22.88125,西樵镇,0,,0.0,0.0,1,0.0,0,0.0,5.16,5.16,双低空白
41,71,113.02475,23.11975,狮山镇,0,,0.0,0.0,1,0.0,0,0.0,5.16,5.16,双低空白
58,81,113.10125,23.16475,大沥镇,0,,0.0,0.0,1,0.0,0,0.0,5.16,5.16,双低空白
59,72,113.10575,23.12425,大沥镇,0,,0.0,0.0,3,0.0,0,0.0,10.33,10.33,双低空白
61,83,113.11475,23.17375,大沥镇,0,,0.0,0.0,1,0.0,0,0.0,5.16,5.16,双低空白
37,66,113.00675,23.09725,狮山镇,0,,0.0,0.0,1,0.0,0,0.0,5.16,5.16,双低空白
19,64,112.92575,23.08825,狮山镇,0,,0.0,0.0,1,0.0,0,0.0,5.16,5.16,双低空白
19,19,112.92575,22.88575,西樵镇,0,,0.0,0.0,1,0.0,0,0.0,5.16,5.16,双低空白
72,75,113.16425,23.13775,里水镇,0,,0.0,0.0,1,0.0,0,0.0,5.16,5.16,双低空白
18,26,112.92125,22.91725,西樵镇,0,,0.0,0.0,1,0.0,0,0.0,5.16,5.16,双低空白
67,64,113.14175,23.08825,里水镇,0,,0.0,0.0,1,0.0,0,0.0,5.16,5.16,双低空白
68,62,113.14625,23.07925,桂城街道,0,,0.0,0.0,1,0.0,0,0.0,5.16,5.16,双低空白
27,59,112.96175,23.06575,丹灶镇,0,,0.0,0.0,2,0.0,0,0.0,8.18,8.18,双低空白
15,73,112.90775,23.12875,丹灶镇,0,,0.0,0.0,1,0.0,0,0.0,5.16,5.16,双低空白
15,66,112.90775,23.09725,狮山镇,0,,0.0,0.0,1,0.0,0,0.0,5.16,5.16,双低空白
20,33,112.93025,22.94875,西樵镇,0,,0.0,0.0,1,0.0,0,0.0,5.16,5.16,双低空白
42,22,113.02925,22.89925,丹灶镇,0,,0.0,0.0,1,0.0,0,0.0,5.16,5.16,双低空白
37,13,113.00675,22.85875,九江镇,0,,0.0,0.0,1,0.0,0,0.0,5.16,5.16,双低空白
11,13,112.88975,22.85875,西樵镇,0,,0.0,0.0,1,0.0,0,0.0,5.16,5.16,双低空白
19,52,112.92575,23.03425,丹灶镇,0,,0.0,0.0,1,0.0,0,0.0,5.16,5.16,双低空白
18,54,112.92125,23.04325,丹灶镇,0,,0.0,0.0,1,0.0,0,0.0,5.16,5.16,双低空白
46,77,113.04725,23.14675,狮山镇,0,,0.0,0.0,1,0.0,0,0.0,5.16,5.16,双低空白
59,93,113.10575,23.21875,大沥镇,0,,0.0,0.0,1,0.0,0,0.0,5.16,5.16,双低空白
68,76,113.14625,23.14225,里水镇,0,,0.0,0.0,1,0.0,0,0.0,5.16,5.16,双低空白
42,80,113.02925,23.16025,狮山镇,0,,0.0,0.0,1,0.0,0,0.0,5.16,5.16,双低空白
64,89,113.12825,23.20075,里水镇,0,,0.0,0.0,1,0.0,0,0.0,5.16,5.16,双低空白
31,15,112.97975,22.86775,九江镇,0,,0.0,0.0,1,0.0,0,0.0,5.16,5.16,双低空白
55,74,113.08775,23.13325,大沥镇,0,,0.0,0.0,1,0.0,0,0.0,5.16,5.16,双低空白
37,6,113.00675,22.82725,丹灶镇,0,,0.0,0.0,1,0.0,0,0.0,5.16,5.16,双低空白
56,99,113.09225,23.24575,里水镇,0,,0.0,0.0,1,0.0,0,0.0,5.16,5.16,双低空白
47,65,113.05175,23.09275,狮山镇,0,,0.0,0.0,1,0.0,0,0.0,5.16,5.16,双低空白
59,89,113.10575,23.20075,大沥镇,0,,0.0,0.0,1,0.0,0,0.0,5.16,5.16,双低空白
9,70,112.88075,23.11525,狮山镇,0,,0.0,0.0,1,0.0,0,0.0,5.16,5.16,双低空白
64,76,113.12825,23.14225,里水镇,0,,0.0,0.0,1,0.0,0,0.0,5.16,5.16,双低空白
27,72,112.96175,23.12425,狮山镇,0,,0.0,0.0,1,0.0,0,0.0,5.16,5.16,双低空白
55,80,113.08775,23.16025,大沥镇,0,,0.0,0.0,1,0.0,0,0.0,5.16,5.16,双低空白
66,64,113.13725,23.08825,里水镇,0,,0.0,0.0,1,0.0,0,0.0,5.16,5.16,双低空白
60,82,113.11025,23.16925,狮山镇,0,,0.0,0.0,1,0.0,0,0.0,5.16,5.16,双低空白
78,57,113.19125,23.05675,桂城街道,0,,0.0,0.0,3,0.0,0,0.0,10.33,10.33,双低空白
74,103,113.17325,23.26375,里水镇,0,,0.0,0.0,1,0.0,0,0.0,5.16,5.16,双低空白
12,60,112.89425,23.07025,狮山镇,0,,0.0,0.0,1,0.0,0,0.0,5.16,5.16,双低空白
81,64,113.20475,23.08825,里水镇,0,,0.0,0.0,1,0.0,0,0.0,5.16,5.16,双低空白
68,84,113.14625,23.17825,里水镇,0,,0.0,0.0,1,0.0,0,0.0,5.16,5.16,双低空白
63,106,113.12375,23.27725,里水镇,0,,0.0,0.0,1,0.0,0,0.0,5.16,5.16,双低空白
59,77,113.10575,23.14675,狮山镇,0,,0.0,0.0,2,0.0,0,0.0,8.18,8.18,双低空白
64,77,113.12825,23.14675,里水镇,0,,0.0,0.0,1,0.0,0,0.0,5.16,5.16,双低空白
24,64,112.94825,23.08825,狮山镇,0,,0.0,0.0,1,0.0,0,0.0,5.16,5.16,双低空白
36,57,113.00225,23.05675,狮山镇,0,,0.0,0.0,1,0.0,0,0.0,5.16,5.16,双低空白
32,24,112.98425,22.90825,西樵镇,0,,0.0,0.0,1,0.0,0,0.0,5.16,5.16,双低空白
75,84,113.17775,23.17825,里水镇,0,,0.0,0.0,2,0.0,0,0.0,8.18,8.18,双低空白
25,55,112.95275,23.04775,丹灶镇,0,,0.0,0.0,2,0.0,0,0.0,8.18,8.18,双低空白
30,48,112.97525,23.01625,丹灶镇,0,,0.0,0.0,1,0.0,0,0.0,5.16,5.16,双低空白
32,9,112.98425,22.84075,九江镇,0,,0.0,0.0,3,0.0,0,0.0,10.33,10.33,双低空白
59,100,113.10575,23.25025,大沥镇,0,,0.0,0.0,1,0.0,0,0.0,5.16,5.16,双低空白
20,62,112.93025,23.07925,狮山镇,0,,0.0,0.0,1,0.0,0,0.0,5.16,5.16,双低空白
53,74,113.07875,23.13325,狮山镇,0,,0.0,0.0,1,0.0,0,0.0,5.16,5.16,双低空白
32,14,112.98425,22.86325,丹灶镇,0,,0.0,0.0,1,0.0,0,0.0,5.16,5.16,双低空白
58,77,113.10125,23.14675,大沥镇,0,,0.0,0.0,1,0.0,0,0.0,5.16,5.16,双低空白
31,67,112.97975,23.10175,狮山镇,0,,0.0,0.0,1,0.0,0,0.0,5.16,5.16,双低空白
24,84,112.94825,23.17825,狮山镇,0,,0.0,0.0,1,0.0,0,0.0,5.16,5.16,双低空白
54,70,113.08325,23.11525,大沥镇,0,,0.0,0.0,1,0.0,0,0.0,5.16,5.16,双低空白
29,26,112.97075,22.91725,西樵镇,0,,0.0,0.0,1,0.0,0,0.0,5.16,5.16,双低空白
53,61,113.07875,23.07475,大沥镇,0,,0.0,0.0,1,0.0,0,0.0,5.16,5.16,双低空白
74,67,113.17325,23.10175,里水镇,0,,0.0,0.0,1,0.0,0,0.0,5.16,5.16,双低空白
74,77,113.17325,23.14675,里水镇,0,,0.0,0.0,1,0.0,0,0.0,5.16,5.16,双低空白
44,25,113.03825,22.91275,丹灶镇,0,,0.0,0.0,2,0.0,0,0.0,8.18,8.18,双低空白
28,75,112.96625,23.13775,狮山镇,0,,0.0,0.0,1,0.0,0,0.0,5.16,5.16,双低空白
31,39,112.97975,22.97575,西樵镇,0,,0.0,0.0,1,0.0,0,0.0,5.16,5.16,双低空白
12,63,112.89425,23.08375,丹灶镇,0,,0.0,0.0,1,0.0,0,0.0,5.16,5.16,双低空白
21,59,112.93475,23.06575,狮山镇,0,,0.0,0.0,1,0.0,0,0.0,5.16,5.16,双低空白
67,75,113.14175,23.13775,里水镇,0,,0.0,0.0,1,0.0,0,0.0,5.16,5.16,双低空白
28,38,112.96625,22.97125,丹灶镇,0,,0.0,0.0,1,0.0,0,0.0,5.16,5.16,双低空白
13,54,112.89875,23.04325,丹灶镇,0,,0.0,0.0,1,0.0,0,0.0,5.16,5.16,双低空白
55,83,113.08775,23.17375,大沥镇,0,,0.0,0.0,1,0.0,0,0.0,5.16,5.16,双低空白
49,97,113.06075,23.23675,狮山镇,0,,0.0,0.0,1,0.0,0,0.0,5.16,5.16,双低空白
36,5,113.00225,22.82275,丹灶镇,0,,0.0,0.0,1,0.0,0,0.0,5.16,5.16,双低空白
58,97,113.10125,23.23675,大沥镇,0,,0.0,0.0,1,0.0,0,0.0,5.16,5.16,双低空白
71,86,113.15975,23.18725,里水镇,0,,0.0,0.0,1,0.0,0,0.0,5.16,5.16,双低空白
57,94,113.09675,23.22325,大沥镇,0,,0.0,0.0,1,0.0,0,0.0,5.16,5.16,双低空白
19,78,112.92575,23.15125,狮山镇,0,,0.0,0.0,1,0.0,0,0.0,5.16,5.16,双低空白
50,57,113.06525,23.05675,大沥镇,0,,0.0,0.0,1,0.0,0,0.0,5.16,5.16,双低空白
64,68,113.12825,23.10625,里水镇,0,,0.0,0.0,2,0.0,0,0.0,8.18,8.18,双低空白
46,62,113.04725,23.07925,狮山镇,0,,0.0,0.0,1,0.0,0,0.0,5.16,5.16,双低空白
39,76,113.01575,23.14225,狮山镇,0,,0.0,0.0,1,0.0,0,0.0,5.16,5.16,双低空白
73,68,113.16875,23.10625,里水镇,0,,0.0,0.0,1,0.0,0,0.0,5.16,5.16,双低空白
26,62,112.95725,23.07925,狮山镇,0,,0.0,0.0,1,0.0,0,0.0,5.16,5.16,双低空白
69,62,113.15075,23.07925,桂城街道,0,,0.0,0.0,3,0.0,0,0.0,10.33,10.33,双低空白
38,29,113.01125,22.93075,丹灶镇,0,,0.0,0.0,1,0.0,0,0.0,5.16,5.16,双低空白
8,64,112.87625,23.08825,狮山镇,0,,0.0,0.0,1,0.0,0,0.0,5.16,5.16,双低空白
32,75,112.98425,23.13775,狮山镇,0,,0.0,0.0,1,0.0,0,0.0,5.16,5.16,双低空白
55,67,113.08775,23.10175,大沥镇,0,,0.0,0.0,1,0.0,0,0.0,5.16,5.16,双低空白
69,90,113.15075,23.20525,里水镇,0,,0.0,0.0,1,0.0,0,0.0,5.16,5.16,双低空白
53,60,113.07875,23.07025,大沥镇,0,,0.0,0.0,2,0.0,0,0.0,8.18,8.18,双低空白
77,91,113.18675,23.20975,里水镇,0,,0.0,0.0,1,0.0,0,0.0,5.16,5.16,双低空白
18,68,112.92125,23.10625,狮山镇,0,,0.0,0.0,1,0.0,0,0.0,5.16,5.16,双低空白
51,85,113.06975,23.18275,大沥镇,0,,0.0,0.0,1,0.0,0,0.0,5.16,5.16,双低空白
57,93,113.09675,23.21875,大沥镇,0,,0.0,0.0,1,0.0,0,0.0,5.16,5.16,双低空白
68,105,113.14625,23.27275,里水镇,0,,0.0,0.0,1,0.0,0,0.0,5.16,5.16,双低空白
57,85,113.09675,23.18275,大沥镇,0,,0.0,0.0,1,0.0,0,0.0,5.16,5.16,双低空白
30,4,112.97525,22.81825,西樵镇,0,,0.0,0.0,1,0.0,0,0.0,5.16,5.16,双低空白
44,19,113.03825,22.88575,丹灶镇,0,,0.0,0.0,1,0.0,0,0.0,5.16,5.16,双低空白
72,68,113.16425,23.10625,里水镇,0,,0.0,0.0,2,0.0,0,0.0,8.18,8.18,双低空白
64,109,113.12825,23.29075,里水镇,0,,0.0,0.0,1,0.0,0,0.0,5.16,5.16,双低空白
66,81,113.13725,23.16475,里水镇,0,,0.0,0.0,1,0.0,0,0.0,5.16,5.16,双低空白
41,63,113.02475,23.08375,狮山镇,0,,0.0,0.0,1,0.0,0,0.0,5.16,5.16,双低空白
57,90,113.09675,23.20525,里水镇,0,,0.0,0.0,1,0.0,0,0.0,5.16,5.16,双低空白
54,57,113.08325,23.05675,大沥镇,0,,0.0,0.0,1,0.0,0,0.0,5.16,5.16,双低空白
56,61,113.09225,23.07475,大沥镇,0,,0.0,0.0,1,0.0,0,0.0,5.16,5.16,双低空白
21,60,112.93475,23.07025,狮山镇,0,,0.0,0.0,1,0.0,0,0.0,5.16,5.16,双低空白
73,82,113.16875,23.16925,里水镇,0,,0.0,0.0,1,0.0,0,0.0,5.16,5.16,双低空白
77,49,113.18675,23.02075,桂城街道,0,,0.0,0.0,1,0.0,0,0.0,5.16,5.16,双低空白
72,96,113.16425,23.23225,里水镇,0,,0.0,0.0,1,0.0,0,0.0,5.16,5.16,双低空白
7,65,112.87175,23.09275,丹灶镇,0,,0.0,0.0,1,0.0,0,0.0,5.16,5.16,双低空白
69,80,113.15075,23.16025,里水镇,0,,0.0,0.0,1,0.0,0,0.0,5.16,5.16,双低空白
89,46,113.24075,23.00725,桂城街道,0,,0.0,0.0,1,0.0,0,0.0,5.16,5.16,双低空白
27,60,112.96175,23.07025,狮山镇,0,,0.0,0.0,1,0.0,0,0.0,5.16,5.16,双低空白
44,66,113.03825,23.09725,狮山镇,0,,0.0,0.0,1,0.0,0,0.0,5.16,5.16,双低空白
47,5,113.05175,22.82275,九江镇,0,,0.0,0.0,1,0.0,0,0.0,5.16,5.16,双低空白
33,71,112.98875,23.11975,狮山镇,0,,0.0,0.0,1,0.0,0,0.0,5.16,5.16,双低空白
69,107,113.15075,23.28175,里水镇,0,,0.0,0.0,1,0.0,0,0.0,5.16,5.16,双低空白
28,57,112.96625,23.05675,狮山镇,0,,0.0,0.0,1,0.0,0,0.0,5.16,5.16,双低空白
74,45,113.17325,23.00275,桂城街道,0,,0.0,0.0,1,4.3,0,0.0,22.36,22.36,双低空白
73,45,113.16875,23.00275,桂城街道,0,,0.0,0.0,1,3.8,0,0.0,20.36,20.36,双低空白
72,46,113.16425,23.00725,桂城街道,0,,0.0,0.0,1,0.0,0,0.0,5.16,5.16,双低空白
75,59,113.17775,23.06575,桂城街道,0,,0.0,0.0,1,0.0,0,0.0,5.16,5.16,双低空白
74,58,113.17325,23.06125,桂城街道,0,,0.0,0.0,1,0.0,0,0.0,5.16,5.16,双低空白
77,46,113.18675,23.00725,桂城街道,0,,0.0,0.0,1,0.0,0,0.0,5.16,5.16,双低空白
30,42,112.97525,22.98925,丹灶镇,0,,0.0,0.0,2,0.0,0,0.0,8.18,8.18,双低空白
33,30,112.98875,22.93525,西樵镇,0,,0.0,0.0,5,4.85,10,0.0,48.57,48.57,一般地带
35,34,112.99775,22.95325,西樵镇,0,,0.0,0.0,1,0.0,0,0.0,5.16,5.16,双低空白
28,39,112.96625,22.97575,西樵镇,0,,0.0,0.0,1,0.0,0,0.0,5.16,5.16,双低空白
34,32,112.99325,22.94425,西樵镇,0,,0.0,0.0,3,4.0,0,0.0,26.33,26.33,一般地带
24,46,112.94825,23.00725,西樵镇,0,,0.0,0.0,1,0.0,0,0.0,5.16,5.16,双低空白
24,43,112.94825,22.99375,丹灶镇,0,,0.0,0.0,1,0.0,0,0.0,5.16,5.16,双低空白
30,14,112.97525,22.86325,西樵镇,0,,0.0,0.0,1,0.0,0,0.0,5.16,5.16,双低空白
35,10,112.99775,22.84525,九江镇,0,,0.0,0.0,2,0.0,0,0.0,8.18,8.18,双低空白
36,3,113.00225,22.81375,九江镇,0,,0.0,0.0,2,0.0,0,0.0,8.18,8.18,双低空白
39,12,113.01575,22.85425,九江镇,0,,0.0,0.0,1,0.0,0,0.0,5.16,5.16,双低空白
36,20,113.00225,22.89025,丹灶镇,0,,0.0,0.0,1,0.0,0,0.0,5.16,5.16,双低空白
34,19,112.99325,22.88575,西樵镇,0,,0.0,0.0,1,0.0,0,0.0,5.16,5.16,双低空白
40,11,113.02025,22.84975,九江镇,0,,0.0,0.0,1,0.0,0,0.0,5.16,5.16,双低空白
36,21,113.00225,22.89475,丹灶镇,0,,0.0,0.0,1,0.0,0,0.0,5.16,5.16,双低空白
37,16,113.00675,22.87225,丹灶镇,0,,0.0,0.0,1,0.0,0,0.0,5.16,5.16,双低空白
28,12,112.96625,22.85425,西樵镇,0,,0.0,0.0,1,0.0,0,0.0,5.16,5.16,双低空白
25,13,112.95275,22.85875,九江镇,0,,0.0,0.0,1,0.0,0,0.0,5.16,5.16,双低空白
26,14,112.95725,22.86325,九江镇,0,,0.0,0.0,1,0.0,0,0.0,5.16,5.16,双低空白
28,18,112.96625,22.88125,西樵镇,0,,0.0,0.0,1,0.0,0,0.0,5.16,5.16,双低空白
33,60,112.98875,23.07025,狮山镇,0,,0.0,0.0,1,0.0,0,0.0,5.16,5.16,双低空白
37,61,113.00675,23.07475,狮山镇,0,,0.0,0.0,1,0.0,0,0.0,5.16,5.16,双低空白
29,50,112.97075,23.02525,丹灶镇,0,,0.0,0.0,1,0.0,0,0.0,5.16,5.16,双低空白
29,62,112.97075,23.07925,狮山镇,0,,0.0,0.0,1,0.0,0,0.0,5.16,5.16,双低空白
30,64,112.97525,23.08825,丹灶镇,0,,0.0,0.0,9,0.0,0,0.0,17.15,17.15,双低空白
31,58,112.97975,23.06125,狮山镇,0,,0.0,0.0,3,5.0,0,0.0,30.33,30.33,一般地带
42,58,113.02925,23.06125,狮山镇,0,,0.0,0.0,1,0.0,0,0.0,5.16,5.16,双低空白
36,67,113.00225,23.10175,狮山镇,0,,0.0,0.0,1,0.0,0,0.0,5.16,5.16,双低空白
41,66,113.02475,23.09725,狮山镇,0,,0.0,0.0,1,0.0,0,0.0,5.16,5.16,双低空白
43,65,113.03375,23.09275,狮山镇,0,,0.0,0.0,1,0.0,0,0.0,5.16,5.16,双低空白
40,53,113.02025,23.03875,丹灶镇,0,,0.0,0.0,1,0.0,0,0.0,5.16,5.16,双低空白
29,63,112.97075,23.08375,丹灶镇,0,,0.0,0.0,1,0.0,0,0.0,5.16,5.16,双低空白
28,56,112.96625,23.05225,狮山镇,0,,0.0,0.0,1,0.0,0,0.0,5.16,5.16,双低空白
30,63,112.97525,23.08375,丹灶镇,0,,0.0,0.0,1,0.0,0,0.0,5.16,5.16,双低空白
36,55,113.00225,23.04775,丹灶镇,0,,0.0,0.0,1,0.0,0,0.0,5.16,5.16,双低空白
41,61,113.02475,23.07475,狮山镇,0,,0.0,0.0,1,0.0,0,0.0,5.16,5.16,双低空白
41,55,113.02475,23.04775,丹灶镇,0,,0.0,0.0,1,0.0,0,0.0,5.16,5.16,双低空白
32,66,112.98425,23.09725,狮山镇,0,,0.0,0.0,2,0.0,0,0.0,8.18,8.18,双低空白
28,54,112.96625,23.04325,丹灶镇,0,,0.0,0.0,1,0.0,0,0.0,5.16,5.16,双低空白
34,58,112.99325,23.06125,狮山镇,0,,0.0,0.0,1,0.0,0,0.0,5.16,5.16,双低空白
73,62,113.16875,23.07925,桂城街道,0,,0.0,0.0,1,0.0,0,0.0,5.16,5.16,双低空白
71,64,113.15975,23.08825,里水镇,0,,0.0,0.0,2,0.0,0,0.0,8.18,8.18,双低空白
74,62,113.17325,23.07925,桂城街道,0,,0.0,0.0,1,0.0,0,0.0,5.16,5.16,双低空白
75,61,113.17775,23.07475,桂城街道,0,,0.0,0.0,1,0.0,0,0.0,5.16,5.16,双低空白
53,58,113.07875,23.06125,大沥镇,0,,0.0,0.0,1,0.0,0,0.0,5.16,5.16,双低空白
52,60,113.07425,23.07025,狮山镇,0,,0.0,0.0,2,0.0,0,0.0,8.18,8.18,双低空白
73,81,113.16875,23.16475,里水镇,0,,0.0,0.0,1,4.0,0,0.0,21.16,21.16,双低空白
63,83,113.12375,23.17375,里水镇,0,,0.0,0.0,1,0.0,0,0.0,5.16,5.16,双低空白
