{
  "type": "FeatureCollection",
  "features": [
    {
      "type": "Feature",
      "geometry": {
        "type": "Point",
        "coordinates": [
          112.883841,
          22.858808
        ]
      },
      "properties": {
        "id": "B0FFGA58BQ",
        "name": "银坑村祠堂(乡约)",
        "town": "西樵镇",
        "ent_name": "银坑村",
        "ent_type": "地名",
        "mentions": 9,
        "src_count": 1,
        "n_related": 4,
        "top3": "李彩容(活动于)|李彩容(出生于)|茶山(位于)"
      }
    },
    {
      "type": "Feature",
      "geometry": {
        "type": "Point",
        "coordinates": [
          113.12273,
          23.111971
        ]
      },
      "properties": {
        "id": "B02F507JSS",
        "name": "大沥公园",
        "town": "大沥镇",
        "ent_name": "大沥公园",
        "ent_type": "地名",
        "mentions": 2,
        "src_count": 2,
        "n_related": 1,
        "top3": "革命烈士纪念碑(位于)"
      }
    },
    {
      "type": "Feature",
      "geometry": {
        "type": "Point",
        "coordinates": [
          113.17906,
          23.080363
        ]
      },
      "properties": {
        "id": "B0FFFZ1P4M",
        "name": "潘氏宗祠",
        "town": "里水镇",
        "ent_name": "潘氏宗祠",
        "ent_type": "建筑遗迹",
        "mentions": 3,
        "src_count": 1,
        "n_related": 0,
        "top3": ""
      }
    },
    {
      "type": "Feature",
      "geometry": {
        "type": "Point",
        "coordinates": [
          113.105078,
          23.208956
        ]
      },
      "properties": {
        "id": "B0FFI2NKOS",
        "name": "刘氏宗祠",
        "town": "大沥镇",
        "ent_name": "刘氏宗祠",
        "ent_type": "建筑遗迹",
        "mentions": 2,
        "src_count": 1,
        "n_related": 0,
        "top3": ""
      }
    },
    {
      "type": "Feature",
      "geometry": {
        "type": "Point",
        "coordinates": [
          113.109446,
          23.177103
        ]
      },
      "properties": {
        "id": "B0FFF9YW23",
        "name": "南国桃园-南海观音寺-三圣殿",
        "town": "大沥镇",
        "ent_name": "南国",
        "ent_type": "建筑遗迹",
        "mentions": 2,
        "src_count": 2,
        "n_related": 0,
        "top3": ""
      }
    },
    {
      "type": "Feature",
      "geometry": {
        "type": "Point",
        "coordinates": [
          113.202008,
          23.090113
        ]
      },
      "properties": {
        "id": "B0FFHTZ1CY",
        "name": "玄武庙",
        "town": "大沥镇",
        "ent_name": "玄武",
        "ent_type": "建筑遗迹",
        "mentions": 10,
        "src_count": 4,
        "n_related": 3,
        "top3": "青龙(同类)|白虎(同类)|朱雀(同类)"
      }
    },
    {
      "type": "Feature",
      "geometry": {
        "type": "Point",
        "coordinates": [
          113.202257,
          23.133661
        ]
      },
      "properties": {
        "id": "B02F50UEO4",
        "name": "杜氏大宗祠",
        "town": "大沥镇",
        "ent_name": "杜氏大宗祠",
        "ent_type": "建筑遗迹",
        "mentions": 4,
        "src_count": 3,
        "n_related": 2,
        "top3": "杜益谦(创建修建)|杜甫(关联人物)"
      }
    },
    {
      "type": "Feature",
      "geometry": {
        "type": "Point",
        "coordinates": [
          112.963174,
          22.911141
        ]
      },
      "properties": {
        "id": "B02F507708",
        "name": "宝莲寺",
        "town": "西樵镇",
        "ent_name": "宝莲寺",
        "ent_type": "建筑遗迹",
        "mentions": 4,
        "src_count": 3,
        "n_related": 1,
        "top3": "十三郎(活动于)"
      }
    },
    {
      "type": "Feature",
      "geometry": {
        "type": "Point",
        "coordinates": [
          113.141342,
          23.191706
        ]
      },
      "properties": {
        "id": "B0FFJ5JXOQ",
        "name": "中共南三花工委旧址",
        "town": "里水镇",
        "ent_name": "中共南三花工委旧址",
        "ent_type": "建筑遗迹",
        "mentions": 3,
        "src_count": 1,
        "n_related": 0,
        "top3": ""
      }
    },
    {
      "type": "Feature",
      "geometry": {
        "type": "Point",
        "coordinates": [
          113.100939,
          23.134657
        ]
      },
      "properties": {
        "id": "B02F50WG6V",
        "name": "中共南海县委旧址",
        "town": "狮山镇",
        "ent_name": "中共南海县委旧址",
        "ent_type": "建筑遗迹",
        "mentions": 4,
        "src_count": 2,
        "n_related": 2,
        "top3": "中共南海县委(承载文化)|中共南海县委(始建于)"
      }
    },
    {
      "type": "Feature",
      "geometry": {
        "type": "Point",
        "coordinates": [
          113.105668,
          23.206358
        ]
      },
      "properties": {
        "id": "B0FFIR3WFQ",
        "name": "黄氏宗祠",
        "town": "大沥镇",
        "ent_name": "黄氏宗祠",
        "ent_type": "建筑遗迹",
        "mentions": 2,
        "src_count": 2,
        "n_related": 0,
        "top3": ""
      }
    },
    {
      "type": "Feature",
      "geometry": {
        "type": "Point",
        "coordinates": [
          113.15614,
          23.236106
        ]
      },
      "properties": {
        "id": "B0FFH4AE58",
        "name": "谭氏宗祠",
        "town": "里水镇",
        "ent_name": "谭氏宗祠",
        "ent_type": "建筑遗迹",
        "mentions": 3,
        "src_count": 1,
        "n_related": 0,
        "top3": ""
      }
    },
    {
      "type": "Feature",
      "geometry": {
        "type": "Point",
        "coordinates": [
          113.101194,
          23.133192
        ]
      },
      "properties": {
        "id": "B02F503RDN",
        "name": "南庄张公祠",
        "town": "大沥镇",
        "ent_name": "南庄",
        "ent_type": "地名",
        "mentions": 28,
        "src_count": 7,
        "n_related": 5,
        "top3": "南海县博物馆(承载文化)|官窗(属于时期)|邓济时(活动于)"
      }
    },
    {
      "type": "Feature",
      "geometry": {
        "type": "Point",
        "coordinates": [
          113.028958,
          23.190678
        ]
      },
      "properties": {
        "id": "B0FFH3ZEI7",
        "name": "何氏大宗祠",
        "town": "狮山镇",
        "ent_name": "何氏大宗祠",
        "ent_type": "建筑遗迹",
        "mentions": 2,
        "src_count": 2,
        "n_related": 2,
        "top3": "何淡如(关联人物)|何淡如(同族)"
      }
    },
    {
      "type": "Feature",
      "geometry": {
        "type": "Point",
        "coordinates": [
          112.99534,
          23.19254
        ]
      },
      "properties": {
        "id": "B0FFFA08UD",
        "name": "李氏宗祠",
        "town": "狮山镇",
        "ent_name": "李氏宗祠",
        "ent_type": "建筑遗迹",
        "mentions": 8,
        "src_count": 3,
        "n_related": 3,
        "top3": "李右泉(创建修建)|李右泉(同族)|右泉小学(位于)"
      }
    },
    {
      "type": "Feature",
      "geometry": {
        "type": "Point",
        "coordinates": [
          113.108277,
          23.175545
        ]
      },
      "properties": {
        "id": "B0FFG061WV",
        "name": "南国桃园-南海观音寺-土地庙",
        "town": "大沥镇",
        "ent_name": "土地庙",
        "ent_type": "建筑遗迹",
        "mentions": 13,
        "src_count": 4,
        "n_related": 0,
        "top3": ""
      }
    },
    {
      "type": "Feature",
      "geometry": {
        "type": "Point",
        "coordinates": [
          112.890483,
          23.052763
        ]
      },
      "properties": {
        "id": "B0FFJ8L54R",
        "name": "仙湖音乐喷泉广场",
        "town": "狮山镇",
        "ent_name": "仙湖",
        "ent_type": "地名",
        "mentions": 3,
        "src_count": 3,
        "n_related": 2,
        "top3": "九江(位于)|五人龙舟赛(承载文化)"
      }
    },
    {
      "type": "Feature",
      "geometry": {
        "type": "Point",
        "coordinates": [
          112.965614,
          22.936377
        ]
      },
      "properties": {
        "id": "B0FFGX05AY",
        "name": "西樵山风景名胜区-樵园公园",
        "town": "西樵镇",
        "ent_name": "樵园",
        "ent_type": "建筑遗迹",
        "mentions": 2,
        "src_count": 1,
        "n_related": 0,
        "top3": ""
      }
    },
    {
      "type": "Feature",
      "geometry": {
        "type": "Point",
        "coordinates": [
          112.96723,
          22.929192
        ]
      },
      "properties": {
        "id": "B0FFHJ45NL",
        "name": "天湖公园",
        "town": "西樵镇",
        "ent_name": "天湖公园景区",
        "ent_type": "建筑遗迹",
        "mentions": 2,
        "src_count": 1,
        "n_related": 0,
        "top3": ""
      }
    },
    {
      "type": "Feature",
      "geometry": {
        "type": "Point",
        "coordinates": [
          113.153613,
          23.088132
        ]
      },
      "properties": {
        "id": "B02F507B1N",
        "name": "大基尾公园",
        "town": "大沥镇",
        "ent_name": "大基尾",
        "ent_type": "地名",
        "mentions": 3,
        "src_count": 2,
        "n_related": 1,
        "top3": "张五(活动于)"
      }
    },
    {
      "type": "Feature",
      "geometry": {
        "type": "Point",
        "coordinates": [
          113.036841,
          22.812617
        ]
      },
      "properties": {
        "id": "B0FFF0FM3G",
        "name": "沙口公园",
        "town": "九江镇",
        "ent_name": "破排角遗址",
        "ent_type": "建筑遗迹",
        "mentions": 2,
        "src_count": 1,
        "n_related": 0,
        "top3": ""
      }
    },
    {
      "type": "Feature",
      "geometry": {
        "type": "Point",
        "coordinates": [
          113.188089,
          23.142504
        ]
      },
      "properties": {
        "id": "B02F507H5G",
        "name": "伯奇公园",
        "town": "大沥镇",
        "ent_name": "伯奇公园",
        "ent_type": "地名",
        "mentions": 3,
        "src_count": 1,
        "n_related": 4,
        "top3": "邹伯奇(关联人物)|邹伯奇(活动于)|邹伯奇(同族)"
      }
    },
    {
      "type": "Feature",
      "geometry": {
        "type": "Point",
        "coordinates": [
          113.103899,
          23.183076
        ]
      },
      "properties": {
        "id": "B0FFG4B8C9",
        "name": "南国桃园",
        "town": "大沥镇",
        "ent_name": "南海松岗南国桃园观音寺",
        "ent_type": "建筑遗迹",
        "mentions": 2,
        "src_count": 2,
        "n_related": 1,
        "top3": "老黄牛(活动于)"
      }
    },
    {
      "type": "Feature",
      "geometry": {
        "type": "Point",
        "coordinates": [
          113.108714,
          23.175651
        ]
      },
      "properties": {
        "id": "B0FFG0YUHE",
        "name": "南海观音寺",
        "town": "大沥镇",
        "ent_name": "南海观音寺",
        "ent_type": "建筑遗迹",
        "mentions": 3,
        "src_count": 3,
        "n_related": 2,
        "top3": "观世音(关联人物)|观世音(承载文化)"
      }
    },
    {
      "type": "Feature",
      "geometry": {
        "type": "Point",
        "coordinates": [
          112.962325,
          22.933011
        ]
      },
      "properties": {
        "id": "B02F5077T5",
        "name": "白云洞风景区",
        "town": "西樵镇",
        "ent_name": "白云洞风景区",
        "ent_type": "建筑遗迹",
        "mentions": 2,
        "src_count": 1,
        "n_related": 1,
        "top3": "何维柏(活动于)"
      }
    },
    {
      "type": "Feature",
      "geometry": {
        "type": "Point",
        "coordinates": [
          113.146094,
          23.05361
        ]
      },
      "properties": {
        "id": "B02F506TYO",
        "name": "千灯湖公园",
        "town": "桂城街道",
        "ent_name": "千灯湖",
        "ent_type": "地名",
        "mentions": 18,
        "src_count": 11,
        "n_related": 9,
        "top3": "江头村(承载文化)|雄威大酒店(位于)|沙头佬酒楼(位于)"
      }
    },
    {
      "type": "Feature",
      "geometry": {
        "type": "Point",
        "coordinates": [
          113.074893,
          23.225188
        ]
      },
      "properties": {
        "id": "B0FFI45F68",
        "name": "刘氏大宗祠",
        "town": "狮山镇",
        "ent_name": "刘氏大宗祠",
        "ent_type": "建筑遗迹",
        "mentions": 2,
        "src_count": 2,
        "n_related": 0,
        "top3": ""
      }
    },
    {
      "type": "Feature",
      "geometry": {
        "type": "Point",
        "coordinates": [
          113.191867,
          23.026327
        ]
      },
      "properties": {
        "id": "B0FFHRPUYH",
        "name": "观音庙",
        "town": "桂城街道",
        "ent_name": "白衣观音庙",
        "ent_type": "建筑遗迹",
        "mentions": 3,
        "src_count": 3,
        "n_related": 1,
        "top3": "林世荣(活动于)"
      }
    },
    {
      "type": "Feature",
      "geometry": {
        "type": "Point",
        "coordinates": [
          112.991882,
          22.888527
        ]
      },
      "properties": {
        "id": "B0FFHKW8UF",
        "name": "西樵戴氏大宗祠",
        "town": "西樵镇",
        "ent_name": "戴氏大宗祠",
        "ent_type": "建筑遗迹",
        "mentions": 3,
        "src_count": 2,
        "n_related": 3,
        "top3": "戴鸿慈(活动于)|戴鸿慈(关联人物)|戴鸿慈(创建修建)"
      }
    },
    {
      "type": "Feature",
      "geometry": {
        "type": "Point",
        "coordinates": [
          113.139763,
          23.232225
        ]
      },
      "properties": {
        "id": "B0FFH47A6W",
        "name": "福德祠",
        "town": "里水镇",
        "ent_name": "福德祠",
        "ent_type": "建筑遗迹",
        "mentions": 3,
        "src_count": 3,
        "n_related": 0,
        "top3": ""
      }
    },
    {
      "type": "Feature",
      "geometry": {
        "type": "Point",
        "coordinates": [
          112.961625,
          22.967047
        ]
      },
      "properties": {
        "id": "B02F507C73",
        "name": "何氏宗祠",
        "town": "西樵镇",
        "ent_name": "何氏宗祠",
        "ent_type": "建筑遗迹",
        "mentions": 9,
        "src_count": 2,
        "n_related": 4,
        "top3": "陈边村(位于)|何松润(承载文化)|何松润(创建修建)"
      }
    },
    {
      "type": "Feature",
      "geometry": {
        "type": "Point",
        "coordinates": [
          113.080252,
          23.180045
        ]
      },
      "properties": {
        "id": "B0FFH42HYC",
        "name": "南海神庙",
        "town": "狮山镇",
        "ent_name": "南海神庙",
        "ent_type": "建筑遗迹",
        "mentions": 4,
        "src_count": 4,
        "n_related": 1,
        "top3": "曾牧野(活动于)"
      }
    },
    {
      "type": "Feature",
      "geometry": {
        "type": "Point",
        "coordinates": [
          113.201118,
          23.201747
        ]
      },
      "properties": {
        "id": "B02F50WJ53",
        "name": "西华寺",
        "town": "里水镇",
        "ent_name": "西华寺",
        "ent_type": "建筑遗迹",
        "mentions": 2,
        "src_count": 1,
        "n_related": 1,
        "top3": "里水(承载文化)"
      }
    },
    {
      "type": "Feature",
      "geometry": {
        "type": "Point",
        "coordinates": [
          113.134857,
          23.100348
        ]
      },
      "properties": {
        "id": "B0FFH48ZUB",
        "name": "叶氏大宗祠",
        "town": "大沥镇",
        "ent_name": "叶氏大宗祠",
        "ent_type": "建筑遗迹",
        "mentions": 2,
        "src_count": 2,
        "n_related": 3,
        "top3": "颜峰村(位于)|叶正简(创建修建)|叶正简(同族)"
      }
    },
    {
      "type": "Feature",
      "geometry": {
        "type": "Point",
        "coordinates": [
          113.146747,
          23.131128
        ]
      },
      "properties": {
        "id": "B0FFH4AQI7",
        "name": "陈氏宗祠",
        "town": "里水镇",
        "ent_name": "陈氏宗祠",
        "ent_type": "建筑遗迹",
        "mentions": 8,
        "src_count": 4,
        "n_related": 0,
        "top3": ""
      }
    },
    {
      "type": "Feature",
      "geometry": {
        "type": "Point",
        "coordinates": [
          112.93146,
          22.990501
        ]
      },
      "properties": {
        "id": "B02F508MWM",
        "name": "文武庙",
        "town": "丹灶镇",
        "ent_name": "文武庙",
        "ent_type": "建筑遗迹",
        "mentions": 11,
        "src_count": 4,
        "n_related": 8,
        "top3": "黄飞鸿(承载文化)|黄飞鸿(活动于)|同治七年(始建于)"
      }
    },
    {
      "type": "Feature",
      "geometry": {
        "type": "Point",
        "coordinates": [
          112.90919,
          22.928719
        ]
      },
      "properties": {
        "id": "B02F507C7C",
        "name": "李氏宗祠(太平圩)",
        "town": "西樵镇",
        "ent_name": "太平圩",
        "ent_type": "地名",
        "mentions": 10,
        "src_count": 3,
        "n_related": 1,
        "top3": "平沙村(位于)"
      }
    },
    {
      "type": "Feature",
      "geometry": {
        "type": "Point",
        "coordinates": [
          112.920356,
          22.962487
        ]
      },
      "properties": {
        "id": "B02F507C71",
        "name": "村头村潘氏大宗祠",
        "town": "丹灶镇",
        "ent_name": "潘氏大宗祠",
        "ent_type": "建筑遗迹",
        "mentions": 4,
        "src_count": 1,
        "n_related": 3,
        "top3": "咸丰四年(始建于)|村头村(位于)|文教村(位于)"
      }
    },
    {
      "type": "Feature",
      "geometry": {
        "type": "Point",
        "coordinates": [
          113.196227,
          23.190165
        ]
      },
      "properties": {
        "id": "B0FFH3XXY4",
        "name": "陈氏大宗祠",
        "town": "里水镇",
        "ent_name": "陈氏大宗祠",
        "ent_type": "建筑遗迹",
        "mentions": 3,
        "src_count": 1,
        "n_related": 0,
        "top3": ""
      }
    },
    {
      "type": "Feature",
      "geometry": {
        "type": "Point",
        "coordinates": [
          113.021404,
          23.062956
        ]
      },
      "properties": {
        "id": "B0FFG3QKJB",
        "name": "黄氏大宗祠",
        "town": "狮山镇",
        "ent_name": "黄氏大宗祠",
        "ent_type": "建筑遗迹",
        "mentions": 4,
        "src_count": 2,
        "n_related": 2,
        "top3": "佛山忠义乡志(记载于)|莲花路(位于)"
      }
    },
    {
      "type": "Feature",
      "geometry": {
        "type": "Point",
        "coordinates": [
          112.966485,
          22.940454
        ]
      },
      "properties": {
        "id": "B02F50V1HK",
        "name": "佛子庙",
        "town": "西樵镇",
        "ent_name": "佛子庙",
        "ent_type": "建筑遗迹",
        "mentions": 2,
        "src_count": 2,
        "n_related": 0,
        "top3": ""
      }
    },
    {
      "type": "Feature",
      "geometry": {
        "type": "Point",
        "coordinates": [
          113.018708,
          22.824724
        ]
      },
      "properties": {
        "id": "B0FFK48YQW",
        "name": "天主堂",
        "town": "丹灶镇",
        "ent_name": "天主堂",
        "ent_type": "建筑遗迹",
        "mentions": 2,
        "src_count": 2,
        "n_related": 1,
        "top3": "草尾(位于)"
      }
    },
    {
      "type": "Feature",
      "geometry": {
        "type": "Point",
        "coordinates": [
          112.977738,
          22.907559
        ]
      },
      "properties": {
        "id": "B0FFF3NK66",
        "name": "南海博物馆",
        "town": "西樵镇",
        "ent_name": "南海博物馆",
        "ent_type": "建筑遗迹",
        "mentions": 10,
        "src_count": 5,
        "n_related": 4,
        "top3": "康有为(关联人物)|邹伯奇(关联人物)|何淡如(著有)"
      }
    },
    {
      "type": "Feature",
      "geometry": {
        "type": "Point",
        "coordinates": [
          113.204028,
          23.132712
        ]
      },
      "properties": {
        "id": "B0FFL0EOCI",
        "name": "白沙乡情馆",
        "town": "里水镇",
        "ent_name": "白沙乡",
        "ent_type": "地名",
        "mentions": 6,
        "src_count": 3,
        "n_related": 6,
        "top3": "石门中学(属于时期)|南海中学(位于)|南海中学(属于时期)"
      }
    },
    {
      "type": "Feature",
      "geometry": {
        "type": "Point",
        "coordinates": [
          112.914431,
          22.985394
        ]
      },
      "properties": {
        "id": "B0K2297F57",
        "name": "佛山市南海区福厚博物馆",
        "town": "丹灶镇",
        "ent_name": "沙基圩",
        "ent_type": "地名",
        "mentions": 1,
        "src_count": 1,
        "n_related": 0,
        "top3": ""
      }
    },
    {
      "type": "Feature",
      "geometry": {
        "type": "Point",
        "coordinates": [
          112.886543,
          23.040686
        ]
      },
      "properties": {
        "id": "B0FFLHZ51O",
        "name": "仙岗村村史馆",
        "town": "丹灶镇",
        "ent_name": "仙岗村",
        "ent_type": "地名",
        "mentions": 2,
        "src_count": 1,
        "n_related": 1,
        "top3": "葛洪(活动于)"
      }
    },
    {
      "type": "Feature",
      "geometry": {
        "type": "Point",
        "coordinates": [
          113.144687,
          23.029646
        ]
      },
      "properties": {
        "id": "B0FFFYPDFT",
        "name": "南海迎宾馆-会议中心",
        "town": "桂城街道",
        "ent_name": "迎宾馆",
        "ent_type": "建筑遗迹",
        "mentions": 2,
        "src_count": 2,
        "n_related": 2,
        "top3": "黎明晖(活动于)|黎明晖(关联人物)"
      }
    },
    {
      "type": "Feature",
      "geometry": {
        "type": "Point",
        "coordinates": [
          113.13986,
          23.248708
        ]
      },
      "properties": {
        "id": "B0FFKCKKR4",
        "name": "维也纳国际酒店(佛山南海和顺店)-会议室",
        "town": "里水镇",
        "ent_name": "和顺",
        "ent_type": "地名",
        "mentions": 24,
        "src_count": 9,
        "n_related": 4,
        "top3": "何克承(活动于)|孔村(属于时期)|西樵白云洞(承载文化)"
      }
    },
    {
      "type": "Feature",
      "geometry": {
        "type": "Point",
        "coordinates": [
          113.033048,
          23.161598
        ]
      },
      "properties": {
        "id": "B02F50XHJX",
        "name": "广东轻工职业技术学院(南海校区北区)图书馆",
        "town": "狮山镇",
        "ent_name": "图书馆",
        "ent_type": "建筑遗迹",
        "mentions": 8,
        "src_count": 5,
        "n_related": 4,
        "top3": "三水县(位于)|民众教育馆(位于)|新华书店(属于时期)"
      }
    },
    {
      "type": "Feature",
      "geometry": {
        "type": "Point",
        "coordinates": [
          113.026773,
          23.146194
        ]
      },
      "properties": {
        "id": "B02F50UZCU",
        "name": "华南师范大学(佛山校区南海校园)图书馆",
        "town": "狮山镇",
        "ent_name": "南师",
        "ent_type": "建筑遗迹",
        "mentions": 2,
        "src_count": 2,
        "n_related": 3,
        "top3": "清虚之府(位于)|抱一草堂(位于)|太乙楼(位于)"
      }
    },
    {
      "type": "Feature",
      "geometry": {
        "type": "Point",
        "coordinates": [
          113.121211,
          23.082048
        ]
      },
      "properties": {
        "id": "B0H6R58TX6",
        "name": "读书驿站大沥大镇社区站",
        "town": "大沥镇",
        "ent_name": "大镇",
        "ent_type": "地名",
        "mentions": 8,
        "src_count": 4,
        "n_related": 4,
        "top3": "谢颂雅(活动于)|陈克武(活动于)|南溪和念三公祠(属于时期)"
      }
    },
    {
      "type": "Feature",
      "geometry": {
        "type": "Point",
        "coordinates": [
          113.04237,
          23.0569
        ]
      },
      "properties": {
        "id": "B0FFIVGHCN",
        "name": "读书驿站(狮山罗北村站)",
        "town": "狮山镇",
        "ent_name": "北村",
        "ent_type": "地名",
        "mentions": 4,
        "src_count": 1,
        "n_related": 1,
        "top3": "石中(位于)"
      }
    },
    {
      "type": "Feature",
      "geometry": {
        "type": "Point",
        "coordinates": [
          113.169632,
          23.111535
        ]
      },
      "properties": {
        "id": "B0IRZD4JGC",
        "name": "读书驿站(大沥横江站)",
        "town": "大沥镇",
        "ent_name": "横江",
        "ent_type": "地名",
        "mentions": 4,
        "src_count": 4,
        "n_related": 0,
        "top3": ""
      }
    },
    {
      "type": "Feature",
      "geometry": {
        "type": "Point",
        "coordinates": [
          112.987725,
          22.891075
        ]
      },
      "properties": {
        "id": "B0L37KKTHT",
        "name": "读书驿站(西樵七星站)",
        "town": "西樵镇",
        "ent_name": "七星",
        "ent_type": "地名",
        "mentions": 3,
        "src_count": 1,
        "n_related": 0,
        "top3": ""
      }
    },
    {
      "type": "Feature",
      "geometry": {
        "type": "Point",
        "coordinates": [
          113.018821,
          23.071186
        ]
      },
      "properties": {
        "id": "B0GR4RHI1B",
        "name": "罗村镇上柏村益智图书室",
        "town": "狮山镇",
        "ent_name": "罗村镇",
        "ent_type": "地名",
        "mentions": 5,
        "src_count": 1,
        "n_related": 1,
        "top3": "话剧小品(承载文化)"
      }
    },
    {
      "type": "Feature",
      "geometry": {
        "type": "Point",
        "coordinates": [
          113.235613,
          22.992987
        ]
      },
      "properties": {
        "id": "B0M61LKE5K",
        "name": "南海图书馆·阅读坊菁英成长中心",
        "town": "桂城街道",
        "ent_name": "南海图书馆",
        "ent_type": "建筑遗迹",
        "mentions": 5,
        "src_count": 1,
        "n_related": 5,
        "top3": "石景宜(关联人物)|南海艺术节(发生于)|陈志东(关联人物)"
      }
    },
    {
      "type": "Feature",
      "geometry": {
        "type": "Point",
        "coordinates": [
          113.131147,
          23.056113
        ]
      },
      "properties": {
        "id": "B0FFID63L8",
        "name": "读书驿站(桂城叠滘小学站)",
        "town": "桂城街道",
        "ent_name": "叠滘小学",
        "ent_type": "建筑遗迹",
        "mentions": 5,
        "src_count": 1,
        "n_related": 3,
        "top3": "叠滘(创建修建)|陈俊朋(创建修建)|陈云标(创建修建)"
      }
    },
    {
      "type": "Feature",
      "geometry": {
        "type": "Point",
        "coordinates": [
          113.184287,
          23.121699
        ]
      },
      "properties": {
        "id": "B02F50UERZ",
        "name": "石门中学",
        "town": "大沥镇",
        "ent_name": "石门中学校",
        "ent_type": "建筑遗迹",
        "mentions": 6,
        "src_count": 1,
        "n_related": 5,
        "top3": "区芳浦(创建修建)|区芳浦(活动于)|石门山(位于)"
      }
    },
    {
      "type": "Feature",
      "geometry": {
        "type": "Point",
        "coordinates": [
          113.020957,
          22.836677
        ]
      },
      "properties": {
        "id": "B02F500E9F",
        "name": "南海九江中学",
        "town": "九江镇",
        "ent_name": "南海九江中学",
        "ent_type": "建筑遗迹",
        "mentions": 3,
        "src_count": 3,
        "n_related": 1,
        "top3": "南声音乐社(承载文化)"
      }
    },
    {
      "type": "Feature",
      "geometry": {
        "type": "Point",
        "coordinates": [
          112.999948,
          22.942728
        ]
      },
      "properties": {
        "id": "B02F508QXL",
        "name": "南海中学",
        "town": "西樵镇",
        "ent_name": "广州南海中学",
        "ent_type": "建筑遗迹",
        "mentions": 2,
        "src_count": 2,
        "n_related": 5,
        "top3": "曾镜涵(活动于)|戴翼丰(活动于)|李宝祥(关联人物)"
      }
    },
    {
      "type": "Feature",
      "geometry": {
        "type": "Point",
        "coordinates": [
          113.082695,
          23.061334
        ]
      },
      "properties": {
        "id": "B02F5076B2",
        "name": "罗村一中",
        "town": "大沥镇",
        "ent_name": "罗村一中",
        "ent_type": "地名",
        "mentions": 3,
        "src_count": 1,
        "n_related": 4,
        "top3": "邓文初(活动于)|张义联(活动于)|陈永销(活动于)"
      }
    },
    {
      "type": "Feature",
      "geometry": {
        "type": "Point",
        "coordinates": [
          113.204258,
          23.130828
        ]
      },
      "properties": {
        "id": "B02F505YGU",
        "name": "白沙小学",
        "town": "大沥镇",
        "ent_name": "白沙小学",
        "ent_type": "建筑遗迹",
        "mentions": 6,
        "src_count": 4,
        "n_related": 1,
        "top3": "杜益谦(创建修建)"
      }
    },
    {
      "type": "Feature",
      "geometry": {
        "type": "Point",
        "coordinates": [
          113.12646,
          23.260514
        ]
      },
      "properties": {
        "id": "B02F501F7I",
        "name": "和顺一中",
        "town": "里水镇",
        "ent_name": "和顺一中",
        "ent_type": "建筑遗迹",
        "mentions": 2,
        "src_count": 2,
        "n_related": 0,
        "top3": ""
      }
    },
    {
      "type": "Feature",
      "geometry": {
        "type": "Point",
        "coordinates": [
          113.040682,
          23.054786
        ]
      },
      "properties": {
        "id": "B02F5076B3",
        "name": "罗村二中",
        "town": "狮山镇",
        "ent_name": "罗村二中",
        "ent_type": "地名",
        "mentions": 2,
        "src_count": 1,
        "n_related": 0,
        "top3": ""
      }
    },
    {
      "type": "Feature",
      "geometry": {
        "type": "Point",
        "coordinates": [
          112.960811,
          22.928671
        ]
      },
      "properties": {
        "id": "B02F5076UQ",
        "name": "西樵中学",
        "town": "西樵镇",
        "ent_name": "西樵中学",
        "ent_type": "建筑遗迹",
        "mentions": 15,
        "src_count": 7,
        "n_related": 7,
        "top3": "西樵山(活动于)|南海中学(关联人物)|简村陈氏大祠堂(位于)"
      }
    },
    {
      "type": "Feature",
      "geometry": {
        "type": "Point",
        "coordinates": [
          113.183359,
          23.11955
        ]
      },
      "properties": {
        "id": "B02F5060JL",
        "name": "石门中学(南校区)",
        "town": "大沥镇",
        "ent_name": "石门",
        "ent_type": "地名",
        "mentions": 10,
        "src_count": 7,
        "n_related": 4,
        "top3": "南海中学(承载文化)|吴隐之(活动于)|越井(活动于)"
      }
    },
    {
      "type": "Feature",
      "geometry": {
        "type": "Point",
        "coordinates": [
          112.987125,
          23.091677
        ]
      },
      "properties": {
        "id": "B02F501F15",
        "name": "小塘中学",
        "town": "狮山镇",
        "ent_name": "小塘中学",
        "ent_type": "地名",
        "mentions": 2,
        "src_count": 1,
        "n_related": 0,
        "top3": ""
      }
    },
    {
      "type": "Feature",
      "geometry": {
        "type": "Point",
        "coordinates": [
          113.150812,
          23.052088
        ]
      },
      "properties": {
        "id": "B02F511W5J",
        "name": "珠海华润银行(佛山分行)",
        "town": "桂城街道",
        "ent_name": "珠海",
        "ent_type": "地名",
        "mentions": 2,
        "src_count": 2,
        "n_related": 1,
        "top3": "佛山粤剧团(盛产)"
      }
    },
    {
      "type": "Feature",
      "geometry": {
        "type": "Point",
        "coordinates": [
          112.975682,
          22.941168
        ]
      },
      "properties": {
        "id": "B02F5054F8",
        "name": "南海农商银行(西樵支行)",
        "town": "西樵镇",
        "ent_name": "官山圩",
        "ent_type": "地名",
        "mentions": 34,
        "src_count": 5,
        "n_related": 12,
        "top3": "西樵山(位于)|西樵山(活动于)|云泉仙馆(位于)"
      }
    },
    {
      "type": "Feature",
      "geometry": {
        "type": "Point",
        "coordinates": [
          113.141117,
          23.047486
        ]
      },
      "properties": {
        "id": "B02F5076GC",
        "name": "南海体育馆",
        "town": "桂城街道",
        "ent_name": "南海体育馆",
        "ent_type": "建筑遗迹",
        "mentions": 2,
        "src_count": 1,
        "n_related": 0,
        "top3": ""
      }
    },
    {
      "type": "Feature",
      "geometry": {
        "type": "Point",
        "coordinates": [
          113.147596,
          23.027407
        ]
      },
      "properties": {
        "id": "B02F501Y45",
        "name": "南海影剧院",
        "town": "桂城街道",
        "ent_name": "南海影剧院",
        "ent_type": "建筑遗迹",
        "mentions": 8,
        "src_count": 1,
        "n_related": 5,
        "top3": "康有为(著有)|西樵山(活动于)|数鱼花(承载文化)"
      }
    },
    {
      "type": "Feature",
      "geometry": {
        "type": "Point",
        "coordinates": [
          112.945135,
          22.923938
        ]
      },
      "properties": {
        "id": "B02F501SVF",
        "name": "黄飞鸿狮艺武术馆",
        "town": "西樵镇",
        "ent_name": "南海黄飞鸿狮艺武术馆",
        "ent_type": "建筑遗迹",
        "mentions": 2,
        "src_count": 1,
        "n_related": 1,
        "top3": "黄飞鸿(关联人物)"
      }
    },
    {
      "type": "Feature",
      "geometry": {
        "type": "Point",
        "coordinates": [
          112.972411,
          22.921564
        ]
      },
      "properties": {
        "id": "B0FFKATPC9",
        "name": "西樵山桃花源农家乐",
        "town": "西樵镇",
        "ent_name": "锦岩",
        "ent_type": "建筑遗迹",
        "mentions": 2,
        "src_count": 2,
        "n_related": 0,
        "top3": ""
      }
    },
    {
      "type": "Feature",
      "geometry": {
        "type": "Point",
        "coordinates": [
          113.147405,
          23.169988
        ]
      },
      "properties": {
        "id": "B0LG7AVMDB",
        "name": "肆季·广西非遗酸嘢(里水佳明广场店)",
        "town": "里水镇",
        "ent_name": "广西",
        "ent_type": "地名",
        "mentions": 3,
        "src_count": 2,
        "n_related": 1,
        "top3": "罗村(盛产)"
      }
    },
    {
      "type": "Feature",
      "geometry": {
        "type": "Point",
        "coordinates": [
          113.144948,
          23.114362
        ]
      },
      "properties": {
        "id": "B0KKS7457V",
        "name": "爷爷不泡茶NOYEYENOTEA(佛山大沥永旺梦乐城店)",
        "town": "大沥镇",
        "ent_name": "大沥",
        "ent_type": "地名",
        "mentions": 56,
        "src_count": 22,
        "n_related": 37,
        "top3": "康有为(盛产)|陈启沅(属于时期)|石门中学(位于)"
      }
    },
    {
      "type": "Feature",
      "geometry": {
        "type": "Point",
        "coordinates": [
          113.147625,
          23.170075
        ]
      },
      "properties": {
        "id": "B0L0H1SAMG",
        "name": "爷爷不泡茶NOYEYENOTEA(佛山里水嘉洲广场店)",
        "town": "里水镇",
        "ent_name": "里水",
        "ent_type": "地名",
        "mentions": 44,
        "src_count": 16,
        "n_related": 29,
        "top3": "南狮(承载文化)|邓文初(活动于)|南海美食(盛产)"
      }
    },
    {
      "type": "Feature",
      "geometry": {
        "type": "Point",
        "coordinates": [
          113.187966,
          23.109414
        ]
      },
      "properties": {
        "id": "B0K0P5W2TW",
        "name": "爷爷不泡茶NOYEYENOTEA(佛山黄岐金铂天地店)",
        "town": "大沥镇",
        "ent_name": "黄岐",
        "ent_type": "地名",
        "mentions": 15,
        "src_count": 5,
        "n_related": 2,
        "top3": "龙母庙(位于)|龙母诞(发生于)"
      }
    },
    {
      "type": "Feature",
      "geometry": {
        "type": "Point",
        "coordinates": [
          113.200164,
          23.142893
        ]
      },
      "properties": {
        "id": "B0LR5SA82L",
        "name": "爷爷不泡茶NOYEYENOTEA(佛山金沙洲金铂天地店)",
        "town": "里水镇",
        "ent_name": "金沙",
        "ent_type": "地名",
        "mentions": 6,
        "src_count": 2,
        "n_related": 0,
        "top3": ""
      }
    },
    {
      "type": "Feature",
      "geometry": {
        "type": "Point",
        "coordinates": [
          112.935246,
          23.046177
        ]
      },
      "properties": {
        "id": "B0FFKCIQYL",
        "name": "沙水村古村落",
        "town": "丹灶镇",
        "ent_name": "沙水村",
        "ent_type": "地名",
        "mentions": 5,
        "src_count": 2,
        "n_related": 5,
        "top3": "刘廷镜(活动于)|刘国珍(活动于)|南乔公祠(位于)"
      }
    },
    {
      "type": "Feature",
      "geometry": {
        "type": "Point",
        "coordinates": [
          112.93488,
          23.047074
        ]
      },
      "properties": {
        "id": "B0HRV7T4XT",
        "name": "太史第",
        "town": "丹灶镇",
        "ent_name": "江太史第",
        "ent_type": "建筑遗迹",
        "mentions": 2,
        "src_count": 1,
        "n_related": 1,
        "top3": "江孔殷(创建修建)"
      }
    },
    {
      "type": "Feature",
      "geometry": {
        "type": "Point",
        "coordinates": [
          113.131515,
          23.153857
        ]
      },
      "properties": {
        "id": "B0LGTX12VB",
        "name": "梁氏大宗祠",
        "town": "里水镇",
        "ent_name": "梁氏大宗祠",
        "ent_type": "建筑遗迹",
        "mentions": 2,
        "src_count": 1,
        "n_related": 0,
        "top3": ""
      }
    },
    {
      "type": "Feature",
      "geometry": {
        "type": "Point",
        "coordinates": [
          113.125926,
          23.13648
        ]
      },
      "properties": {
        "id": "B0LKXPI5QF",
        "name": "梁氏宗祠",
        "town": "里水镇",
        "ent_name": "梁氏宗祠",
        "ent_type": "建筑遗迹",
        "mentions": 8,
        "src_count": 3,
        "n_related": 2,
        "top3": "梁灶(关联人物)|石排村(位于)"
      }
    },
    {
      "type": "Feature",
      "geometry": {
        "type": "Point",
        "coordinates": [
          113.07571,
          23.126967
        ]
      },
      "properties": {
        "id": "B0LG0R5O0I",
        "name": "吴氏大宗祠",
        "town": "大沥镇",
        "ent_name": "吴氏大宗祠",
        "ent_type": "建筑遗迹",
        "mentions": 2,
        "src_count": 1,
        "n_related": 1,
        "top3": "吴肇钟(活动于)"
      }
    },
    {
      "type": "Feature",
      "geometry": {
        "type": "Point",
        "coordinates": [
          112.989832,
          22.896595
        ]
      },
      "properties": {
        "id": "B0LG0L6MPA",
        "name": "麦氏宗祠",
        "town": "丹灶镇",
        "ent_name": "麦氏宗祠",
        "ent_type": "建筑遗迹",
        "mentions": 2,
        "src_count": 1,
        "n_related": 0,
        "top3": ""
      }
    },
    {
      "type": "Feature",
      "geometry": {
        "type": "Point",
        "coordinates": [
          113.015703,
          23.041153
        ]
      },
      "properties": {
        "id": "B0LG0R6HAB",
        "name": "李氏大宗祠",
        "town": "丹灶镇",
        "ent_name": "李氏大宗祠",
        "ent_type": "建筑遗迹",
        "mentions": 6,
        "src_count": 4,
        "n_related": 5,
        "top3": "李待问(创建修建)|清代嘉庆年间(始建于)|李可端(创建修建)"
      }
    },
    {
      "type": "Feature",
      "geometry": {
        "type": "Point",
        "coordinates": [
          112.904097,
          23.12378
        ]
      },
      "properties": {
        "id": "B0LGZLWDSR",
        "name": "棋盘村陈氏宗祠(万元户纪念馆)",
        "town": "狮山镇",
        "ent_name": "棋盘村",
        "ent_type": "地名",
        "mentions": 6,
        "src_count": 1,
        "n_related": 3,
        "top3": "陈氏宗祠(位于)|陈氏宗祠(活动于)|陈氏大宗祠(位于)"
      }
    },
    {
      "type": "Feature",
      "geometry": {
        "type": "Point",
        "coordinates": [
          112.955985,
          22.870267
        ]
      },
      "properties": {
        "id": "B0LGHCO34S",
        "name": "烟南南水村吴氏宗祠",
        "town": "西樵镇",
        "ent_name": "南水村",
        "ent_type": "地名",
        "mentions": 3,
        "src_count": 1,
        "n_related": 2,
        "top3": "苏六朋(出生于)|苏六朋(活动于)"
      }
    },
    {
      "type": "Feature",
      "geometry": {
        "type": "Point",
        "coordinates": [
          113.002868,
          23.153579
        ]
      },
      "properties": {
        "id": "B0LG0R5OL6",
        "name": "孔村宗祠",
        "town": "里水镇",
        "ent_name": "孔村",
        "ent_type": "地名",
        "mentions": 8,
        "src_count": 2,
        "n_related": 12,
        "top3": "祠堂(位于)|孔子(同族)|李景宗(关联人物)"
      }
    },
    {
      "type": "Feature",
      "geometry": {
        "type": "Point",
        "coordinates": [
          112.984842,
          23.061732
        ]
      },
      "properties": {
        "id": "B0MBK5Q7UA",
        "name": "奇石村陈氏宗祠",
        "town": "狮山镇",
        "ent_name": "奇石村",
        "ent_type": "地名",
        "mentions": 7,
        "src_count": 6,
        "n_related": 2,
        "top3": "树本善堂(关联人物)|石湾陶器(盛产)"
      }
    },
    {
      "type": "Feature",
      "geometry": {
        "type": "Point",
        "coordinates": [
          112.893823,
          22.953859
        ]
      },
      "properties": {
        "id": "B0LRHA7DZK",
        "name": "西樵镇河溪村周家祠堂",
        "town": "西樵镇",
        "ent_name": "河溪村",
        "ent_type": "地名",
        "mentions": 2,
        "src_count": 1,
        "n_related": 0,
        "top3": ""
      }
    },
    {
      "type": "Feature",
      "geometry": {
        "type": "Point",
        "coordinates": [
          113.015862,
          23.039626
        ]
      },
      "properties": {
        "id": "B0LDBOEMZ1",
        "name": "叶氏宗祠",
        "town": "丹灶镇",
        "ent_name": "叶氏宗祠",
        "ent_type": "建筑遗迹",
        "mentions": 3,
        "src_count": 1,
        "n_related": 1,
        "top3": "颜峰村(位于)"
      }
    },
    {
      "type": "Feature",
      "geometry": {
        "type": "Point",
        "coordinates": [
          112.953897,
          22.900263
        ]
      },
      "properties": {
        "id": "B0LBS5UDJF",
        "name": "儒溪村陈氏宗祠",
        "town": "西樵镇",
        "ent_name": "儒溪村",
        "ent_type": "地名",
        "mentions": 3,
        "src_count": 1,
        "n_related": 0,
        "top3": ""
      }
    },
    {
      "type": "Feature",
      "geometry": {
        "type": "Point",
        "coordinates": [
          112.930983,
          22.991846
        ]
      },
      "properties": {
        "id": "B0LAP7F790",
        "name": "霍氏宗祠",
        "town": "丹灶镇",
        "ent_name": "霍氏宗祠",
        "ent_type": "建筑遗迹",
        "mentions": 5,
        "src_count": 3,
        "n_related": 3,
        "top3": "镇东(关联人物)|镇东(活动于)|佛山大道中段(位于)"
      }
    },
    {
      "type": "Feature",
      "geometry": {
        "type": "Point",
        "coordinates": [
          112.896194,
          22.921524
        ]
      },
      "properties": {
        "id": "B0L3HZ88Q1",
        "name": "平沙南社古圆祠堂",
        "town": "西樵镇",
        "ent_name": "古圆祠",
        "ent_type": "建筑遗迹",
        "mentions": 2,
        "src_count": 1,
        "n_related": 0,
        "top3": ""
      }
    },
    {
      "type": "Feature",
      "geometry": {
        "type": "Point",
        "coordinates": [
          112.977185,
          22.929907
        ]
      },
      "properties": {
        "id": "B02F50YSSQ",
        "name": "西樵山宝峰寺",
        "town": "西樵镇",
        "ent_name": "宝峰寺",
        "ent_type": "建筑遗迹",
        "mentions": 15,
        "src_count": 7,
        "n_related": 3,
        "top3": "西樵山(始建于)|西樵山(承载文化)|西樵山(活动于)"
      }
    },
    {
      "type": "Feature",
      "geometry": {
        "type": "Point",
        "coordinates": [
          113.082716,
          23.232721
        ]
      },
      "properties": {
        "id": "B0L67S1IK4",
        "name": "凤山古庙",
        "town": "狮山镇",
        "ent_name": "凤山古庙",
        "ent_type": "建筑遗迹",
        "mentions": 2,
        "src_count": 1,
        "n_related": 1,
        "top3": "生菜会(活动于)"
      }
    },
    {
      "type": "Feature",
      "geometry": {
        "type": "Point",
        "coordinates": [
          112.990348,
          22.823562
        ]
      },
      "properties": {
        "id": "B0K229G3RK",
        "name": "龙母庙",
        "town": "丹灶镇",
        "ent_name": "龙母庙",
        "ent_type": "建筑遗迹",
        "mentions": 9,
        "src_count": 6,
        "n_related": 1,
        "top3": "聚龙村(活动于)"
      }
    },
    {
      "type": "Feature",
      "geometry": {
        "type": "Point",
        "coordinates": [
          113.090138,
          23.059543
        ]
      },
      "properties": {
        "id": "B02F50774O",
        "name": "康公庙",
        "town": "大沥镇",
        "ent_name": "康公庙",
        "ent_type": "建筑遗迹",
        "mentions": 5,
        "src_count": 3,
        "n_related": 2,
        "top3": "恩洲堡(位于)|康保裔(关联人物)"
      }
    },
    {
      "type": "Feature",
      "geometry": {
        "type": "Point",
        "coordinates": [
          112.907281,
          22.953334
        ]
      },
      "properties": {
        "id": "B0KUBLPGAD",
        "name": "文昌庙",
        "town": "西樵镇",
        "ent_name": "文昌庙",
        "ent_type": "建筑遗迹",
        "mentions": 3,
        "src_count": 2,
        "n_related": 0,
        "top3": ""
      }
    },
    {
      "type": "Feature",
      "geometry": {
        "type": "Point",
        "coordinates": [
          112.973089,
          22.842647
        ]
      },
      "properties": {
        "id": "B0HA6HAYXO",
        "name": "先锋庙",
        "town": "西樵镇",
        "ent_name": "先锋庙",
        "ent_type": "建筑遗迹",
        "mentions": 4,
        "src_count": 3,
        "n_related": 0,
        "top3": ""
      }
    },
    {
      "type": "Feature",
      "geometry": {
        "type": "Point",
        "coordinates": [
          113.039085,
          22.827966
        ]
      },
      "properties": {
        "id": "B02F507CAF",
        "name": "观音堂",
        "town": "丹灶镇",
        "ent_name": "观音堂",
        "ent_type": "建筑遗迹",
        "mentions": 9,
        "src_count": 5,
        "n_related": 7,
        "top3": "佛山(盛产)|灵应祠(位于)|灵应祠(承载文化)"
      }
    },
    {
      "type": "Feature",
      "geometry": {
        "type": "Point",
        "coordinates": [
          112.95341,
          22.945087
        ]
      },
      "properties": {
        "id": "B02F507C78",
        "name": "陈启沅纪念馆",
        "town": "西樵镇",
        "ent_name": "陈启沅纪念馆",
        "ent_type": "建筑遗迹",
        "mentions": 8,
        "src_count": 2,
        "n_related": 1,
        "top3": "里水沈村(位于)"
      }
    },
    {
      "type": "Feature",
      "geometry": {
        "type": "Point",
        "coordinates": [
          113.090524,
          23.219449
        ]
      },
      "properties": {
        "id": "B0FFKBOBLV",
        "name": "黄少强故居",
        "town": "大沥镇",
        "ent_name": "黄少强故居",
        "ent_type": "建筑遗迹",
        "mentions": 4,
        "src_count": 1,
        "n_related": 2,
        "top3": "黄少强(关联人物)|里水沈村(位于)"
      }
    },
    {
      "type": "Feature",
      "geometry": {
        "type": "Point",
        "coordinates": [
          112.993817,
          22.935557
        ]
      },
      "properties": {
        "id": "B0FFG29ZN7",
        "name": "胜利纪念亭",
        "town": "西樵镇",
        "ent_name": "抗日胜利纪念亭",
        "ent_type": "建筑遗迹",
        "mentions": 2,
        "src_count": 1,
        "n_related": 0,
        "top3": ""
      }
    },
    {
      "type": "Feature",
      "geometry": {
        "type": "Point",
        "coordinates": [
          112.912591,
          22.985221
        ]
      },
      "properties": {
        "id": "B0HGFA61BV",
        "name": "区梦觉故居",
        "town": "西樵镇",
        "ent_name": "区梦觉故居",
        "ent_type": "建筑遗迹",
        "mentions": 1,
        "src_count": 1,
        "n_related": 1,
        "top3": "区梦觉(关联人物)"
      }
    },
    {
      "type": "Feature",
      "geometry": {
        "type": "Point",
        "coordinates": [
          112.912784,
          22.986892
        ]
      },
      "properties": {
        "id": "B0HG2U05AL",
        "name": "区梦觉生平事迹展陈馆",
        "town": "西樵镇",
        "ent_name": "松塘村",
        "ent_type": "地名",
        "mentions": 45,
        "src_count": 13,
        "n_related": 13,
        "top3": "康有为(活动于)|清代(活动于)|区梦觉(活动于)"
      }
    },
    {
      "type": "Feature",
      "geometry": {
        "type": "Point",
        "coordinates": [
          112.915719,
          23.027375
        ]
      },
      "properties": {
        "id": "B0LDCRVBG7",
        "name": "方献夫纪念馆",
        "town": "丹灶镇",
        "ent_name": "方献夫纪念馆",
        "ent_type": "建筑遗迹",
        "mentions": 2,
        "src_count": 1,
        "n_related": 2,
        "top3": "方献夫(创建修建)|孔边村(位于)"
      }
    },
    {
      "type": "Feature",
      "geometry": {
        "type": "Point",
        "coordinates": [
          112.946325,
          22.924316
        ]
      },
      "properties": {
        "id": "B02F5076FC",
        "name": "黄君壁纪念馆",
        "town": "西樵镇",
        "ent_name": "黄君壁纪念馆",
        "ent_type": "建筑遗迹",
        "mentions": 2,
        "src_count": 2,
        "n_related": 0,
        "top3": ""
      }
    },
    {
      "type": "Feature",
      "geometry": {
        "type": "Point",
        "coordinates": [
          113.017327,
          22.830081
        ]
      },
      "properties": {
        "id": "B02F50WJ3F",
        "name": "启和文化纪念馆",
        "town": "九江镇",
        "ent_name": "三元桥",
        "ent_type": "建筑遗迹",
        "mentions": 4,
        "src_count": 4,
        "n_related": 5,
        "top3": "东兴社(承载文化)|东兴社(活动于)|大谷(承载文化)"
      }
    },
    {
      "type": "Feature",
      "geometry": {
        "type": "Point",
        "coordinates": [
          112.90455,
          23.020622
        ]
      },
      "properties": {
        "id": "B0JDN78GG2",
        "name": "康有为纪念馆(暂停开放)",
        "town": "丹灶镇",
        "ent_name": "康有为故居",
        "ent_type": "建筑遗迹",
        "mentions": 70,
        "src_count": 16,
        "n_related": 14,
        "top3": "康有为(创建修建)|康有为(活动于)|康有为(关联人物)"
      }
    },
    {
      "type": "Feature",
      "geometry": {
        "type": "Point",
        "coordinates": [
          113.14645,
          23.022247
        ]
      },
      "properties": {
        "id": "B02F501IFU",
        "name": "佛山市南海区文化馆",
        "town": "桂城街道",
        "ent_name": "南海文化馆",
        "ent_type": "建筑遗迹",
        "mentions": 3,
        "src_count": 1,
        "n_related": 2,
        "top3": "张明基(活动于)|西检(活动于)"
      }
    },
    {
      "type": "Feature",
      "geometry": {
        "type": "Point",
        "coordinates": [
          113.01039,
          23.117597
        ]
      },
      "properties": {
        "id": "B0L23G4700",
        "name": "南海区工人文化宫狮山宫",
        "town": "狮山镇",
        "ent_name": "工人文化宫",
        "ent_type": "建筑遗迹",
        "mentions": 3,
        "src_count": 2,
        "n_related": 1,
        "top3": "佛山市志(记载于)"
      }
    },
    {
      "type": "Feature",
      "geometry": {
        "type": "Point",
        "coordinates": [
          113.137629,
          23.251478
        ]
      },
      "properties": {
        "id": "B0FFJMK9RP",
        "name": "和顺镇和中村文化室",
        "town": "里水镇",
        "ent_name": "和顺镇",
        "ent_type": "地名",
        "mentions": 9,
        "src_count": 5,
        "n_related": 17,
        "top3": "姚大宁(出生于)|姚大宁(活动于)|金山古寺(位于)"
      }
    },
    {
      "type": "Feature",
      "geometry": {
        "type": "Point",
        "coordinates": [
          112.981097,
          22.886898
        ]
      },
      "properties": {
        "id": "B0FFH2SMRG",
        "name": "牌楼村文化室",
        "town": "西樵镇",
        "ent_name": "牌楼村",
        "ent_type": "地名",
        "mentions": 4,
        "src_count": 2,
        "n_related": 0,
        "top3": ""
      }
    },
    {
      "type": "Feature",
      "geometry": {
        "type": "Point",
        "coordinates": [
          113.0906,
          23.189723
        ]
      },
      "properties": {
        "id": "B02F50XHHC",
        "name": "万石大莲塘村文化室",
        "town": "大沥镇",
        "ent_name": "莲塘",
        "ent_type": "地名",
        "mentions": 3,
        "src_count": 3,
        "n_related": 2,
        "top3": "陈氏(活动于)|佛山刺绣(承载文化)"
      }
    },
    {
      "type": "Feature",
      "geometry": {
        "type": "Point",
        "coordinates": [
          112.96585,
          22.983665
        ]
      },
      "properties": {
        "id": "B0IDHCQQ5W",
        "name": "九队文化楼",
        "town": "西樵镇",
        "ent_name": "大岸圩",
        "ent_type": "地名",
        "mentions": 3,
        "src_count": 1,
        "n_related": 0,
        "top3": ""
      }
    },
    {
      "type": "Feature",
      "geometry": {
        "type": "Point",
        "coordinates": [
          112.973856,
          22.91818
        ]
      },
      "properties": {
        "id": "B0LG7H1IPF",
        "name": "四峰书院遗址",
        "town": "西樵镇",
        "ent_name": "四峰",
        "ent_type": "建筑遗迹",
        "mentions": 2,
        "src_count": 2,
        "n_related": 0,
        "top3": ""
      }
    },
    {
      "type": "Feature",
      "geometry": {
        "type": "Point",
        "coordinates": [
          113.167227,
          23.096652
        ]
      },
      "properties": {
        "id": "B0HAMR1FF2",
        "name": "大沥镇联安武术龙狮龙舟训练基地",
        "town": "大沥镇",
        "ent_name": "联安",
        "ent_type": "地名",
        "mentions": 2,
        "src_count": 2,
        "n_related": 0,
        "top3": ""
      }
    },
    {
      "type": "Feature",
      "geometry": {
        "type": "Point",
        "coordinates": [
          113.142573,
          23.031358
        ]
      },
      "properties": {
        "id": "B0G2ZRHHSR",
        "name": "新精武极一功夫会馆(佛山校区)",
        "town": "桂城街道",
        "ent_name": "会馆",
        "ent_type": "建筑遗迹",
        "mentions": 2,
        "src_count": 2,
        "n_related": 2,
        "top3": "潘光岳(创建修建)|祖庙大街(承载文化)"
      }
    },
    {
      "type": "Feature",
      "geometry": {
        "type": "Point",
        "coordinates": [
          113.129977,
          23.117915
        ]
      },
      "properties": {
        "id": "B0FFFSQEM9",
        "name": "广东省精武会大沥杏花武馆",
        "town": "大沥镇",
        "ent_name": "武馆",
        "ent_type": "建筑遗迹",
        "mentions": 3,
        "src_count": 3,
        "n_related": 4,
        "top3": "黄飞鸿(创建修建)|黄飞鸿(活动于)|大文教村(位于)"
      }
    },
    {
      "type": "Feature",
      "geometry": {
        "type": "Point",
        "coordinates": [
          113.188317,
          23.116418
        ]
      },
      "properties": {
        "id": "B0FFL4CJE2",
        "name": "德易国际跆拳道南海馆(西苑大厦店)",
        "town": "大沥镇",
        "ent_name": "南海馆",
        "ent_type": "建筑遗迹",
        "mentions": 6,
        "src_count": 3,
        "n_related": 5,
        "top3": "康有为(活动于)|康有为(创建修建)|梁启超(活动于)"
      }
    },
    {
      "type": "Feature",
      "geometry": {
        "type": "Point",
        "coordinates": [
          112.954388,
          22.959528
        ]
      },
      "properties": {
        "id": "B0FFMDBB69",
        "name": "龙武武术跆拳道馆",
        "town": "西樵镇",
        "ent_name": "民乐市",
        "ent_type": "地名",
        "mentions": 5,
        "src_count": 2,
        "n_related": 0,
        "top3": ""
      }
    },
    {
      "type": "Feature",
      "geometry": {
        "type": "Point",
        "coordinates": [
          112.946759,
          22.962234
        ]
      },
      "properties": {
        "id": "B0IROZXQ6N",
        "name": "聚贤堂第六训练基地(关西一街)",
        "town": "桂城街道",
        "ent_name": "聚贤堂",
        "ent_type": "建筑遗迹",
        "mentions": 2,
        "src_count": 1,
        "n_related": 2,
        "top3": "陈家祠(位于)|陈家祠(承载文化)"
      }
    },
    {
      "type": "Feature",
      "geometry": {
        "type": "Point",
        "coordinates": [
          112.966858,
          22.942866
        ]
      },
      "properties": {
        "id": "B0FFJI1LXG",
        "name": "西樵龙狮武术运动协会青联龙狮训练基地",
        "town": "西樵镇",
        "ent_name": "龙狮训练基地",
        "ent_type": "建筑遗迹",
        "mentions": 2,
        "src_count": 2,
        "n_related": 2,
        "top3": "狮头(承载文化)|大鼓(承载文化)"
      }
    },
    {
      "type": "Feature",
      "geometry": {
        "type": "Point",
        "coordinates": [
          113.075348,
          23.227607
        ]
      },
      "properties": {
        "id": "B0FFK4D8L2",
        "name": "永春拳馆武术龙狮协会",
        "town": "大沥镇",
        "ent_name": "狮山镇",
        "ent_type": "地名",
        "mentions": 16,
        "src_count": 4,
        "n_related": 13,
        "top3": "北江(盛产)|海瑞(活动于)|树本善堂(活动于)"
      }
    },
    {
      "type": "Feature",
      "geometry": {
        "type": "Point",
        "coordinates": [
          113.205271,
          23.132094
        ]
      },
      "properties": {
        "id": "B02F50Z8TF",
        "name": "三堂书院",
        "town": "大沥镇",
        "ent_name": "三堂书院",
        "ent_type": "建筑遗迹",
        "mentions": 2,
        "src_count": 1,
        "n_related": 1,
        "top3": "光绪年间(始建于)"
      }
    },
    {
      "type": "Feature",
      "geometry": {
        "type": "Point",
        "coordinates": [
          112.973616,
          22.922499
        ]
      },
      "properties": {
        "id": "B0FFHHD2NL",
        "name": "大科书院",
        "town": "西樵镇",
        "ent_name": "大科书院",
        "ent_type": "建筑遗迹",
        "mentions": 14,
        "src_count": 4,
        "n_related": 8,
        "top3": "西樵山(同类)|方献夫(创建修建)|湛若水(创建修建)"
      }
    },
    {
      "type": "Feature",
      "geometry": {
        "type": "Point",
        "coordinates": [
          112.952212,
          23.028369
        ]
      },
      "properties": {
        "id": "B0J1KZ86ZS",
        "name": "明途书院",
        "town": "丹灶镇",
        "ent_name": "罗行圩",
        "ent_type": "地名",
        "mentions": 4,
        "src_count": 1,
        "n_related": 4,
        "top3": "乾隆年间(活动于)|罗行(盛产)|康熙二十七年(始建于)"
      }
    },
    {
      "type": "Feature",
      "geometry": {
        "type": "Point",
        "coordinates": [
          112.985881,
          22.88756
        ]
      },
      "properties": {
        "id": "B0LRPZQJUU",
        "name": "西樵大同书院",
        "town": "西樵镇",
        "ent_name": "西樵大同",
        "ent_type": "地名",
        "mentions": 2,
        "src_count": 2,
        "n_related": 0,
        "top3": ""
      }
    },
    {
      "type": "Feature",
      "geometry": {
        "type": "Point",
        "coordinates": [
          113.110998,
          23.188781
        ]
      },
      "properties": {
        "id": "B0FFIZPNMB",
        "name": "中央电视台南海影视城-城墙城门楼",
        "town": "大沥镇",
        "ent_name": "门楼",
        "ent_type": "建筑遗迹",
        "mentions": 5,
        "src_count": 2,
        "n_related": 1,
        "top3": "陈边村(位于)"
      }
    },
    {
      "type": "Feature",
      "geometry": {
        "type": "Point",
        "coordinates": [
          113.163138,
          23.076836
        ]
      },
      "properties": {
        "id": "B0GU9XUUR4",
        "name": "南海区亲寄盐步河西西炮楼",
        "town": "大沥镇",
        "ent_name": "河西",
        "ent_type": "地名",
        "mentions": 3,
        "src_count": 3,
        "n_related": 0,
        "top3": ""
      }
    },
    {
      "type": "Feature",
      "geometry": {
        "type": "Point",
        "coordinates": [
          113.092972,
          23.200746
        ]
      },
      "properties": {
        "id": "B0KBX7L8SD",
        "name": "佛山市南海区狮山镇官窑黎岗乡礼南村六巷省轩李公祠",
        "town": "狮山镇",
        "ent_name": "南村",
        "ent_type": "地名",
        "mentions": 4,
        "src_count": 3,
        "n_related": 0,
        "top3": ""
      }
    },
    {
      "type": "Feature",
      "geometry": {
        "type": "Point",
        "coordinates": [
          112.964474,
          22.933739
        ]
      },
      "properties": {
        "id": "B0FFG28ALY",
        "name": "西樵山风景名胜区-字祖庙(装修中)",
        "town": "西樵镇",
        "ent_name": "白云古寺",
        "ent_type": "建筑遗迹",
        "mentions": 16,
        "src_count": 7,
        "n_related": 2,
        "top3": "吕仙(承载文化)|嘉庆二十四年(始建于)"
      }
    },
    {
      "type": "Feature",
      "geometry": {
        "type": "Point",
        "coordinates": [
          113.141115,
          23.024813
        ]
      },
      "properties": {
        "id": "B02F501IFU",
        "name": "南海文化馆",
        "town": "桂城街道",
        "ent_name": "南海文化馆",
        "ent_type": "建筑遗迹",
        "mentions": 3,
        "src_count": 1,
        "n_related": 2,
        "top3": "张明基(活动于)|西检(活动于)"
      }
    },
    {
      "type": "Feature",
      "geometry": {
        "type": "Point",
        "coordinates": [
          113.018135,
          22.919126
        ]
      },
      "properties": {
        "id": "B02F503U2C",
        "name": "沙头镇西桥管理区治保会",
        "town": "九江镇",
        "ent_name": "沙头镇",
        "ent_type": "地名",
        "mentions": 11,
        "src_count": 3,
        "n_related": 1,
        "top3": "朱完(出生于)"
      }
    },
    {
      "type": "Feature",
      "geometry": {
        "type": "Point",
        "coordinates": [
          113.142081,
          23.053483
        ]
      },
      "properties": {
        "id": "B02F506TYO",
        "name": "千灯湖",
        "town": "桂城街道",
        "ent_name": "千灯湖",
        "ent_type": "地名",
        "mentions": 18,
        "src_count": 11,
        "n_related": 9,
        "top3": "江头村(承载文化)|雄威大酒店(位于)|沙头佬酒楼(位于)"
      }
    },
    {
      "type": "Feature",
      "geometry": {
        "type": "Point",
        "coordinates": [
          112.917827,
          22.894708
        ]
      },
      "properties": {
        "id": "B02F506YEU",
        "name": "三桥市",
        "town": "西樵镇",
        "ent_name": "三桥市",
        "ent_type": "地名",
        "mentions": 2,
        "src_count": 1,
        "n_related": 0,
        "top3": ""
      }
    },
    {
      "type": "Feature",
      "geometry": {
        "type": "Point",
        "coordinates": [
          112.872731,
          22.857182
        ]
      },
      "properties": {
        "id": "B02F5076NF",
        "name": "庆云洞",
        "town": "西樵镇",
        "ent_name": "庆云洞",
        "ent_type": "建筑遗迹",
        "mentions": 5,
        "src_count": 2,
        "n_related": 1,
        "top3": "云泉仙馆(同类)"
      }
    },
    {
      "type": "Feature",
      "geometry": {
        "type": "Point",
        "coordinates": [
          112.889484,
          23.008573
        ]
      },
      "properties": {
        "id": "B02F5076XU",
        "name": "银河公园",
        "town": "丹灶镇",
        "ent_name": "银河",
        "ent_type": "地名",
        "mentions": 2,
        "src_count": 2,
        "n_related": 2,
        "top3": "西樵山(位于)|银塘(位于)"
      }
    },
    {
      "type": "Feature",
      "geometry": {
        "type": "Point",
        "coordinates": [
          112.899757,
          23.023353
        ]
      },
      "properties": {
        "id": "B02F5076XX",
        "name": "大同",
        "town": "丹灶镇",
        "ent_name": "大同二村",
        "ent_type": "地名",
        "mentions": 2,
        "src_count": 1,
        "n_related": 0,
        "top3": ""
      }
    },
    {
      "type": "Feature",
      "geometry": {
        "type": "Point",
        "coordinates": [
          112.899125,
          23.023608
        ]
      },
      "properties": {
        "id": "B02F5076Y0",
        "name": "康有为纪念馆",
        "town": "丹灶镇",
        "ent_name": "康有为纪念馆",
        "ent_type": "建筑遗迹",
        "mentions": 14,
        "src_count": 4,
        "n_related": 5,
        "top3": "康有为(关联人物)|康有为(创建修建)|石景宜(关联人物)"
      }
    },
    {
      "type": "Feature",
      "geometry": {
        "type": "Point",
        "coordinates": [
          112.925606,
          22.974657
        ]
      },
      "properties": {
        "id": "B02F5077TS",
        "name": "五显庙(桂阳大道)",
        "town": "丹灶镇",
        "ent_name": "大岗圩",
        "ent_type": "地名",
        "mentions": 17,
        "src_count": 5,
        "n_related": 11,
        "top3": "方献夫(位于)|方献夫(活动于)|继昌隆(位于)"
      }
    },
    {
      "type": "Feature",
      "geometry": {
        "type": "Point",
        "coordinates": [
          112.915313,
          22.965419
        ]
      },
      "properties": {
        "id": "B02F507C71",
        "name": "潘氏大宗祠",
        "town": "西樵镇",
        "ent_name": "潘氏大宗祠",
        "ent_type": "建筑遗迹",
        "mentions": 4,
        "src_count": 1,
        "n_related": 3,
        "top3": "咸丰四年(始建于)|村头村(位于)|文教村(位于)"
      }
    },
    {
      "type": "Feature",
      "geometry": {
        "type": "Point",
        "coordinates": [
          113.05352,
          23.232225
        ]
      },
      "properties": {
        "id": "B02F507O3B",
        "name": "南浦大桥",
        "town": "狮山镇",
        "ent_name": "南浦",
        "ent_type": "地名",
        "mentions": 2,
        "src_count": 2,
        "n_related": 1,
        "top3": "谭平山(活动于)"
      }
    },
    {
      "type": "Feature",
      "geometry": {
        "type": "Point",
        "coordinates": [
          113.158265,
          23.113942
        ]
      },
      "properties": {
        "id": "B02F507U1P",
        "name": "桥头",
        "town": "里水镇",
        "ent_name": "桥头",
        "ent_type": "地名",
        "mentions": 4,
        "src_count": 2,
        "n_related": 1,
        "top3": "石湾(位于)"
      }
    },
    {
      "type": "Feature",
      "geometry": {
        "type": "Point",
        "coordinates": [
          112.984446,
          23.206096
        ]
      },
      "properties": {
        "id": "B02F50V7IM",
        "name": "石头村前进中路一桥",
        "town": "狮山镇",
        "ent_name": "石头",
        "ent_type": "地名",
        "mentions": 3,
        "src_count": 3,
        "n_related": 0,
        "top3": ""
      }
    },
    {
      "type": "Feature",
      "geometry": {
        "type": "Point",
        "coordinates": [
          113.170944,
          23.046977
        ]
      },
      "properties": {
        "id": "B02F50XMGB",
        "name": "高桥",
        "town": "桂城街道",
        "ent_name": "高桥",
        "ent_type": "建筑遗迹",
        "mentions": 3,
        "src_count": 2,
        "n_related": 1,
        "top3": "邹伯奇(创建修建)"
      }
    },
    {
      "type": "Feature",
      "geometry": {
        "type": "Point",
        "coordinates": [
          113.047302,
          23.059975
        ]
      },
      "properties": {
        "id": "B02F50YFDP",
        "name": "六福珠宝(南海罗村金盛广场店)",
        "town": "狮山镇",
        "ent_name": "南海罗村",
        "ent_type": "地名",
        "mentions": 2,
        "src_count": 2,
        "n_related": 1,
        "top3": "正统年间(活动于)"
      }
    },
    {
      "type": "Feature",
      "geometry": {
        "type": "Point",
        "coordinates": [
          112.972008,
          22.932742
        ]
      },
      "properties": {
        "id": "B02F50YSSQ",
        "name": "宝峰寺",
        "town": "西樵镇",
        "ent_name": "宝峰寺",
        "ent_type": "建筑遗迹",
        "mentions": 15,
        "src_count": 7,
        "n_related": 3,
        "top3": "西樵山(始建于)|西樵山(承载文化)|西樵山(活动于)"
      }
    },
    {
      "type": "Feature",
      "geometry": {
        "type": "Point",
        "coordinates": [
          113.115287,
          23.214767
        ]
      },
      "properties": {
        "id": "B02F50ZFH7",
        "name": "南海区里水镇麻奢东隅文化活动室",
        "town": "里水镇",
        "ent_name": "麻奢",
        "ent_type": "地名",
        "mentions": 4,
        "src_count": 4,
        "n_related": 1,
        "top3": "陈凤江(活动于)"
      }
    },
    {
      "type": "Feature",
      "geometry": {
        "type": "Point",
        "coordinates": [
          112.915032,
          23.043338
        ]
      },
      "properties": {
        "id": "B02F511AS8",
        "name": "文化广场",
        "town": "丹灶镇",
        "ent_name": "怕玉文化广场",
        "ent_type": "地名",
        "mentions": 2,
        "src_count": 2,
        "n_related": 3,
        "top3": "西樵山(位于)|西樵(位于)|天下第一狮(承载文化)"
      }
    },
    {
      "type": "Feature",
      "geometry": {
        "type": "Point",
        "coordinates": [
          113.094145,
          23.08803
        ]
      },
      "properties": {
        "id": "B0FFF0F6ZI",
        "name": "曹边休闲广场-公共厕所",
        "town": "大沥镇",
        "ent_name": "曹边",
        "ent_type": "地名",
        "mentions": 2,
        "src_count": 2,
        "n_related": 0,
        "top3": ""
      }
    },
    {
      "type": "Feature",
      "geometry": {
        "type": "Point",
        "coordinates": [
          113.102568,
          23.188504
        ]
      },
      "properties": {
        "id": "B0FFF9RBQK",
        "name": "中央电视台南海影视城-钟鼓楼",
        "town": "大沥镇",
        "ent_name": "鼓楼",
        "ent_type": "建筑遗迹",
        "mentions": 2,
        "src_count": 2,
        "n_related": 0,
        "top3": ""
      }
    },
    {
      "type": "Feature",
      "geometry": {
        "type": "Point",
        "coordinates": [
          113.103946,
          23.179584
        ]
      },
      "properties": {
        "id": "B0FFF9YW23",
        "name": "南国桃园-南海观音寺-三圣殿(暂停营业)",
        "town": "大沥镇",
        "ent_name": "南国",
        "ent_type": "建筑遗迹",
        "mentions": 2,
        "src_count": 2,
        "n_related": 0,
        "top3": ""
      }
    },
    {
      "type": "Feature",
      "geometry": {
        "type": "Point",
        "coordinates": [
          112.955082,
          22.951949
        ]
      },
      "properties": {
        "id": "B0FFFAA5MS",
        "name": "樵丹路跨线桥",
        "town": "西樵镇",
        "ent_name": "樵丹路",
        "ent_type": "地名",
        "mentions": 3,
        "src_count": 1,
        "n_related": 0,
        "top3": ""
      }
    },
    {
      "type": "Feature",
      "geometry": {
        "type": "Point",
        "coordinates": [
          112.969782,
          22.942663
        ]
      },
      "properties": {
        "id": "B0FFFDR6OB",
        "name": "西樵山风景名胜区-天镇峰公园",
        "town": "西樵镇",
        "ent_name": "天镇峰",
        "ent_type": "建筑遗迹",
        "mentions": 5,
        "src_count": 4,
        "n_related": 0,
        "top3": ""
      }
    },
    {
      "type": "Feature",
      "geometry": {
        "type": "Point",
        "coordinates": [
          113.184848,
          23.115906
        ]
      },
      "properties": {
        "id": "B0FFFE7F9U",
        "name": "宏叶舞模演艺培训中心(宏叶南方广场校区)",
        "town": "里水镇",
        "ent_name": "南方",
        "ent_type": "地名",
        "mentions": 2,
        "src_count": 2,
        "n_related": 0,
        "top3": ""
      }
    },
    {
      "type": "Feature",
      "geometry": {
        "type": "Point",
        "coordinates": [
          113.03098,
          22.815342
        ]
      },
      "properties": {
        "id": "B0FFFENUBA",
        "name": "沙口公园-乐善亭",
        "town": "九江镇",
        "ent_name": "沙口",
        "ent_type": "地名",
        "mentions": 4,
        "src_count": 4,
        "n_related": 2,
        "top3": "佛山镇(位于)|黄萧养(活动于)"
      }
    },
    {
      "type": "Feature",
      "geometry": {
        "type": "Point",
        "coordinates": [
          113.114213,
          23.282853
        ]
      },
      "properties": {
        "id": "B0FFFEOV26",
        "name": "九龙山森林公园",
        "town": "大沥镇",
        "ent_name": "龙山",
        "ent_type": "地名",
        "mentions": 5,
        "src_count": 4,
        "n_related": 2,
        "top3": "陈启沅(盛产)|桑园围(位于)"
      }
    },
    {
      "type": "Feature",
      "geometry": {
        "type": "Point",
        "coordinates": [
          113.156667,
          23.034414
        ]
      },
      "properties": {
        "id": "B0FFFOTG30",
        "name": "彩虹桥",
        "town": "桂城街道",
        "ent_name": "彩虹桥",
        "ent_type": "建筑遗迹",
        "mentions": 2,
        "src_count": 1,
        "n_related": 0,
        "top3": ""
      }
    },
    {
      "type": "Feature",
      "geometry": {
        "type": "Point",
        "coordinates": [
          113.149269,
          23.026743
        ]
      },
      "properties": {
        "id": "B0FFFR8BK6",
        "name": "育才",
        "town": "桂城街道",
        "ent_name": "育才小学",
        "ent_type": "建筑遗迹",
        "mentions": 2,
        "src_count": 1,
        "n_related": 0,
        "top3": ""
      }
    },
    {
      "type": "Feature",
      "geometry": {
        "type": "Point",
        "coordinates": [
          113.191922,
          23.099975
        ]
      },
      "properties": {
        "id": "B0FFFRRRRD",
        "name": "石围塘车站派出所三眼桥货场值勤点",
        "town": "里水镇",
        "ent_name": "石围塘",
        "ent_type": "地名",
        "mentions": 5,
        "src_count": 5,
        "n_related": 2,
        "top3": "詹天佑(活动于)|广三铁路(位于)"
      }
    },
    {
      "type": "Feature",
      "geometry": {
        "type": "Point",
        "coordinates": [
          112.909619,
          23.022209
        ]
      },
      "properties": {
        "id": "B0FFFSY1XG",
        "name": "良登村罗氏大宗祠",
        "town": "丹灶镇",
        "ent_name": "良登",
        "ent_type": "地名",
        "mentions": 2,
        "src_count": 1,
        "n_related": 0,
        "top3": ""
      }
    },
    {
      "type": "Feature",
      "geometry": {
        "type": "Point",
        "coordinates": [
          112.95914,
          22.936815
        ]
      },
      "properties": {
        "id": "B0FFFWIXC8",
        "name": "奎光楼",
        "town": "西樵镇",
        "ent_name": "奎光楼",
        "ent_type": "建筑遗迹",
        "mentions": 11,
        "src_count": 4,
        "n_related": 0,
        "top3": ""
      }
    },
    {
      "type": "Feature",
      "geometry": {
        "type": "Point",
        "coordinates": [
          112.978684,
          22.938273
        ]
      },
      "properties": {
        "id": "B0FFFWJH96",
        "name": "玉岩",
        "town": "西樵镇",
        "ent_name": "玉岩珠瀑",
        "ent_type": "建筑遗迹",
        "mentions": 2,
        "src_count": 1,
        "n_related": 0,
        "top3": ""
      }
    },
    {
      "type": "Feature",
      "geometry": {
        "type": "Point",
        "coordinates": [
          112.960295,
          22.93561
        ]
      },
      "properties": {
        "id": "B0FFFWJJN0",
        "name": "古井流丹",
        "town": "西樵镇",
        "ent_name": "古井",
        "ent_type": "建筑遗迹",
        "mentions": 7,
        "src_count": 3,
        "n_related": 3,
        "top3": "苏坑村(承载文化)|叶正简故居(位于)|泥炮楼(位于)"
      }
    },
    {
      "type": "Feature",
      "geometry": {
        "type": "Point",
        "coordinates": [
          112.968793,
          22.920113
        ]
      },
      "properties": {
        "id": "B0FFFWJTPT",
        "name": "玉池",
        "town": "西樵镇",
        "ent_name": "玉池",
        "ent_type": "建筑遗迹",
        "mentions": 3,
        "src_count": 2,
        "n_related": 1,
        "top3": "拥翠亭(位于)"
      }
    },
    {
      "type": "Feature",
      "geometry": {
        "type": "Point",
        "coordinates": [
          112.90572,
          22.94813
        ]
      },
      "properties": {
        "id": "B0FFFZ076A",
        "name": "中国农业银行24小时自助银行(今易德商贸广场离行式自助银行)",
        "town": "西樵镇",
        "ent_name": "银行",
        "ent_type": "建筑遗迹",
        "mentions": 2,
        "src_count": 2,
        "n_related": 0,
        "top3": ""
      }
    },
    {
      "type": "Feature",
      "geometry": {
        "type": "Point",
        "coordinates": [
          113.103936,
          23.179578
        ]
      },
      "properties": {
        "id": "B0FFG05G5W",
        "name": "南国桃园-南海观音寺-钟楼",
        "town": "大沥镇",
        "ent_name": "钟楼",
        "ent_type": "建筑遗迹",
        "mentions": 2,
        "src_count": 2,
        "n_related": 0,
        "top3": ""
      }
    },
    {
      "type": "Feature",
      "geometry": {
        "type": "Point",
        "coordinates": [
          113.103214,
          23.178132
        ]
      },
      "properties": {
        "id": "B0FFG0YUHE",
        "name": "南国桃园南海观音寺",
        "town": "大沥镇",
        "ent_name": "南海观音寺",
        "ent_type": "建筑遗迹",
        "mentions": 3,
        "src_count": 3,
        "n_related": 2,
        "top3": "观世音(关联人物)|观世音(承载文化)"
      }
    },
    {
      "type": "Feature",
      "geometry": {
        "type": "Point",
        "coordinates": [
          112.959751,
          22.934972
        ]
      },
      "properties": {
        "id": "B0FFG1YQ5C",
        "name": "枕流亭",
        "town": "西樵镇",
        "ent_name": "枕流亭",
        "ent_type": "建筑遗迹",
        "mentions": 3,
        "src_count": 1,
        "n_related": 1,
        "top3": "漱芳吟社(承载文化)"
      }
    },
    {
      "type": "Feature",
      "geometry": {
        "type": "Point",
        "coordinates": [
          112.959727,
          22.935155
        ]
      },
      "properties": {
        "id": "B0FFG1YR9U",
        "name": "西樵山-云门听泉",
        "town": "西樵镇",
        "ent_name": "云门",
        "ent_type": "建筑遗迹",
        "mentions": 11,
        "src_count": 5,
        "n_related": 0,
        "top3": ""
      }
    },
    {
      "type": "Feature",
      "geometry": {
        "type": "Point",
        "coordinates": [
          112.970866,
          22.919829
        ]
      },
      "properties": {
        "id": "B0FFG1YV98",
        "name": "西樵山-紫姑井",
        "town": "西樵镇",
        "ent_name": "紫姑井",
        "ent_type": "建筑遗迹",
        "mentions": 2,
        "src_count": 2,
        "n_related": 1,
        "top3": "眉娘(活动于)"
      }
    },
    {
      "type": "Feature",
      "geometry": {
        "type": "Point",
        "coordinates": [
          112.959232,
          22.936248
        ]
      },
      "properties": {
        "id": "B0FFG23A2H",
        "name": "会龙湖",
        "town": "西樵镇",
        "ent_name": "会龙湖",
        "ent_type": "地名",
        "mentions": 3,
        "src_count": 2,
        "n_related": 0,
        "top3": ""
      }
    },
    {
      "type": "Feature",
      "geometry": {
        "type": "Point",
        "coordinates": [
          112.963881,
          22.93208
        ]
      },
      "properties": {
        "id": "B0FFG2522Z",
        "name": "天湖",
        "town": "西樵镇",
        "ent_name": "天湖景区",
        "ent_type": "建筑遗迹",
        "mentions": 2,
        "src_count": 1,
        "n_related": 0,
        "top3": ""
      }
    },
    {
      "type": "Feature",
      "geometry": {
        "type": "Point",
        "coordinates": [
          112.96759,
          22.925007
        ]
      },
      "properties": {
        "id": "B0FFG25K1Q",
        "name": "李子长墓",
        "town": "西樵镇",
        "ent_name": "李子长墓",
        "ent_type": "建筑遗迹",
        "mentions": 1,
        "src_count": 1,
        "n_related": 0,
        "top3": ""
      }
    },
    {
      "type": "Feature",
      "geometry": {
        "type": "Point",
        "coordinates": [
          112.960483,
          22.93567
        ]
      },
      "properties": {
        "id": "B0FFG25MJH",
        "name": "邯郸别邸",
        "town": "西樵镇",
        "ent_name": "邯郸别邸",
        "ent_type": "建筑遗迹",
        "mentions": 3,
        "src_count": 2,
        "n_related": 1,
        "top3": "船厅(属于时期)"
      }
    },
    {
      "type": "Feature",
      "geometry": {
        "type": "Point",
        "coordinates": [
          112.964285,
          22.930553
        ]
      },
      "properties": {
        "id": "B0FFG261ZX",
        "name": "观龙楼",
        "town": "西樵镇",
        "ent_name": "观龙楼",
        "ent_type": "建筑遗迹",
        "mentions": 2,
        "src_count": 2,
        "n_related": 0,
        "top3": ""
      }
    },
    {
      "type": "Feature",
      "geometry": {
        "type": "Point",
        "coordinates": [
          112.961218,
          22.935844
        ]
      },
      "properties": {
        "id": "B0FFG26ZL6",
        "name": "遇仙桥",
        "town": "西樵镇",
        "ent_name": "遇仙桥",
        "ent_type": "建筑遗迹",
        "mentions": 3,
        "src_count": 3,
        "n_related": 2,
        "top3": "霍尚守(创建修建)|霍尚守(活动于)"
      }
    },
    {
      "type": "Feature",
      "geometry": {
        "type": "Point",
        "coordinates": [
          112.959222,
          22.936722
        ]
      },
      "properties": {
        "id": "B0FFG27CU6",
        "name": "西樵山风景名胜区-白云古寺",
        "town": "西樵镇",
        "ent_name": "古寺",
        "ent_type": "建筑遗迹",
        "mentions": 2,
        "src_count": 2,
        "n_related": 1,
        "top3": "西樵山(位于)"
      }
    },
    {
      "type": "Feature",
      "geometry": {
        "type": "Point",
        "coordinates": [
          112.961,
          22.935799
        ]
      },
      "properties": {
        "id": "B0FFG27VR2",
        "name": "小云亭",
        "town": "西樵镇",
        "ent_name": "小云亭",
        "ent_type": "建筑遗迹",
        "mentions": 6,
        "src_count": 3,
        "n_related": 2,
        "top3": "西樵山(位于)|西樵山(承载文化)"
      }
    },
    {
      "type": "Feature",
      "geometry": {
        "type": "Point",
        "coordinates": [
          112.971937,
          22.932516
        ]
      },
      "properties": {
        "id": "B0FFG27VUO",
        "name": "西樵山风景名胜区-南海观音文化苑",
        "town": "西樵镇",
        "ent_name": "南海观音文化苑",
        "ent_type": "建筑遗迹",
        "mentions": 5,
        "src_count": 3,
        "n_related": 3,
        "top3": "西樵山(位于)|观世音(承载文化)|南海观音寺(同类)"
      }
    },
    {
      "type": "Feature",
      "geometry": {
        "type": "Point",
        "coordinates": [
          112.96925,
          22.920164
        ]
      },
      "properties": {
        "id": "B0FFG293P5",
        "name": "宝峰胜处",
        "town": "西樵镇",
        "ent_name": "宝峰胜处",
        "ent_type": "建筑遗迹",
        "mentions": 2,
        "src_count": 2,
        "n_related": 0,
        "top3": ""
      }
    },
    {
      "type": "Feature",
      "geometry": {
        "type": "Point",
        "coordinates": [
          112.959579,
          22.9364
        ]
      },
      "properties": {
        "id": "B0FFG2E57P",
        "name": "第一洞天牌坊",
        "town": "西樵镇",
        "ent_name": "一洞天",
        "ent_type": "建筑遗迹",
        "mentions": 2,
        "src_count": 2,
        "n_related": 3,
        "top3": "佛山(位于)|景泰二年(承载文化)|大清乾隆廿四年(承载文化)"
      }
    },
    {
      "type": "Feature",
      "geometry": {
        "type": "Point",
        "coordinates": [
          112.979379,
          22.922744
        ]
      },
      "properties": {
        "id": "B0FFG2ELT3",
        "name": "天海洞",
        "town": "西樵镇",
        "ent_name": "大科峰",
        "ent_type": "建筑遗迹",
        "mentions": 14,
        "src_count": 6,
        "n_related": 7,
        "top3": "康有为(活动于)|大科书院(位于)|赵伦(活动于)"
      }
    },
    {
      "type": "Feature",
      "geometry": {
        "type": "Point",
        "coordinates": [
          113.193456,
          23.098816
        ]
      },
      "properties": {
        "id": "B0FFG48NRZ",
        "name": "珠江三角洲文化战略发展研究会南海分会",
        "town": "里水镇",
        "ent_name": "珠江三角洲",
        "ent_type": "地名",
        "mentions": 24,
        "src_count": 14,
        "n_related": 15,
        "top3": "佛山(位于)|佛山(属于时期)|云泉仙馆(位于)"
      }
    },
    {
      "type": "Feature",
      "geometry": {
        "type": "Point",
        "coordinates": [
          113.190937,
          23.119147
        ]
      },
      "properties": {
        "id": "B0FFG59X1M",
        "name": "黄竹岐岐东文化室",
        "town": "里水镇",
        "ent_name": "黄竹岐",
        "ent_type": "地名",
        "mentions": 2,
        "src_count": 2,
        "n_related": 0,
        "top3": ""
      }
    },
    {
      "type": "Feature",
      "geometry": {
        "type": "Point",
        "coordinates": [
          113.168936,
          22.998059
        ]
      },
      "properties": {
        "id": "B0FFGA0GMH",
        "name": "大雄宝殿",
        "town": "桂城街道",
        "ent_name": "大雄宝殿",
        "ent_type": "建筑遗迹",
        "mentions": 4,
        "src_count": 4,
        "n_related": 3,
        "top3": "伦文叙(活动于)|金山古寺(位于)|尼姑庵(位于)"
      }
    },
    {
      "type": "Feature",
      "geometry": {
        "type": "Point",
        "coordinates": [
          112.899119,
          23.023151
        ]
      },
      "properties": {
        "id": "B0FFGA9S7L",
        "name": "澹如楼",
        "town": "丹灶镇",
        "ent_name": "澹如楼",
        "ent_type": "建筑遗迹",
        "mentions": 9,
        "src_count": 3,
        "n_related": 2,
        "top3": "康有为(活动于)|西樵山(位于)"
      }
    },
    {
      "type": "Feature",
      "geometry": {
        "type": "Point",
        "coordinates": [
          113.010273,
          22.833372
        ]
      },
      "properties": {
        "id": "B0FFGARYGZ",
        "name": "人民桥",
        "town": "丹灶镇",
        "ent_name": "九江圩",
        "ent_type": "地名",
        "mentions": 1,
        "src_count": 1,
        "n_related": 1,
        "top3": "西樵山(盛产)"
      }
    },
    {
      "type": "Feature",
      "geometry": {
        "type": "Point",
        "coordinates": [
          113.024448,
          22.917257
        ]
      },
      "properties": {
        "id": "B0FFGAT354",
        "name": "崔氏大宗祠",
        "town": "九江镇",
        "ent_name": "崔氏大宗祠",
        "ent_type": "建筑遗迹",
        "mentions": 1,
        "src_count": 1,
        "n_related": 0,
        "top3": ""
      }
    },
    {
      "type": "Feature",
      "geometry": {
        "type": "Point",
        "coordinates": [
          113.014632,
          23.045182
        ]
      },
      "properties": {
        "id": "B0FFGFUXBN",
        "name": "雄星村文化楼",
        "town": "丹灶镇",
        "ent_name": "雄星村",
        "ent_type": "地名",
        "mentions": 5,
        "src_count": 1,
        "n_related": 9,
        "top3": "古井(位于)|古井(活动于)|古井(始建于)"
      }
    },
    {
      "type": "Feature",
      "geometry": {
        "type": "Point",
        "coordinates": [
          113.19859,
          23.134827
        ]
      },
      "properties": {
        "id": "B0FFGGJTQO",
        "name": "杏花桥大街与涌边直街交叉口",
        "town": "里水镇",
        "ent_name": "杏花桥",
        "ent_type": "建筑遗迹",
        "mentions": 2,
        "src_count": 1,
        "n_related": 0,
        "top3": ""
      }
    },
    {
      "type": "Feature",
      "geometry": {
        "type": "Point",
        "coordinates": [
          112.989005,
          22.8971
        ]
      },
      "properties": {
        "id": "B0FFGH1VIK",
        "name": "显岗村南方大楼(南方文化楼)",
        "town": "丹灶镇",
        "ent_name": "显岗村",
        "ent_type": "地名",
        "mentions": 11,
        "src_count": 2,
        "n_related": 4,
        "top3": "周侠生(活动于)|陈道舟(活动于)|陈道舟(同族)"
      }
    },
    {
      "type": "Feature",
      "geometry": {
        "type": "Point",
        "coordinates": [
          113.154197,
          23.119548
        ]
      },
      "properties": {
        "id": "B0FFGLN4JV",
        "name": "平地村文化室",
        "town": "里水镇",
        "ent_name": "平地村",
        "ent_type": "地名",
        "mentions": 2,
        "src_count": 1,
        "n_related": 1,
        "top3": "《林》剧(发生于)"
      }
    },
    {
      "type": "Feature",
      "geometry": {
        "type": "Point",
        "coordinates": [
          113.235896,
          23.032702
        ]
      },
      "properties": {
        "id": "B0FFGLPX2W",
        "name": "老西关广州风味布拉肠(集嘉广场店)",
        "town": "桂城街道",
        "ent_name": "西关",
        "ent_type": "地名",
        "mentions": 2,
        "src_count": 2,
        "n_related": 2,
        "top3": "南海县(盛产)|乐善戏院(位于)"
      }
    },
    {
      "type": "Feature",
      "geometry": {
        "type": "Point",
        "coordinates": [
          113.029955,
          22.816977
        ]
      },
      "properties": {
        "id": "B0FFGQ6UPO",
        "name": "文昌桥",
        "town": "九江镇",
        "ent_name": "佛山文昌桥",
        "ent_type": "地名",
        "mentions": 2,
        "src_count": 2,
        "n_related": 2,
        "top3": "亚远(活动于)|松戎路(位于)"
      }
    },
    {
      "type": "Feature",
      "geometry": {
        "type": "Point",
        "coordinates": [
          113.11965,
          23.067022
        ]
      },
      "properties": {
        "id": "B0FFGQ6YRI",
        "name": "青龙桥",
        "town": "大沥镇",
        "ent_name": "青龙桥火车站",
        "ent_type": "地名",
        "mentions": 2,
        "src_count": 1,
        "n_related": 1,
        "top3": "詹天佑(关联人物)"
      }
    },
    {
      "type": "Feature",
      "geometry": {
        "type": "Point",
        "coordinates": [
          112.955287,
          22.872286
        ]
      },
      "properties": {
        "id": "B0FFGQ9BPO",
        "name": "烟桥村道与龙高路辅路交叉口",
        "town": "西樵镇",
        "ent_name": "烟桥",
        "ent_type": "地名",
        "mentions": 6,
        "src_count": 3,
        "n_related": 5,
        "top3": "何丹山(出生于)|烟桥村(承载文化)|烟桥村(位于)"
      }
    },
    {
      "type": "Feature",
      "geometry": {
        "type": "Point",
        "coordinates": [
          112.969013,
          22.932146
        ]
      },
      "properties": {
        "id": "B0FFGRN2RR",
        "name": "云海莲台",
        "town": "西樵镇",
        "ent_name": "云海莲台",
        "ent_type": "建筑遗迹",
        "mentions": 2,
        "src_count": 1,
        "n_related": 0,
        "top3": ""
      }
    },
    {
      "type": "Feature",
      "geometry": {
        "type": "Point",
        "coordinates": [
          113.101745,
          23.188491
        ]
      },
      "properties": {
        "id": "B0FFGX6OOH",
        "name": "苏州街",
        "town": "大沥镇",
        "ent_name": "苏州",
        "ent_type": "地名",
        "mentions": 2,
        "src_count": 2,
        "n_related": 0,
        "top3": ""
      }
    },
    {
      "type": "Feature",
      "geometry": {
        "type": "Point",
        "coordinates": [
          113.173893,
          23.154579
        ]
      },
      "properties": {
        "id": "B0FFGYZL0U",
        "name": "泌冲社区群众文化广场-公共厕所",
        "town": "里水镇",
        "ent_name": "泌冲",
        "ent_type": "地名",
        "mentions": 13,
        "src_count": 7,
        "n_related": 7,
        "top3": "邹伯奇(活动于)|邹伯奇(出生于)|邹伯奇(关联人物)"
      }
    },
    {
      "type": "Feature",
      "geometry": {
        "type": "Point",
        "coordinates": [
          113.046696,
          23.071571
        ]
      },
      "properties": {
        "id": "B0FFH2CIA6",
        "name": "广东南粤银行24小时自助银行(圣地广场A区)",
        "town": "狮山镇",
        "ent_name": "南粤",
        "ent_type": "地名",
        "mentions": 2,
        "src_count": 2,
        "n_related": 1,
        "top3": "舞狮子(同类)"
      }
    },
    {
      "type": "Feature",
      "geometry": {
        "type": "Point",
        "coordinates": [
          113.142098,
          23.03776
        ]
      },
      "properties": {
        "id": "B0FFH2DI8F",
        "name": "南园",
        "town": "桂城街道",
        "ent_name": "南园",
        "ent_type": "建筑遗迹",
        "mentions": 4,
        "src_count": 3,
        "n_related": 2,
        "top3": "康有为(活动于)|李文田(活动于)"
      }
    },
    {
      "type": "Feature",
      "geometry": {
        "type": "Point",
        "coordinates": [
          112.906157,
          23.064392
        ]
      },
      "properties": {
        "id": "B0FFH2EBWQ",
        "name": "官山涌公园",
        "town": "丹灶镇",
        "ent_name": "官山涌",
        "ent_type": "地名",
        "mentions": 11,
        "src_count": 6,
        "n_related": 1,
        "top3": "学堂村(位于)"
      }
    },
    {
      "type": "Feature",
      "geometry": {
        "type": "Point",
        "coordinates": [
          113.151984,
          23.194486
        ]
      },
      "properties": {
        "id": "B0FFH2HBWT",
        "name": "邓岗广场-古榕树广场",
        "town": "里水镇",
        "ent_name": "古榕树",
        "ent_type": "建筑遗迹",
        "mentions": 2,
        "src_count": 1,
        "n_related": 3,
        "top3": "华平村(位于)|华平村(活动于)|华平村(承载文化)"
      }
    },
    {
      "type": "Feature",
      "geometry": {
        "type": "Point",
        "coordinates": [
          113.129999,
          23.113255
        ]
      },
      "properties": {
        "id": "B0FFH4942R",
        "name": "吴氏八世祖祠",
        "town": "里水镇",
        "ent_name": "祖祠",
        "ent_type": "建筑遗迹",
        "mentions": 3,
        "src_count": 3,
        "n_related": 1,
        "top3": "戴鸿慈(活动于)"
      }
    },
    {
      "type": "Feature",
      "geometry": {
        "type": "Point",
        "coordinates": [
          113.161138,
          23.145905
        ]
      },
      "properties": {
        "id": "B0FFH4AO8W",
        "name": "佛山平价住宿沙步路店(沙涌综合广场店)",
        "town": "里水镇",
        "ent_name": "沙涌",
        "ent_type": "地名",
        "mentions": 4,
        "src_count": 2,
        "n_related": 0,
        "top3": ""
      }
    },
    {
      "type": "Feature",
      "geometry": {
        "type": "Point",
        "coordinates": [
          113.150881,
          23.053239
        ]
      },
      "properties": {
        "id": "B0FFHGL3XH",
        "name": "粤港澳文化创意产业园(西门)",
        "town": "桂城街道",
        "ent_name": "港澳",
        "ent_type": "地名",
        "mentions": 3,
        "src_count": 3,
        "n_related": 0,
        "top3": ""
      }
    },
    {
      "type": "Feature",
      "geometry": {
        "type": "Point",
        "coordinates": [
          113.149308,
          23.038698
        ]
      },
      "properties": {
        "id": "B0FFHH8HW0",
        "name": "南海万科广场(东三门)",
        "town": "桂城街道",
        "ent_name": "三门",
        "ent_type": "建筑遗迹",
        "mentions": 17,
        "src_count": 4,
        "n_related": 7,
        "top3": "祖庙(位于)|祖庙(属于时期)|佛山祖庙(位于)"
      }
    },
    {
      "type": "Feature",
      "geometry": {
        "type": "Point",
        "coordinates": [
          112.960867,
          22.935939
        ]
      },
      "properties": {
        "id": "B0FFHHCWAZ",
        "name": "帝亲殿",
        "town": "西樵镇",
        "ent_name": "帝亲殿",
        "ent_type": "建筑遗迹",
        "mentions": 4,
        "src_count": 3,
        "n_related": 2,
        "top3": "云泉仙馆(创建修建)|养云庐(位于)"
      }
    },
    {
      "type": "Feature",
      "geometry": {
        "type": "Point",
        "coordinates": [
          113.184911,
          23.115703
        ]
      },
      "properties": {
        "id": "B0FFHHGWHM",
        "name": "广州市辉神创意文化有限公司",
        "town": "里水镇",
        "ent_name": "广州市",
        "ent_type": "地名",
        "mentions": 6,
        "src_count": 6,
        "n_related": 5,
        "top3": "康有为(活动于)|云泉仙馆(位于)|南海中学(位于)"
      }
    },
    {
      "type": "Feature",
      "geometry": {
        "type": "Point",
        "coordinates": [
          112.959086,
          22.937046
        ]
      },
      "properties": {
        "id": "B0FFHHHE8Y",
        "name": "白云洞景区检票处(出入口)",
        "town": "西樵镇",
        "ent_name": "白云洞景区",
        "ent_type": "地名",
        "mentions": 5,
        "src_count": 1,
        "n_related": 0,
        "top3": ""
      }
    },
    {
      "type": "Feature",
      "geometry": {
        "type": "Point",
        "coordinates": [
          112.958687,
          22.936283
        ]
      },
      "properties": {
        "id": "B0FFHHJ5YR",
        "name": "枫林白塔",
        "town": "西樵镇",
        "ent_name": "枫林白塔",
        "ent_type": "建筑遗迹",
        "mentions": 3,
        "src_count": 3,
        "n_related": 0,
        "top3": ""
      }
    },
    {
      "type": "Feature",
      "geometry": {
        "type": "Point",
        "coordinates": [
          112.965024,
          22.932507
        ]
      },
      "properties": {
        "id": "B0FFHJ45NL",
        "name": "西樵山风景名胜区-天湖公园",
        "town": "西樵镇",
        "ent_name": "天湖公园景区",
        "ent_type": "建筑遗迹",
        "mentions": 2,
        "src_count": 1,
        "n_related": 0,
        "top3": ""
      }
    },
    {
      "type": "Feature",
      "geometry": {
        "type": "Point",
        "coordinates": [
          113.096356,
          23.060575
        ]
      },
      "properties": {
        "id": "B0FFHL7FCL",
        "name": "联星社区乐安社会政策观测点",
        "town": "大沥镇",
        "ent_name": "乐安",
        "ent_type": "地名",
        "mentions": 2,
        "src_count": 2,
        "n_related": 0,
        "top3": ""
      }
    },
    {
      "type": "Feature",
      "geometry": {
        "type": "Point",
        "coordinates": [
          113.183608,
          23.023773
        ]
      },
      "properties": {
        "id": "B0FFHQ9JKR",
        "name": "平西社区综合性文化服务中心(西门)",
        "town": "桂城街道",
        "ent_name": "平西",
        "ent_type": "地名",
        "mentions": 2,
        "src_count": 2,
        "n_related": 3,
        "top3": "梁维新(活动于)|梁维新(同族)|丝线柚(盛产)"
      }
    },
    {
      "type": "Feature",
      "geometry": {
        "type": "Point",
        "coordinates": [
          113.110371,
          23.102309
        ]
      },
      "properties": {
        "id": "B0FFHRRPJH",
        "name": "铁村“革命堡垒”牌坊",
        "town": "大沥镇",
        "ent_name": "铁村",
        "ent_type": "地名",
        "mentions": 7,
        "src_count": 4,
        "n_related": 4,
        "top3": "周侠生(活动于)|陈克武(活动于)|谢伦(出生于)"
      }
    },
    {
      "type": "Feature",
      "geometry": {
        "type": "Point",
        "coordinates": [
          113.133475,
          23.045073
        ]
      },
      "properties": {
        "id": "B0FFHTZW94",
        "name": "老九号老上海馄饨铺(南海广场店)",
        "town": "桂城街道",
        "ent_name": "上海",
        "ent_type": "地名",
        "mentions": 14,
        "src_count": 10,
        "n_related": 3,
        "top3": "康有为(活动于)|戴鸿慈(活动于)|郑官应(活动于)"
      }
    },
    {
      "type": "Feature",
      "geometry": {
        "type": "Point",
        "coordinates": [
          113.135,
          23.135058
        ]
      },
      "properties": {
        "id": "B0FFHVGUSO",
        "name": "雅瑶立交桥与S15沈海高速广州支线交叉口",
        "town": "里水镇",
        "ent_name": "雅瑶",
        "ent_type": "地名",
        "mentions": 4,
        "src_count": 4,
        "n_related": 0,
        "top3": ""
      }
    },
    {
      "type": "Feature",
      "geometry": {
        "type": "Point",
        "coordinates": [
          113.168268,
          23.092854
        ]
      },
      "properties": {
        "id": "B0FFHW900T",
        "name": "南海市盐步区盐步村委会庵前村民小组",
        "town": "大沥镇",
        "ent_name": "盐步村",
        "ent_type": "地名",
        "mentions": 2,
        "src_count": 2,
        "n_related": 3,
        "top3": "盐步老龙(承载文化)|盐步老龙(活动于)|盐步老龙(盛产)"
      }
    },
    {
      "type": "Feature",
      "geometry": {
        "type": "Point",
        "coordinates": [
          112.915232,
          23.042368
        ]
      },
      "properties": {
        "id": "B0FFHYF3AU",
        "name": "六福珠宝(南海丹灶珍丰广场店)",
        "town": "丹灶镇",
        "ent_name": "南海丹灶",
        "ent_type": "地名",
        "mentions": 5,
        "src_count": 5,
        "n_related": 9,
        "top3": "康有为(出生于)|康有为(活动于)|康有为(同族)"
      }
    },
    {
      "type": "Feature",
      "geometry": {
        "type": "Point",
        "coordinates": [
          113.182861,
          23.045303
        ]
      },
      "properties": {
        "id": "B0FFI1HNYY",
        "name": "孔溪焚香亭",
        "town": "桂城街道",
        "ent_name": "香亭",
        "ent_type": "建筑遗迹",
        "mentions": 2,
        "src_count": 1,
        "n_related": 3,
        "top3": "灵应祠(位于)|正殿(位于)|前殿(位于)"
      }
    },
    {
      "type": "Feature",
      "geometry": {
        "type": "Point",
        "coordinates": [
          112.993356,
          23.123918
        ]
      },
      "properties": {
        "id": "B0FFI7RHCH",
        "name": "番禺奥园(广场店)",
        "town": "狮山镇",
        "ent_name": "番禺",
        "ent_type": "地名",
        "mentions": 15,
        "src_count": 10,
        "n_related": 9,
        "top3": "南海(属于时期)|招子庸(出生于)|陈大震(出生于)"
      }
    },
    {
      "type": "Feature",
      "geometry": {
        "type": "Point",
        "coordinates": [
          113.173709,
          23.191665
        ]
      },
      "properties": {
        "id": "B0FFIDQTSO",
        "name": "丰岗村文化室",
        "town": "里水镇",
        "ent_name": "丰岗",
        "ent_type": "地名",
        "mentions": 3,
        "src_count": 3,
        "n_related": 5,
        "top3": "何香凝(关联人物)|李兴浩(创建修建)|李兴浩(关联人物)"
      }
    },
    {
      "type": "Feature",
      "geometry": {
        "type": "Point",
        "coordinates": [
          113.225444,
          22.998698
        ]
      },
      "properties": {
        "id": "B0FFIDUXHC",
        "name": "好又多购物广场(林岳店)",
        "town": "桂城街道",
        "ent_name": "林岳",
        "ent_type": "地名",
        "mentions": 4,
        "src_count": 3,
        "n_related": 4,
        "top3": "佛山刺绣(承载文化)|梁维新(活动于)|丝线柚(盛产)"
      }
    },
    {
      "type": "Feature",
      "geometry": {
        "type": "Point",
        "coordinates": [
          112.959823,
          22.934857
        ]
      },
      "properties": {
        "id": "B0FFIJLEF8",
        "name": "应潮湖",
        "town": "西樵镇",
        "ent_name": "应潮湖",
        "ent_type": "建筑遗迹",
        "mentions": 4,
        "src_count": 3,
        "n_related": 2,
        "top3": "三湖书院(关联人物)|枕流亭(位于)"
      }
    },
    {
      "type": "Feature",
      "geometry": {
        "type": "Point",
        "coordinates": [
          113.071842,
          23.225701
        ]
      },
      "properties": {
        "id": "B0FFIL8GGN",
        "name": "湖南省桃江县高桥乡(广东)流动人口计划生育协会佛山分会",
        "town": "大沥镇",
        "ent_name": "湖南",
        "ent_type": "地名",
        "mentions": 4,
        "src_count": 3,
        "n_related": 0,
        "top3": ""
      }
    },
    {
      "type": "Feature",
      "geometry": {
        "type": "Point",
        "coordinates": [
          113.141256,
          23.030077
        ]
      },
      "properties": {
        "id": "B0FFILJ0SJ",
        "name": "交通违法处理终端机(祖庙南海区行政服务中心)",
        "town": "桂城街道",
        "ent_name": "祖庙",
        "ent_type": "建筑遗迹",
        "mentions": 336,
        "src_count": 14,
        "n_related": 236,
        "top3": "佛山(活动于)|佛山(属于时期)|佛山祖庙(属于时期)"
      }
    },
    {
      "type": "Feature",
      "geometry": {
        "type": "Point",
        "coordinates": [
          112.960651,
          22.982709
        ]
      },
      "properties": {
        "id": "B0FFIZ7G39",
        "name": "大岸村13队文化室",
        "town": "丹灶镇",
        "ent_name": "大岸村",
        "ent_type": "地名",
        "mentions": 9,
        "src_count": 3,
        "n_related": 3,
        "top3": "镇东(活动于)|惠明(活动于)|惠明(同族)"
      }
    },
    {
      "type": "Feature",
      "geometry": {
        "type": "Point",
        "coordinates": [
          113.183702,
          23.110876
        ]
      },
      "properties": {
        "id": "B0FFIZMLLX",
        "name": "大嘴猫老成都串串火锅(嘉洲广场店)",
        "town": "里水镇",
        "ent_name": "成都",
        "ent_type": "地名",
        "mentions": 2,
        "src_count": 2,
        "n_related": 1,
        "top3": "康有为(活动于)"
      }
    },
    {
      "type": "Feature",
      "geometry": {
        "type": "Point",
        "coordinates": [
          113.10216,
          23.18814
        ]
      },
      "properties": {
        "id": "B0FFIZSDND",
        "name": "书院",
        "town": "大沥镇",
        "ent_name": "白云谷书院",
        "ent_type": "建筑遗迹",
        "mentions": 2,
        "src_count": 1,
        "n_related": 1,
        "top3": "西樵山(承载文化)"
      }
    },
    {
      "type": "Feature",
      "geometry": {
        "type": "Point",
        "coordinates": [
          112.948347,
          22.948052
        ]
      },
      "properties": {
        "id": "B0FFJ3QM9H",
        "name": "绮亭陈公祠",
        "town": "西樵镇",
        "ent_name": "绮亭陈公祠",
        "ent_type": "建筑遗迹",
        "mentions": 12,
        "src_count": 5,
        "n_related": 2,
        "top3": "康有为(关联人物)|石景宜先生(同族)"
      }
    },
    {
      "type": "Feature",
      "geometry": {
        "type": "Point",
        "coordinates": [
          112.998467,
          22.840789
        ]
      },
      "properties": {
        "id": "B0FFJ9RMZG",
        "name": "良二千石牌坊",
        "town": "丹灶镇",
        "ent_name": "石牌坊",
        "ent_type": "建筑遗迹",
        "mentions": 5,
        "src_count": 5,
        "n_related": 4,
        "top3": "姚大宁(关联人物)|姚大宁(活动于)|大丰田村(承载文化)"
      }
    },
    {
      "type": "Feature",
      "geometry": {
        "type": "Point",
        "coordinates": [
          113.172828,
          23.132034
        ]
      },
      "properties": {
        "id": "B0FFJDKGH8",
        "name": "佛山江畔花园房公寓(陈氏大宗祠分店)",
        "town": "大沥镇",
        "ent_name": "大宗祠",
        "ent_type": "建筑遗迹",
        "mentions": 3,
        "src_count": 3,
        "n_related": 2,
        "top3": "湛若水(关联人物)|湛甘泉(关联人物)"
      }
    },
    {
      "type": "Feature",
      "geometry": {
        "type": "Point",
        "coordinates": [
          113.153616,
          23.036893
        ]
      },
      "properties": {
        "id": "B0FFJDL7PW",
        "name": "信和广场(桂平西路)",
        "town": "里水镇",
        "ent_name": "桂平",
        "ent_type": "地名",
        "mentions": 5,
        "src_count": 3,
        "n_related": 3,
        "top3": "姚大宁(活动于)|钟江洪(活动于)|振远武馆(位于)"
      }
    },
    {
      "type": "Feature",
      "geometry": {
        "type": "Point",
        "coordinates": [
          112.87118,
          22.878738
        ]
      },
      "properties": {
        "id": "B0FFJKW4FM",
        "name": "南海西岸银湖一号足球公园",
        "town": "西樵镇",
        "ent_name": "银湖",
        "ent_type": "地名",
        "mentions": 2,
        "src_count": 2,
        "n_related": 0,
        "top3": ""
      }
    },
    {
      "type": "Feature",
      "geometry": {
        "type": "Point",
        "coordinates": [
          113.186882,
          23.116799
        ]
      },
      "properties": {
        "id": "B0FFJNAOHK",
        "name": "娇兰佳人(佛山三水明珠广场店)",
        "town": "里水镇",
        "ent_name": "三水",
        "ent_type": "地名",
        "mentions": 15,
        "src_count": 10,
        "n_related": 6,
        "top3": "罗村(盛产)|广三铁路(位于)|韦少伯(出生于)"
      }
    },
    {
      "type": "Feature",
      "geometry": {
        "type": "Point",
        "coordinates": [
          113.103797,
          23.115744
        ]
      },
      "properties": {
        "id": "B0FFJRS0UB",
        "name": "广东电网充电站(佛山南海大沥镇体育休闲公园电动汽车)",
        "town": "大沥镇",
        "ent_name": "南海大沥",
        "ent_type": "地名",
        "mentions": 4,
        "src_count": 4,
        "n_related": 1,
        "top3": "陈邦贵(活动于)"
      }
    },
    {
      "type": "Feature",
      "geometry": {
        "type": "Point",
        "coordinates": [
          113.148721,
          23.039188
        ]
      },
      "properties": {
        "id": "B0FFJSDLOC",
        "name": "来电(东菊日本料理南海万科广场)",
        "town": "桂城街道",
        "ent_name": "日本",
        "ent_type": "地名",
        "mentions": 2,
        "src_count": 1,
        "n_related": 1,
        "top3": "康有为(活动于)"
      }
    },
    {
      "type": "Feature",
      "geometry": {
        "type": "Point",
        "coordinates": [
          113.069862,
          23.230078
        ]
      },
      "properties": {
        "id": "B0FFK4D8L2",
        "name": "佛山市南海区狮山镇东区社会管理处永春拳馆武术龙狮协会",
        "town": "狮山镇",
        "ent_name": "狮山镇",
        "ent_type": "地名",
        "mentions": 16,
        "src_count": 4,
        "n_related": 13,
        "top3": "北江(盛产)|海瑞(活动于)|树本善堂(活动于)"
      }
    },
    {
      "type": "Feature",
      "geometry": {
        "type": "Point",
        "coordinates": [
          113.172623,
          23.193748
        ]
      },
      "properties": {
        "id": "B0FFK7NCY6",
        "name": "冯氏宗祠",
        "town": "里水镇",
        "ent_name": "冯氏宗祠",
        "ent_type": "建筑遗迹",
        "mentions": 2,
        "src_count": 2,
        "n_related": 1,
        "top3": "孙中山(活动于)"
      }
    },
    {
      "type": "Feature",
      "geometry": {
        "type": "Point",
        "coordinates": [
          112.939885,
          23.110232
        ]
      },
      "properties": {
        "id": "B0FFK8EFMU",
        "name": "陆氏宗祠",
        "town": "狮山镇",
        "ent_name": "陆氏宗祠",
        "ent_type": "建筑遗迹",
        "mentions": 3,
        "src_count": 2,
        "n_related": 0,
        "top3": ""
      }
    },
    {
      "type": "Feature",
      "geometry": {
        "type": "Point",
        "coordinates": [
          113.093964,
          23.086434
        ]
      },
      "properties": {
        "id": "B0FFKBOBP3",
        "name": "南岸村篮球场公园",
        "town": "大沥镇",
        "ent_name": "南岸",
        "ent_type": "地名",
        "mentions": 2,
        "src_count": 2,
        "n_related": 0,
        "top3": ""
      }
    },
    {
      "type": "Feature",
      "geometry": {
        "type": "Point",
        "coordinates": [
          113.097409,
          23.249307
        ]
      },
      "properties": {
        "id": "B0FFKCKFN3",
        "name": "金山公园",
        "town": "大沥镇",
        "ent_name": "金山",
        "ent_type": "地名",
        "mentions": 3,
        "src_count": 2,
        "n_related": 0,
        "top3": ""
      }
    },
    {
      "type": "Feature",
      "geometry": {
        "type": "Point",
        "coordinates": [
          113.21653,
          23.031684
        ]
      },
      "properties": {
        "id": "B0FFKCKTRX",
        "name": "三山森林公园-西江村公园",
        "town": "桂城街道",
        "ent_name": "西江",
        "ent_type": "地名",
        "mentions": 35,
        "src_count": 21,
        "n_related": 15,
        "top3": "九江(位于)|黄少强(活动于)|九江镇(位于)"
      }
    },
    {
      "type": "Feature",
      "geometry": {
        "type": "Point",
        "coordinates": [
          112.899381,
          22.920226
        ]
      },
      "properties": {
        "id": "B0FFKCML3A",
        "name": "平沙岛广瀚生态旅游景区",
        "town": "西樵镇",
        "ent_name": "平沙",
        "ent_type": "地名",
        "mentions": 6,
        "src_count": 3,
        "n_related": 4,
        "top3": "佛山(盛产)|邓挺(活动于)|李柱臣(活动于)"
      }
    },
    {
      "type": "Feature",
      "geometry": {
        "type": "Point",
        "coordinates": [
          113.167321,
          23.088397
        ]
      },
      "properties": {
        "id": "B0FFKF1MUV",
        "name": "华光庙",
        "town": "里水镇",
        "ent_name": "盐步华光庙",
        "ent_type": "建筑遗迹",
        "mentions": 3,
        "src_count": 2,
        "n_related": 4,
        "top3": "盐步老龙(承载文化)|盐步老龙会(位于)|盐步老龙会(承载文化)"
      }
    },
    {
      "type": "Feature",
      "geometry": {
        "type": "Point",
        "coordinates": [
          112.880326,
          23.041284
        ]
      },
      "properties": {
        "id": "B0FFKGFPBC",
        "name": "蟹泉仙井",
        "town": "丹灶镇",
        "ent_name": "仙井",
        "ent_type": "建筑遗迹",
        "mentions": 2,
        "src_count": 2,
        "n_related": 3,
        "top3": "葛洪(活动于)|葛洪(承载文化)|南海丹灶仙岗村(位于)"
      }
    },
    {
      "type": "Feature",
      "geometry": {
        "type": "Point",
        "coordinates": [
          112.951841,
          22.909156
        ]
      },
      "properties": {
        "id": "B0FFKIV0PW",
        "name": "儒溪立新老家祠堂",
        "town": "西樵镇",
        "ent_name": "儒溪",
        "ent_type": "地名",
        "mentions": 2,
        "src_count": 1,
        "n_related": 1,
        "top3": "石景宜(出生于)"
      }
    },
    {
      "type": "Feature",
      "geometry": {
        "type": "Point",
        "coordinates": [
          113.042488,
          23.049031
        ]
      },
      "properties": {
        "id": "B0FFKK8HV1",
        "name": "金谷潮坊潮汕菜·罗村店(金谷潮坊潮汕菜·公园里店)",
        "town": "狮山镇",
        "ent_name": "罗村",
        "ent_type": "地名",
        "mentions": 44,
        "src_count": 14,
        "n_related": 22,
        "top3": "中山公园(位于)|杨晋初(活动于)|杨晋初(同族)"
      }
    },
    {
      "type": "Feature",
      "geometry": {
        "type": "Point",
        "coordinates": [
          112.980997,
          22.95419
        ]
      },
      "properties": {
        "id": "B0FFKO0J42",
        "name": "凯里亚德酒店(佛山西樵山风景区樵岭广场店)",
        "town": "西樵镇",
        "ent_name": "西樵山风景区",
        "ent_type": "地名",
        "mentions": 2,
        "src_count": 1,
        "n_related": 0,
        "top3": ""
      }
    },
    {
      "type": "Feature",
      "geometry": {
        "type": "Point",
        "coordinates": [
          113.121912,
          23.219408
        ]
      },
      "properties": {
        "id": "B0FFKU08SR",
        "name": "麻奢村委会潭边文化室",
        "town": "里水镇",
        "ent_name": "麻奢村",
        "ent_type": "地名",
        "mentions": 2,
        "src_count": 2,
        "n_related": 1,
        "top3": "梁叶祥(活动于)"
      }
    },
    {
      "type": "Feature",
      "geometry": {
        "type": "Point",
        "coordinates": [
          113.069034,
          23.225871
        ]
      },
      "properties": {
        "id": "B0FFKW7UOG",
        "name": "游乐阁(汇利广场店)",
        "town": "大沥镇",
        "ent_name": "乐阁",
        "ent_type": "建筑遗迹",
        "mentions": 2,
        "src_count": 2,
        "n_related": 1,
        "top3": "正谊堂(位于)"
      }
    },
    {
      "type": "Feature",
      "geometry": {
        "type": "Point",
        "coordinates": [
          113.187212,
          23.091621
        ]
      },
      "properties": {
        "id": "B0FFKZLLRD",
        "name": "佛山市南海区大沥镇河东社区石庙二股份合作经济社",
        "town": "大沥镇",
        "ent_name": "河东",
        "ent_type": "地名",
        "mentions": 2,
        "src_count": 2,
        "n_related": 1,
        "top3": "苏记(承载文化)"
      }
    },
    {
      "type": "Feature",
      "geometry": {
        "type": "Point",
        "coordinates": [
          112.950197,
          22.94808
        ]
      },
      "properties": {
        "id": "B0FFKZZLC2",
        "name": "特斯拉目的地充电站(西樵简村启沅公园停车场)",
        "town": "西樵镇",
        "ent_name": "西樵简村",
        "ent_type": "地名",
        "mentions": 2,
        "src_count": 2,
        "n_related": 4,
        "top3": "陈启沅(活动于)|陈启沅(出生于)|香云纱(承载文化)"
      }
    },
    {
      "type": "Feature",
      "geometry": {
        "type": "Point",
        "coordinates": [
          113.164102,
          23.076611
        ]
      },
      "properties": {
        "id": "B0FFL04MPV",
        "name": "佛山市南海区大沥华夏龙舟体育协会",
        "town": "大沥镇",
        "ent_name": "华夏",
        "ent_type": "地名",
        "mentions": 2,
        "src_count": 2,
        "n_related": 0,
        "top3": ""
      }
    },
    {
      "type": "Feature",
      "geometry": {
        "type": "Point",
        "coordinates": [
          113.084643,
          23.205664
        ]
      },
      "properties": {
        "id": "B0FFL06F43",
        "name": "官窑镇黎岗村委员会文化室",
        "town": "狮山镇",
        "ent_name": "官窑镇",
        "ent_type": "地名",
        "mentions": 7,
        "src_count": 4,
        "n_related": 3,
        "top3": "黄少强(出生于)|黄梓林(活动于)|八国联军侵入北京(发生于)"
      }
    },
    {
      "type": "Feature",
      "geometry": {
        "type": "Point",
        "coordinates": [
          113.139702,
          23.245616
        ]
      },
      "properties": {
        "id": "B0FFL1AE05",
        "name": "姚氏宗祠",
        "town": "里水镇",
        "ent_name": "姚氏宗祠",
        "ent_type": "建筑遗迹",
        "mentions": 3,
        "src_count": 2,
        "n_related": 1,
        "top3": "姚大宁(关联人物)"
      }
    },
    {
      "type": "Feature",
      "geometry": {
        "type": "Point",
        "coordinates": [
          113.089517,
          23.069873
        ]
      },
      "properties": {
        "id": "B0FFL2KTAZ",
        "name": "邓氏宗祠",
        "town": "大沥镇",
        "ent_name": "邓氏宗祠",
        "ent_type": "建筑遗迹",
        "mentions": 2,
        "src_count": 2,
        "n_related": 0,
        "top3": ""
      }
    },
    {
      "type": "Feature",
      "geometry": {
        "type": "Point",
        "coordinates": [
          113.131789,
          23.25719
        ]
      },
      "properties": {
        "id": "B0FFL3EYTG",
        "name": "里水镇和顺村委会和西村民小组文化室",
        "town": "里水镇",
        "ent_name": "和顺村",
        "ent_type": "地名",
        "mentions": 4,
        "src_count": 2,
        "n_related": 6,
        "top3": "端午节(发生于)|十番锣鼓(承载文化)|北李大宗祠(关联人物)"
      }
    },
    {
      "type": "Feature",
      "geometry": {
        "type": "Point",
        "coordinates": [
          113.031837,
          23.048685
        ]
      },
      "properties": {
        "id": "B0FFL6MZPG",
        "name": "风雨亭巴马藏泉",
        "town": "丹灶镇",
        "ent_name": "风雨亭",
        "ent_type": "建筑遗迹",
        "mentions": 2,
        "src_count": 2,
        "n_related": 4,
        "top3": "文教村(承载文化)|马鞍岗(位于)|马鞍岗(承载文化)"
      }
    },
    {
      "type": "Feature",
      "geometry": {
        "type": "Point",
        "coordinates": [
          113.169373,
          23.113815
        ]
      },
      "properties": {
        "id": "B0FFL92KWP",
        "name": "水月宫",
        "town": "里水镇",
        "ent_name": "七星岩水月宫",
        "ent_type": "建筑遗迹",
        "mentions": 3,
        "src_count": 3,
        "n_related": 2,
        "top3": "象林寺(创建修建)|象林寺(活动于)"
      }
    },
    {
      "type": "Feature",
      "geometry": {
        "type": "Point",
        "coordinates": [
          113.124705,
          23.157129
        ]
      },
      "properties": {
        "id": "B0FFL9QBS2",
        "name": "孔氏宗祠",
        "town": "里水镇",
        "ent_name": "显子岗孔氏宗祠",
        "ent_type": "建筑遗迹",
        "mentions": 2,
        "src_count": 2,
        "n_related": 1,
        "top3": "石门中学(位于)"
      }
    },
    {
      "type": "Feature",
      "geometry": {
        "type": "Point",
        "coordinates": [
          113.196861,
          23.13627
        ]
      },
      "properties": {
        "id": "B0FFLBYRXP",
        "name": "白沙村民文化室筹建处",
        "town": "里水镇",
        "ent_name": "白沙村",
        "ent_type": "地名",
        "mentions": 2,
        "src_count": 2,
        "n_related": 0,
        "top3": ""
      }
    },
    {
      "type": "Feature",
      "geometry": {
        "type": "Point",
        "coordinates": [
          113.161515,
          23.19654
        ]
      },
      "properties": {
        "id": "B0FFLC3BRE",
        "name": "南海市里水镇新林村委会桥星村民小组",
        "town": "里水镇",
        "ent_name": "林村",
        "ent_type": "地名",
        "mentions": 4,
        "src_count": 3,
        "n_related": 1,
        "top3": "香云纱(承载文化)"
      }
    },
    {
      "type": "Feature",
      "geometry": {
        "type": "Point",
        "coordinates": [
          112.946444,
          23.031646
        ]
      },
      "properties": {
        "id": "B0FFLFETDO",
        "name": "罗行社区综合性文化服务中心",
        "town": "丹灶镇",
        "ent_name": "罗行",
        "ent_type": "地名",
        "mentions": 6,
        "src_count": 4,
        "n_related": 2,
        "top3": "罗行圩(属于时期)|罗行圩(位于)"
      }
    },
    {
      "type": "Feature",
      "geometry": {
        "type": "Point",
        "coordinates": [
          112.994613,
          22.940893
        ]
      },
      "properties": {
        "id": "B0FFLGYJDJ",
        "name": "西樵大桥",
        "town": "西樵镇",
        "ent_name": "西樵大桥",
        "ent_type": "建筑遗迹",
        "mentions": 7,
        "src_count": 5,
        "n_related": 1,
        "top3": "粤剧团(承载文化)"
      }
    },
    {
      "type": "Feature",
      "geometry": {
        "type": "Point",
        "coordinates": [
          112.915462,
          22.881923
        ]
      },
      "properties": {
        "id": "B0FFLJETF1",
        "name": "高明大桥",
        "town": "西樵镇",
        "ent_name": "高明",
        "ent_type": "地名",
        "mentions": 11,
        "src_count": 9,
        "n_related": 2,
        "top3": "陈子壮(活动于)|罗黄(出生于)"
      }
    },
    {
      "type": "Feature",
      "geometry": {
        "type": "Point",
        "coordinates": [
          112.901992,
          23.020149
        ]
      },
      "properties": {
        "id": "B0FFM1XT3R",
        "name": "天后庙",
        "town": "丹灶镇",
        "ent_name": "栅下天后庙",
        "ent_type": "建筑遗迹",
        "mentions": 2,
        "src_count": 2,
        "n_related": 1,
        "top3": "清乾隆年间(始建于)"
      }
    },
    {
      "type": "Feature",
      "geometry": {
        "type": "Point",
        "coordinates": [
          113.072143,
          23.130649
        ]
      },
      "properties": {
        "id": "B0FFM3V93I",
        "name": "南海市大沥区兴贤村民委员会桥木村民小组",
        "town": "大沥镇",
        "ent_name": "大沥区",
        "ent_type": "地名",
        "mentions": 2,
        "src_count": 1,
        "n_related": 0,
        "top3": ""
      }
    },
    {
      "type": "Feature",
      "geometry": {
        "type": "Point",
        "coordinates": [
          113.174695,
          23.248154
        ]
      },
      "properties": {
        "id": "B0FFMD65ID",
        "name": "三江源景观节点",
        "town": "里水镇",
        "ent_name": "三江",
        "ent_type": "地名",
        "mentions": 3,
        "src_count": 3,
        "n_related": 1,
        "top3": "佛山镇(属于时期)"
      }
    },
    {
      "type": "Feature",
      "geometry": {
        "type": "Point",
        "coordinates": [
          112.994034,
          23.124316
        ]
      },
      "properties": {
        "id": "B0FFMEKKWV",
        "name": "国美龙江奥园广场店",
        "town": "狮山镇",
        "ent_name": "龙江",
        "ent_type": "地名",
        "mentions": 6,
        "src_count": 5,
        "n_related": 2,
        "top3": "九江(同类)|桑园围(位于)"
      }
    },
    {
      "type": "Feature",
      "geometry": {
        "type": "Point",
        "coordinates": [
          112.983899,
          23.175839
        ]
      },
      "properties": {
        "id": "B0FFMHXEME",
        "name": "ALSGONGCHA台湾阿里山贡茶(腾大广场店)",
        "town": "狮山镇",
        "ent_name": "台湾",
        "ent_type": "地名",
        "mentions": 2,
        "src_count": 2,
        "n_related": 0,
        "top3": ""
      }
    },
    {
      "type": "Feature",
      "geometry": {
        "type": "Point",
        "coordinates": [
          113.198743,
          23.14082
        ]
      },
      "properties": {
        "id": "B0G0HHIASV",
        "name": "棒子桂林米粉(新旺广场螺蛳粉分店)",
        "town": "大沥镇",
        "ent_name": "桂林",
        "ent_type": "地名",
        "mentions": 12,
        "src_count": 10,
        "n_related": 5,
        "top3": "康有为(活动于)|陈开(活动于)|李文茂(活动于)"
      }
    },
    {
      "type": "Feature",
      "geometry": {
        "type": "Point",
        "coordinates": [
          113.180088,
          23.034503
        ]
      },
      "properties": {
        "id": "B0G12AJ1F9",
        "name": "WEE+一家文化创意研究所(石龙南路)",
        "town": "桂城街道",
        "ent_name": "石龙",
        "ent_type": "地名",
        "mentions": 3,
        "src_count": 2,
        "n_related": 1,
        "top3": "何禄(活动于)"
      }
    },
    {
      "type": "Feature",
      "geometry": {
        "type": "Point",
        "coordinates": [
          113.177499,
          23.143532
        ]
      },
      "properties": {
        "id": "B0G19M87DG",
        "name": "广州大江文化传媒舞美基地",
        "town": "大沥镇",
        "ent_name": "大江",
        "ent_type": "地名",
        "mentions": 2,
        "src_count": 2,
        "n_related": 0,
        "top3": ""
      }
    },
    {
      "type": "Feature",
      "geometry": {
        "type": "Point",
        "coordinates": [
          113.135958,
          23.034278
        ]
      },
      "properties": {
        "id": "B0G2ZRHHSR",
        "name": "新精武少儿武术散打培训(越秀越汇校区)",
        "town": "桂城街道",
        "ent_name": "会馆",
        "ent_type": "建筑遗迹",
        "mentions": 2,
        "src_count": 2,
        "n_related": 2,
        "top3": "潘光岳(创建修建)|祖庙大街(承载文化)"
      }
    },
    {
      "type": "Feature",
      "geometry": {
        "type": "Point",
        "coordinates": [
          113.147736,
          23.181393
        ]
      },
      "properties": {
        "id": "B0G39NK9C4",
        "name": "香港3861国际母婴生活馆(里水万利广场店)",
        "town": "里水镇",
        "ent_name": "香港",
        "ent_type": "地名",
        "mentions": 40,
        "src_count": 19,
        "n_related": 20,
        "top3": "康有为(活动于)|佛山(活动于)|黄飞鸿(活动于)"
      }
    },
    {
      "type": "Feature",
      "geometry": {
        "type": "Point",
        "coordinates": [
          113.148751,
          23.039619
        ]
      },
      "properties": {
        "id": "B0GK6NP7CV",
        "name": "大榕树下(万科广场店)",
        "town": "桂城街道",
        "ent_name": "大榕树",
        "ent_type": "建筑遗迹",
        "mentions": 2,
        "src_count": 2,
        "n_related": 2,
        "top3": "文教村(活动于)|紫洞圩(位于)"
      }
    },
    {
      "type": "Feature",
      "geometry": {
        "type": "Point",
        "coordinates": [
          113.125916,
          23.065559
        ]
      },
      "properties": {
        "id": "B0GRMH0UW7",
        "name": "佛山市武术协会叠滘比麟堂拳馆",
        "town": "桂城街道",
        "ent_name": "叠滘",
        "ent_type": "地名",
        "mentions": 8,
        "src_count": 5,
        "n_related": 2,
        "top3": "叠滘小学(位于)|庞尚鹏(活动于)"
      }
    },
    {
      "type": "Feature",
      "geometry": {
        "type": "Point",
        "coordinates": [
          113.002178,
          23.152173
        ]
      },
      "properties": {
        "id": "B0GUCH8DND",
        "name": "南海区朗下村社区幸福院杨坳祠堂分点",
        "town": "狮山镇",
        "ent_name": "祠堂",
        "ent_type": "建筑遗迹",
        "mentions": 37,
        "src_count": 14,
        "n_related": 16,
        "top3": "邹伯奇(活动于)|邹伯奇(承载文化)|龙船饭(承载文化)"
      }
    },
    {
      "type": "Feature",
      "geometry": {
        "type": "Point",
        "coordinates": [
          112.973516,
          23.093398
        ]
      },
      "properties": {
        "id": "B0GUNZIA1S",
        "name": "苏宁小店(佛山东方广场分店)",
        "town": "狮山镇",
        "ent_name": "山东",
        "ent_type": "地名",
        "mentions": 2,
        "src_count": 2,
        "n_related": 0,
        "top3": ""
      }
    },
    {
      "type": "Feature",
      "geometry": {
        "type": "Point",
        "coordinates": [
          112.90129,
          23.108071
        ]
      },
      "properties": {
        "id": "B0GUR9PG3W",
        "name": "东坊村祠堂",
        "town": "狮山镇",
        "ent_name": "东坊村",
        "ent_type": "地名",
        "mentions": 2,
        "src_count": 1,
        "n_related": 0,
        "top3": ""
      }
    },
    {
      "type": "Feature",
      "geometry": {
        "type": "Point",
        "coordinates": [
          113.196609,
          23.145771
        ]
      },
      "properties": {
        "id": "B0GUUA16BM",
        "name": "南京同仁堂(万益广场店)",
        "town": "大沥镇",
        "ent_name": "南京",
        "ent_type": "地名",
        "mentions": 6,
        "src_count": 5,
        "n_related": 2,
        "top3": "范良(活动于)|人民解放军(发生于)"
      }
    },
    {
      "type": "Feature",
      "geometry": {
        "type": "Point",
        "coordinates": [
          113.193705,
          23.025651
        ]
      },
      "properties": {
        "id": "B0H01LRHPR",
        "name": "老爷车男装(鸿福百货广场永安路店)",
        "town": "桂城街道",
        "ent_name": "永安路",
        "ent_type": "地名",
        "mentions": 2,
        "src_count": 2,
        "n_related": 0,
        "top3": ""
      }
    },
    {
      "type": "Feature",
      "geometry": {
        "type": "Point",
        "coordinates": [
          112.92497,
          23.061415
        ]
      },
      "properties": {
        "id": "B0H067GUG4",
        "name": "佛山市南海区丹灶镇劳边村东街坊祠堂",
        "town": "丹灶镇",
        "ent_name": "丹灶镇",
        "ent_type": "地名",
        "mentions": 24,
        "src_count": 9,
        "n_related": 15,
        "top3": "康有为(出生于)|康有为(活动于)|华平村(位于)"
      }
    },
    {
      "type": "Feature",
      "geometry": {
        "type": "Point",
        "coordinates": [
          113.236033,
          23.017917
        ]
      },
      "properties": {
        "id": "B0H0RLBAVT",
        "name": "顺易充汽车充电站(佛山市南海桂城文翰湖公园停车场公共)",
        "town": "桂城街道",
        "ent_name": "南海桂城",
        "ent_type": "地名",
        "mentions": 2,
        "src_count": 2,
        "n_related": 2,
        "top3": "茶基村(属于时期)|庞尚鹏(出生于)"
      }
    },
    {
      "type": "Feature",
      "geometry": {
        "type": "Point",
        "coordinates": [
          113.190809,
          23.144144
        ]
      },
      "properties": {
        "id": "B0H0UUMVA7",
        "name": "维也纳智好酒店广州金沙洲万达广场店停车场(出入口)",
        "town": "里水镇",
        "ent_name": "广州",
        "ent_type": "地名",
        "mentions": 88,
        "src_count": 35,
        "n_related": 38,
        "top3": "康有为(活动于)|佛山(盛产)|黄飞鸿(活动于)"
      }
    },
    {
      "type": "Feature",
      "geometry": {
        "type": "Point",
        "coordinates": [
          113.168059,
          23.089409
        ]
      },
      "properties": {
        "id": "B0H14SSLRM",
        "name": "佛山市南海区大沥镇六村社区综合性文化服务中心",
        "town": "大沥镇",
        "ent_name": "六村",
        "ent_type": "地名",
        "mentions": 2,
        "src_count": 1,
        "n_related": 0,
        "top3": ""
      }
    },
    {
      "type": "Feature",
      "geometry": {
        "type": "Point",
        "coordinates": [
          113.154747,
          23.070851
        ]
      },
      "properties": {
        "id": "B0H1K51FNE",
        "name": "FATE BAR CLUB西餐酒吧博物馆",
        "town": "桂城街道",
        "ent_name": "博物馆",
        "ent_type": "建筑遗迹",
        "mentions": 4,
        "src_count": 1,
        "n_related": 1,
        "top3": "戴鸿慈(创建修建)"
      }
    },
    {
      "type": "Feature",
      "geometry": {
        "type": "Point",
        "coordinates": [
          112.999753,
          23.123748
        ]
      },
      "properties": {
        "id": "B0H2YLZ5TI",
        "name": "GOGIYA韩国传统烤肉店(和信广场店)",
        "town": "狮山镇",
        "ent_name": "韩国",
        "ent_type": "地名",
        "mentions": 2,
        "src_count": 2,
        "n_related": 0,
        "top3": ""
      }
    },
    {
      "type": "Feature",
      "geometry": {
        "type": "Point",
        "coordinates": [
          112.943595,
          22.92498
        ]
      },
      "properties": {
        "id": "B0H3GL6G2O",
        "name": "禄舟村万寿堂",
        "town": "西樵镇",
        "ent_name": "禄舟村",
        "ent_type": "地名",
        "mentions": 10,
        "src_count": 7,
        "n_related": 4,
        "top3": "西樵山(位于)|黄飞鸿(活动于)|黄飞鸿(出生于)"
      }
    },
    {
      "type": "Feature",
      "geometry": {
        "type": "Point",
        "coordinates": [
          113.148149,
          23.037692
        ]
      },
      "properties": {
        "id": "B0H3THEBO7",
        "name": "精锐教育南海万科广场校区(万科金域国际花园8座)",
        "town": "桂城街道",
        "ent_name": "花园",
        "ent_type": "建筑遗迹",
        "mentions": 3,
        "src_count": 2,
        "n_related": 1,
        "top3": "叶正简(创建修建)"
      }
    },
    {
      "type": "Feature",
      "geometry": {
        "type": "Point",
        "coordinates": [
          112.938167,
          22.981387
        ]
      },
      "properties": {
        "id": "B0H62CZH3V",
        "name": "天后宫",
        "town": "丹灶镇",
        "ent_name": "天后宫",
        "ent_type": "建筑遗迹",
        "mentions": 6,
        "src_count": 3,
        "n_related": 1,
        "top3": "云路村(位于)"
      }
    },
    {
      "type": "Feature",
      "geometry": {
        "type": "Point",
        "coordinates": [
          113.203132,
          23.040691
        ]
      },
      "properties": {
        "id": "B0HA2BNPNE",
        "name": "西湖广场(平洲公园)",
        "town": "桂城街道",
        "ent_name": "西湖",
        "ent_type": "地名",
        "mentions": 6,
        "src_count": 6,
        "n_related": 4,
        "top3": "戴鸿慈(活动于)|黄君壁(活动于)|何漆园(活动于)"
      }
    },
    {
      "type": "Feature",
      "geometry": {
        "type": "Point",
        "coordinates": [
          113.097885,
          23.150796
        ]
      },
      "properties": {
        "id": "B0HAJY6VDT",
        "name": "田心村公园-篮球场",
        "town": "大沥镇",
        "ent_name": "田心村",
        "ent_type": "地名",
        "mentions": 2,
        "src_count": 1,
        "n_related": 0,
        "top3": ""
      }
    },
    {
      "type": "Feature",
      "geometry": {
        "type": "Point",
        "coordinates": [
          113.102708,
          23.188752
        ]
      },
      "properties": {
        "id": "B0HBF9YGLN",
        "name": "杭州街",
        "town": "大沥镇",
        "ent_name": "杭州",
        "ent_type": "地名",
        "mentions": 3,
        "src_count": 2,
        "n_related": 1,
        "top3": "康有为(活动于)"
      }
    },
    {
      "type": "Feature",
      "geometry": {
        "type": "Point",
        "coordinates": [
          113.095223,
          23.137433
        ]
      },
      "properties": {
        "id": "B0HG2U0CJU",
        "name": "大革命时期显纲村党组织活动旧址",
        "town": "狮山镇",
        "ent_name": "显纲",
        "ent_type": "地名",
        "mentions": 2,
        "src_count": 2,
        "n_related": 4,
        "top3": "周侠生(活动于)|大沥圩(位于)|陈道舟(活动于)"
      }
    },
    {
      "type": "Feature",
      "geometry": {
        "type": "Point",
        "coordinates": [
          112.907543,
          22.988147
        ]
      },
      "properties": {
        "id": "B0HG2U0KTA",
        "name": "铁军公园",
        "town": "西樵镇",
        "ent_name": "松塘",
        "ent_type": "地名",
        "mentions": 4,
        "src_count": 3,
        "n_related": 3,
        "top3": "松塘村(位于)|谢颂雅(活动于)|邝少夫(活动于)"
      }
    },
    {
      "type": "Feature",
      "geometry": {
        "type": "Point",
        "coordinates": [
          113.02664,
          23.193956
        ]
      },
      "properties": {
        "id": "B0HG2UZA6Z",
        "name": "大榄榄溪社学-大榄抗日救亡活动旧址",
        "town": "狮山镇",
        "ent_name": "大榄",
        "ent_type": "地名",
        "mentions": 4,
        "src_count": 4,
        "n_related": 0,
        "top3": ""
      }
    },
    {
      "type": "Feature",
      "geometry": {
        "type": "Point",
        "coordinates": [
          113.072817,
          23.232562
        ]
      },
      "properties": {
        "id": "B0HG2UZPYO",
        "name": "珠江纵队独立第三大队攻占官窑圩中街伪区署旧址",
        "town": "狮山镇",
        "ent_name": "珠江",
        "ent_type": "地名",
        "mentions": 12,
        "src_count": 9,
        "n_related": 2,
        "top3": "盐步老龙(活动于)|河南(位于)"
      }
    },
    {
      "type": "Feature",
      "geometry": {
        "type": "Point",
        "coordinates": [
          113.009071,
          23.087814
        ]
      },
      "properties": {
        "id": "B0HGSH3UCJ",
        "name": "佛山市市政建设工程有限公司佛山一环辅道(狮山段)绿化景观提升工程(第一标段务庄立交-狮山立交含段)项目部",
        "town": "狮山镇",
        "ent_name": "狮山",
        "ent_type": "地名",
        "mentions": 11,
        "src_count": 6,
        "n_related": 6,
        "top3": "银岗(承载文化)|金凤草(盛产)|和合老汉(活动于)"
      }
    },
    {
      "type": "Feature",
      "geometry": {
        "type": "Point",
        "coordinates": [
          113.102695,
          23.080318
        ]
      },
      "properties": {
        "id": "B0HK6M2APN",
        "name": "南海区大沥镇谢边南桥学校(西南门)",
        "town": "大沥镇",
        "ent_name": "西南",
        "ent_type": "地名",
        "mentions": 4,
        "src_count": 4,
        "n_related": 2,
        "top3": "梁财信(活动于)|梁氏家族(活动于)"
      }
    },
    {
      "type": "Feature",
      "geometry": {
        "type": "Point",
        "coordinates": [
          113.17501,
          23.116681
        ]
      },
      "properties": {
        "id": "B0HKOUJT7N",
        "name": "宜尚酒店(佛山滘口地铁站嘉洲广场店)停车场(出入口)",
        "town": "里水镇",
        "ent_name": "滘口",
        "ent_type": "地名",
        "mentions": 2,
        "src_count": 2,
        "n_related": 1,
        "top3": "林锵云(活动于)"
      }
    },
    {
      "type": "Feature",
      "geometry": {
        "type": "Point",
        "coordinates": [
          112.992948,
          22.933831
        ]
      },
      "properties": {
        "id": "B0HKY7XU3Y",
        "name": "山根社区基层综合性文化服务中心",
        "town": "丹灶镇",
        "ent_name": "山根",
        "ent_type": "地名",
        "mentions": 3,
        "src_count": 1,
        "n_related": 0,
        "top3": ""
      }
    },
    {
      "type": "Feature",
      "geometry": {
        "type": "Point",
        "coordinates": [
          113.140705,
          23.176076
        ]
      },
      "properties": {
        "id": "B0HKZSRCKT",
        "name": "佛山市南海区里水镇甘蕉新生活广场停车场(出入口)",
        "town": "里水镇",
        "ent_name": "里水镇",
        "ent_type": "地名",
        "mentions": 29,
        "src_count": 12,
        "n_related": 28,
        "top3": "何启(同族)|杜国彪(同族)|江孔殷(同族)"
      }
    },
    {
      "type": "Feature",
      "geometry": {
        "type": "Point",
        "coordinates": [
          113.153123,
          23.066107
        ]
      },
      "properties": {
        "id": "B0HR0GRI5A",
        "name": "顺德菜(万达广场佛山南海店D座店)",
        "town": "桂城街道",
        "ent_name": "顺德",
        "ent_type": "地名",
        "mentions": 29,
        "src_count": 14,
        "n_related": 11,
        "top3": "康有为(活动于)|佛山(盛产)|官山(盛产)"
      }
    },
    {
      "type": "Feature",
      "geometry": {
        "type": "Point",
        "coordinates": [
          113.039966,
          23.062335
        ]
      },
      "properties": {
        "id": "B0HRR5U8U2",
        "name": "小米之家(小米之家广东佛山南海区富弘广场专卖店)",
        "town": "狮山镇",
        "ent_name": "佛山南海区",
        "ent_type": "地名",
        "mentions": 3,
        "src_count": 3,
        "n_related": 3,
        "top3": "南狮(盛产)|龙舟(盛产)|龙舟(承载文化)"
      }
    },
    {
      "type": "Feature",
      "geometry": {
        "type": "Point",
        "coordinates": [
          112.970529,
          22.931863
        ]
      },
      "properties": {
        "id": "B0HRV98X5D",
        "name": "宝峰寺-母婴室",
        "town": "西樵镇",
        "ent_name": "西樵山天湖",
        "ent_type": "地名",
        "mentions": 3,
        "src_count": 2,
        "n_related": 0,
        "top3": ""
      }
    },
    {
      "type": "Feature",
      "geometry": {
        "type": "Point",
        "coordinates": [
          113.084298,
          23.176201
        ]
      },
      "properties": {
        "id": "B0I64U4IMH",
        "name": "狮山镇显子岗村法治文化公园篮球场",
        "town": "狮山镇",
        "ent_name": "文化公园",
        "ent_type": "地名",
        "mentions": 5,
        "src_count": 4,
        "n_related": 5,
        "top3": "桂园文化宫(位于)|三水县(位于)|林镜泉(活动于)"
      }
    },
    {
      "type": "Feature",
      "geometry": {
        "type": "Point",
        "coordinates": [
          113.160126,
          23.016704
        ]
      },
      "properties": {
        "id": "B0I6JC2906",
        "name": "泰度潮·泰国菜(顺联公园里店)",
        "town": "桂城街道",
        "ent_name": "泰国",
        "ent_type": "地名",
        "mentions": 2,
        "src_count": 2,
        "n_related": 0,
        "top3": ""
      }
    },
    {
      "type": "Feature",
      "geometry": {
        "type": "Point",
        "coordinates": [
          113.01534,
          22.835259
        ]
      },
      "properties": {
        "id": "B0I6ZHKEGN",
        "name": "登喜来商务酒店(佛山南海九江信基广场店)地下停车场(出入口)",
        "town": "九江镇",
        "ent_name": "佛山南海",
        "ent_type": "地名",
        "mentions": 2,
        "src_count": 2,
        "n_related": 2,
        "top3": "潘其勤(活动于)|潘其勤(属于时期)"
      }
    },
    {
      "type": "Feature",
      "geometry": {
        "type": "Point",
        "coordinates": [
          113.017712,
          22.919406
        ]
      },
      "properties": {
        "id": "BV10251646",
        "name": "万安桥(公交站)",
        "town": "丹灶镇",
        "ent_name": "万安桥",
        "ent_type": "建筑遗迹",
        "mentions": 4,
        "src_count": 2,
        "n_related": 1,
        "top3": "绮南楼(位于)"
      }
    },
    {
      "type": "Feature",
      "geometry": {
        "type": "Point",
        "coordinates": [
          112.976092,
          22.887074
        ]
      },
      "properties": {
        "id": "BV10255183",
        "name": "朝山公园(公交站)",
        "town": "西樵镇",
        "ent_name": "朝山",
        "ent_type": "地名",
        "mentions": 4,
        "src_count": 1,
        "n_related": 0,
        "top3": ""
      }
    },
    {
      "type": "Feature",
      "geometry": {
        "type": "Point",
        "coordinates": [
          112.924235,
          22.862752
        ]
      },
      "properties": {
        "id": "BV10514280",
        "name": "洪圣庙(公交站)",
        "town": "西樵镇",
        "ent_name": "洪圣庙",
        "ent_type": "建筑遗迹",
        "mentions": 8,
        "src_count": 5,
        "n_related": 1,
        "top3": "黄飞鸿(活动于)"
      }
    },
    {
      "type": "Feature",
      "geometry": {
        "type": "Point",
        "coordinates": [
          113.001148,
          22.882035
        ]
      },
      "properties": {
        "id": "BV10551568",
        "name": "大桐桥(公交站)",
        "town": "丹灶镇",
        "ent_name": "大桐",
        "ent_type": "地名",
        "mentions": 3,
        "src_count": 2,
        "n_related": 1,
        "top3": "继昌隆(盛产)"
      }
    },
    {
      "type": "Feature",
      "geometry": {
        "type": "Point",
        "coordinates": [
          112.978494,
          23.139842
        ]
      },
      "properties": {
        "id": "BV11462292",
        "name": "广云路(兴业桥底)站(公交站)",
        "town": "狮山镇",
        "ent_name": "广云路",
        "ent_type": "地名",
        "mentions": 2,
        "src_count": 2,
        "n_related": 0,
        "top3": ""
      }
    },
    {
      "type": "Feature",
      "geometry": {
        "type": "Point",
        "coordinates": [
          112.980609,
          22.947739
        ]
      },
      "properties": {
        "id": "BV11597839",
        "name": "官山城区枢纽站(官山二桥)(公交站)",
        "town": "丹灶镇",
        "ent_name": "官山城区",
        "ent_type": "地名",
        "mentions": 8,
        "src_count": 2,
        "n_related": 2,
        "top3": "扎狮(承载文化)|百狮巡游(发生于)"
      }
    },
    {
      "type": "Feature",
      "geometry": {
        "type": "Point",
        "coordinates": [
          113.109659,
          23.123456
        ]
      },
      "properties": {
        "id": "BZ7QP500UA",
        "name": "沥西大范桥",
        "town": "大沥镇",
        "ent_name": "大范",
        "ent_type": "地名",
        "mentions": 5,
        "src_count": 5,
        "n_related": 2,
        "top3": "大范杀人坑(位于)|大范杀人坑(承载文化)"
      }
    },
    {
      "type": "Feature",
      "geometry": {
        "type": "Point",
        "coordinates": [
          113.214355,
          23.031302
        ]
      },
      "properties": {
        "id": "B0H6TH6APH",
        "name": "河马自助洗车(三山智汇广场海伦堡店)",
        "town": "桂城街道",
        "ent_name": "三山",
        "ent_type": "建筑遗迹",
        "mentions": 14,
        "src_count": 9,
        "n_related": 9,
        "top3": "邵汉生(活动于)|岭南大学(关联人物)|三山武术队(活动于)"
      }
    },
    {
      "type": "Feature",
      "geometry": {
        "type": "Point",
        "coordinates": [
          112.981367,
          23.090541
        ]
      },
      "properties": {
        "id": "B0FFHWXKYR",
        "name": "中国平安(一升平广场咨询服务站)",
        "town": "狮山镇",
        "ent_name": "升平",
        "ent_type": "地名",
        "mentions": 3,
        "src_count": 2,
        "n_related": 1,
        "top3": "锦华路(位于)"
      }
    },
    {
      "type": "Feature",
      "geometry": {
        "type": "Point",
        "coordinates": [
          113.163742,
          23.024598
        ]
      },
      "properties": {
        "id": "B0FFLPNTOJ",
        "name": "怪兽充电(柳州螺蛳粉圆方广场分店)",
        "town": "桂城街道",
        "ent_name": "柳州",
        "ent_type": "地名",
        "mentions": 2,
        "src_count": 1,
        "n_related": 0,
        "top3": ""
      }
    },
    {
      "type": "Feature",
      "geometry": {
        "type": "Point",
        "coordinates": [
          113.107355,
          23.095389
        ]
      },
      "properties": {
        "id": "B0FFI94UQI",
        "name": "南海市钟边镇南文化室",
        "town": "大沥镇",
        "ent_name": "钟边",
        "ent_type": "地名",
        "mentions": 5,
        "src_count": 4,
        "n_related": 1,
        "top3": "陈克武(活动于)"
      }
    },
    {
      "type": "Feature",
      "geometry": {
        "type": "Point",
        "coordinates": [
          113.13775,
          23.026981
        ]
      },
      "properties": {
        "id": "B0FFKGOVJF",
        "name": "佛山涌",
        "town": "桂城街道",
        "ent_name": "佛山涌",
        "ent_type": "地名",
        "mentions": 4,
        "src_count": 2,
        "n_related": 2,
        "top3": "仁寿寺(位于)|平政桥(位于)"
      }
    },
    {
      "type": "Feature",
      "geometry": {
        "type": "Point",
        "coordinates": [
          113.017648,
          22.839732
        ]
      },
      "properties": {
        "id": "B0FFFI7TRK",
        "name": "奇山村红桥701",
        "town": "丹灶镇",
        "ent_name": "奇山",
        "ent_type": "地名",
        "mentions": 2,
        "src_count": 2,
        "n_related": 0,
        "top3": ""
      }
    },
    {
      "type": "Feature",
      "geometry": {
        "type": "Point",
        "coordinates": [
          113.163582,
          23.092553
        ]
      },
      "properties": {
        "id": "B0FFGB50JA",
        "name": "盐步老龙",
        "town": "大沥镇",
        "ent_name": "盐步老龙会",
        "ent_type": "建筑遗迹",
        "mentions": 2,
        "src_count": 2,
        "n_related": 1,
        "top3": "洋塘(活动于)"
      }
    },
    {
      "type": "Feature",
      "geometry": {
        "type": "Point",
        "coordinates": [
          112.975282,
          22.922947
        ]
      },
      "properties": {
        "id": "B0FFHHJXUH",
        "name": "云谷书院",
        "town": "西樵镇",
        "ent_name": "云谷",
        "ent_type": "建筑遗迹",
        "mentions": 6,
        "src_count": 2,
        "n_related": 1,
        "top3": "白云洞三湖书院(同类)"
      }
    },
    {
      "type": "Feature",
      "geometry": {
        "type": "Point",
        "coordinates": [
          113.156461,
          23.12208
        ]
      },
      "properties": {
        "id": "B0FFGGS6H6",
        "name": "东约公园西路与东约文明村大路交叉口",
        "town": "里水镇",
        "ent_name": "文明村",
        "ent_type": "地名",
        "mentions": 3,
        "src_count": 2,
        "n_related": 2,
        "top3": "西竺村(记载于)|西竺村(活动于)"
      }
    },
    {
      "type": "Feature",
      "geometry": {
        "type": "Point",
        "coordinates": [
          112.998552,
          23.085099
        ]
      },
      "properties": {
        "id": "B02F5045O3",
        "name": "肇庆怀集桥头",
        "town": "狮山镇",
        "ent_name": "怀集",
        "ent_type": "地名",
        "mentions": 4,
        "src_count": 3,
        "n_related": 4,
        "top3": "南海(关联人物)|林世荣(活动于)|林世荣(属于时期)"
      }
    },
    {
      "type": "Feature",
      "geometry": {
        "type": "Point",
        "coordinates": [
          112.944171,
          23.030381
        ]
      },
      "properties": {
        "id": "B0FFME2KQ5",
        "name": "北帝庙",
        "town": "丹灶镇",
        "ent_name": "简村北帝庙",
        "ent_type": "建筑遗迹",
        "mentions": 2,
        "src_count": 2,
        "n_related": 0,
        "top3": ""
      }
    },
    {
      "type": "Feature",
      "geometry": {
        "type": "Point",
        "coordinates": [
          112.968784,
          22.92097
        ]
      },
      "properties": {
        "id": "B0FFHHDG9Q",
        "name": "四峰书院",
        "town": "西樵镇",
        "ent_name": "四峰书院",
        "ent_type": "建筑遗迹",
        "mentions": 7,
        "src_count": 4,
        "n_related": 2,
        "top3": "西樵山(同类)|霍韬(创建修建)"
      }
    },
    {
      "type": "Feature",
      "geometry": {
        "type": "Point",
        "coordinates": [
          113.237383,
          23.036828
        ]
      },
      "properties": {
        "id": "B0FFKBRQHQ",
        "name": "广东虎门咨询技术有限公司番海大桥工程总监办",
        "town": "桂城街道",
        "ent_name": "虎门",
        "ent_type": "地名",
        "mentions": 3,
        "src_count": 3,
        "n_related": 2,
        "top3": "林则徐(盛产)|郑绍忠(活动于)"
      }
    },
    {
      "type": "Feature",
      "geometry": {
        "type": "Point",
        "coordinates": [
          112.981622,
          22.947637
        ]
      },
      "properties": {
        "id": "B0FFKJY45E",
        "name": "大唛养车(佛山西樵官山二桥店)",
        "town": "西樵镇",
        "ent_name": "西樵官山",
        "ent_type": "地名",
        "mentions": 3,
        "src_count": 3,
        "n_related": 0,
        "top3": ""
      }
    },
    {
      "type": "Feature",
      "geometry": {
        "type": "Point",
        "coordinates": [
          113.160295,
          23.09981
        ]
      },
      "properties": {
        "id": "B0FFI5IXXC",
        "name": "汇龙村文昌树",
        "town": "里水镇",
        "ent_name": "文昌",
        "ent_type": "地名",
        "mentions": 4,
        "src_count": 2,
        "n_related": 0,
        "top3": ""
      }
    },
    {
      "type": "Feature",
      "geometry": {
        "type": "Point",
        "coordinates": [
          112.959437,
          22.935742
        ]
      },
      "properties": {
        "id": "B0FFG2BDTF",
        "name": "中山大学岭南文化研究院",
        "town": "西樵镇",
        "ent_name": "中山大学",
        "ent_type": "地名",
        "mentions": 4,
        "src_count": 3,
        "n_related": 1,
        "top3": "广州(活动于)"
      }
    },
    {
      "type": "Feature",
      "geometry": {
        "type": "Point",
        "coordinates": [
          113.03342,
          23.036455
        ]
      },
      "properties": {
        "id": "B0FFHVWJKI",
        "name": "王借岗大桥",
        "town": "丹灶镇",
        "ent_name": "王借岗",
        "ent_type": "地名",
        "mentions": 5,
        "src_count": 2,
        "n_related": 2,
        "top3": "黄萧养(活动于)|黄萧养(创建修建)"
      }
    },
    {
      "type": "Feature",
      "geometry": {
        "type": "Point",
        "coordinates": [
          113.171544,
          23.07626
        ]
      },
      "properties": {
        "id": "B0FFL1TUOE",
        "name": "文化室",
        "town": "大沥镇",
        "ent_name": "文化室",
        "ent_type": "建筑遗迹",
        "mentions": 2,
        "src_count": 2,
        "n_related": 1,
        "top3": "南庄公社(活动于)"
      }
    },
    {
      "type": "Feature",
      "geometry": {
        "type": "Point",
        "coordinates": [
          113.007293,
          22.906373
        ]
      },
      "properties": {
        "id": "B0GUML80X9",
        "name": "佛山市南海区九江镇沙头石江夏江村胡家文化室",
        "town": "九江镇",
        "ent_name": "沙头",
        "ent_type": "地名",
        "mentions": 25,
        "src_count": 14,
        "n_related": 9,
        "top3": "桑园围(位于)|扒龙舟(承载文化)|赛龙小引(承载文化)"
      }
    },
    {
      "type": "Feature",
      "geometry": {
        "type": "Point",
        "coordinates": [
          112.929997,
          23.049581
        ]
      },
      "properties": {
        "id": "B0FFKCIQYL",
        "name": "沙水古村落",
        "town": "丹灶镇",
        "ent_name": "沙水村",
        "ent_type": "地名",
        "mentions": 5,
        "src_count": 2,
        "n_related": 5,
        "top3": "刘廷镜(活动于)|刘国珍(活动于)|南乔公祠(位于)"
      }
    },
    {
      "type": "Feature",
      "geometry": {
        "type": "Point",
        "coordinates": [
          113.032377,
          22.829994
        ]
      },
      "properties": {
        "id": "B0FFGGGS6G",
        "name": "上东三村路与大谷观音堂路交叉口",
        "town": "丹灶镇",
        "ent_name": "大谷",
        "ent_type": "地名",
        "mentions": 3,
        "src_count": 3,
        "n_related": 1,
        "top3": "东兴社(同族)"
      }
    },
    {
      "type": "Feature",
      "geometry": {
        "type": "Point",
        "coordinates": [
          113.099147,
          23.135518
        ]
      },
      "properties": {
        "id": "B0FFFDSWCS",
        "name": "佛山市斯宁文化传播有限公司(松岗店)",
        "town": "大沥镇",
        "ent_name": "松岗",
        "ent_type": "地名",
        "mentions": 28,
        "src_count": 12,
        "n_related": 13,
        "top3": "康有为(盛产)|佛山(盛产)|佛山(活动于)"
      }
    },
    {
      "type": "Feature",
      "geometry": {
        "type": "Point",
        "coordinates": [
          112.97889,
          22.920693
        ]
      },
      "properties": {
        "id": "B0FFG250M9",
        "name": "石燕岩-休息亭",
        "town": "西樵镇",
        "ent_name": "石燕岩",
        "ent_type": "建筑遗迹",
        "mentions": 8,
        "src_count": 3,
        "n_related": 2,
        "top3": "黎简(活动于)|玉白洞(位于)"
      }
    },
    {
      "type": "Feature",
      "geometry": {
        "type": "Point",
        "coordinates": [
          113.102145,
          23.071945
        ]
      },
      "properties": {
        "id": "B0FFGGT9VM",
        "name": "祠侧巷与谢边村大塘前街交叉口",
        "town": "大沥镇",
        "ent_name": "大塘",
        "ent_type": "地名",
        "mentions": 2,
        "src_count": 2,
        "n_related": 1,
        "top3": "梁寄鸥(活动于)"
      }
    },
    {
      "type": "Feature",
      "geometry": {
        "type": "Point",
        "coordinates": [
          113.177132,
          23.035727
        ]
      },
      "properties": {
        "id": "B0FFMG6YQA",
        "name": "菜鸟驿站(佛山平洲海汇广场5栋14号店)",
        "town": "桂城街道",
        "ent_name": "平洲",
        "ent_type": "地名",
        "mentions": 41,
        "src_count": 14,
        "n_related": 11,
        "top3": "南狮(承载文化)|林世荣(出生于)|林世荣(活动于)"
      }
    },
    {
      "type": "Feature",
      "geometry": {
        "type": "Point",
        "coordinates": [
          113.122051,
          23.289778
        ]
      },
      "properties": {
        "id": "B0FFGGY4NQ",
        "name": "西古村大街与西汤村大街交叉口",
        "town": "里水镇",
        "ent_name": "汤村",
        "ent_type": "地名",
        "mentions": 4,
        "src_count": 2,
        "n_related": 2,
        "top3": "胭脂塘(位于)|汤贵公(活动于)"
      }
    },
    {
      "type": "Feature",
      "geometry": {
        "type": "Point",
        "coordinates": [
          112.96052,
          22.935791
        ]
      },
      "properties": {
        "id": "B0HR4SYSLR",
        "name": "云泉仙馆(暂停营业)",
        "town": "西樵镇",
        "ent_name": "仙馆",
        "ent_type": "建筑遗迹",
        "mentions": 3,
        "src_count": 1,
        "n_related": 0,
        "top3": ""
      }
    },
    {
      "type": "Feature",
      "geometry": {
        "type": "Point",
        "coordinates": [
          113.205968,
          23.010599
        ]
      },
      "properties": {
        "id": "B0FFKKEQYX",
        "name": "瓦尔塔力道蓄电池服务中心(陈村店)",
        "town": "桂城街道",
        "ent_name": "陈村",
        "ent_type": "地名",
        "mentions": 2,
        "src_count": 2,
        "n_related": 1,
        "top3": "九江(同类)"
      }
    },
    {
      "type": "Feature",
      "geometry": {
        "type": "Point",
        "coordinates": [
          113.162478,
          23.180192
        ]
      },
      "properties": {
        "id": "B0FFG48L7W",
        "name": "青岛扎啤广场",
        "town": "里水镇",
        "ent_name": "青岛",
        "ent_type": "地名",
        "mentions": 5,
        "src_count": 3,
        "n_related": 2,
        "top3": "康有为(活动于)|康有为故居(位于)"
      }
    },
    {
      "type": "Feature",
      "geometry": {
        "type": "Point",
        "coordinates": [
          113.182558,
          23.036301
        ]
      },
      "properties": {
        "id": "B0FFJ82H3K",
        "name": "瑞塔瑜伽普拉提(映月湖环宇城店)",
        "town": "桂城街道",
        "ent_name": "瑞塔",
        "ent_type": "建筑遗迹",
        "mentions": 3,
        "src_count": 3,
        "n_related": 0,
        "top3": ""
      }
    },
    {
      "type": "Feature",
      "geometry": {
        "type": "Point",
        "coordinates": [
          113.159494,
          23.035931
        ]
      },
      "properties": {
        "id": "B0FFHONU21",
        "name": "颐缘国学堂(佳盛国际广场店)",
        "town": "桂城街道",
        "ent_name": "学堂",
        "ent_type": "建筑遗迹",
        "mentions": 2,
        "src_count": 2,
        "n_related": 2,
        "top3": "孙中山(活动于)|岳庙铺(位于)"
      }
    },
    {
      "type": "Feature",
      "geometry": {
        "type": "Point",
        "coordinates": [
          112.988887,
          22.887411
        ]
      },
      "properties": {
        "id": "B0FFME5KEO",
        "name": "罗山程公祠",
        "town": "丹灶镇",
        "ent_name": "程公祠",
        "ent_type": "建筑遗迹",
        "mentions": 2,
        "src_count": 1,
        "n_related": 0,
        "top3": ""
      }
    },
    {
      "type": "Feature",
      "geometry": {
        "type": "Point",
        "coordinates": [
          112.942281,
          23.063219
        ]
      },
      "properties": {
        "id": "B0G3Z7ST2S",
        "name": "聚微源美容养生馆佛山丹灶旗舰店(佳盛购物广场店)",
        "town": "丹灶镇",
        "ent_name": "丹灶",
        "ent_type": "地名",
        "mentions": 39,
        "src_count": 17,
        "n_related": 21,
        "top3": "康有为(出生于)|康有为(活动于)|官窑(同族)"
      }
    },
    {
      "type": "Feature",
      "geometry": {
        "type": "Point",
        "coordinates": [
          113.102966,
          23.178232
        ]
      },
      "properties": {
        "id": "B0FFG05XTO",
        "name": "观音泉",
        "town": "大沥镇",
        "ent_name": "观音泉",
        "ent_type": "建筑遗迹",
        "mentions": 2,
        "src_count": 2,
        "n_related": 1,
        "top3": "观音菩萨(承载文化)"
      }
    },
    {
      "type": "Feature",
      "geometry": {
        "type": "Point",
        "coordinates": [
          113.133662,
          23.042981
        ]
      },
      "properties": {
        "id": "B0FFKSK1HJ",
        "name": "白云山维一植物精油",
        "town": "桂城街道",
        "ent_name": "白云山",
        "ent_type": "地名",
        "mentions": 13,
        "src_count": 12,
        "n_related": 7,
        "top3": "康有为(活动于)|黄飞鸿(关联人物)|陈子壮(关联人物)"
      }
    },
    {
      "type": "Feature",
      "geometry": {
        "type": "Point",
        "coordinates": [
          113.102382,
          23.122155
        ]
      },
      "properties": {
        "id": "B02F50WJ0V",
        "name": "西海公园",
        "town": "大沥镇",
        "ent_name": "西海",
        "ent_type": "地名",
        "mentions": 2,
        "src_count": 2,
        "n_related": 1,
        "top3": "士琦(活动于)"
      }
    },
    {
      "type": "Feature",
      "geometry": {
        "type": "Point",
        "coordinates": [
          113.197454,
          23.039498
        ]
      },
      "properties": {
        "id": "B0FFGXPYGM",
        "name": "林氏大宗祠",
        "town": "桂城街道",
        "ent_name": "林氏大宗祠",
        "ent_type": "建筑遗迹",
        "mentions": 3,
        "src_count": 1,
        "n_related": 1,
        "top3": "华平村(位于)"
      }
    },
    {
      "type": "Feature",
      "geometry": {
        "type": "Point",
        "coordinates": [
          113.148984,
          23.003316
        ]
      },
      "properties": {
        "id": "B0FFF7GROW",
        "name": "南田五岭祠坊10号楼",
        "town": "桂城街道",
        "ent_name": "五岭祠",
        "ent_type": "建筑遗迹",
        "mentions": 2,
        "src_count": 1,
        "n_related": 0,
        "top3": ""
      }
    },
    {
      "type": "Feature",
      "geometry": {
        "type": "Point",
        "coordinates": [
          113.086302,
          23.220141
        ]
      },
      "properties": {
        "id": "B0FFIK1L8C",
        "name": "小江村炮楼",
        "town": "大沥镇",
        "ent_name": "小江村",
        "ent_type": "地名",
        "mentions": 3,
        "src_count": 3,
        "n_related": 3,
        "top3": "黄少强(出生于)|黄少强(活动于)|梁叶祥(活动于)"
      }
    },
    {
      "type": "Feature",
      "geometry": {
        "type": "Point",
        "coordinates": [
          112.996401,
          23.037992
        ]
      },
      "properties": {
        "id": "B0FFK7JRA1",
        "name": "佛山市南海区狮山镇小塘五星工业区紫洞桥边恒诚木业",
        "town": "狮山镇",
        "ent_name": "紫洞",
        "ent_type": "地名",
        "mentions": 7,
        "src_count": 2,
        "n_related": 5,
        "top3": "华光庙(位于)|紫洞圩(属于时期)|紫洞圩(盛产)"
      }
    },
    {
      "type": "Feature",
      "geometry": {
        "type": "Point",
        "coordinates": [
          112.979454,
          22.938499
        ]
      },
      "properties": {
        "id": "B0FFF365DR",
        "name": "碧玉洞",
        "town": "西樵镇",
        "ent_name": "碧玉洞",
        "ent_type": "建筑遗迹",
        "mentions": 5,
        "src_count": 2,
        "n_related": 1,
        "top3": "天然和尚(创建修建)"
      }
    },
    {
      "type": "Feature",
      "geometry": {
        "type": "Point",
        "coordinates": [
          112.956161,
          23.177054
        ]
      },
      "properties": {
        "id": "B0FFJNAPC6",
        "name": "南海区狮山镇狮西村五二何公祠",
        "town": "狮山镇",
        "ent_name": "何公祠",
        "ent_type": "建筑遗迹",
        "mentions": 2,
        "src_count": 2,
        "n_related": 0,
        "top3": ""
      }
    },
    {
      "type": "Feature",
      "geometry": {
        "type": "Point",
        "coordinates": [
          113.155552,
          23.177707
        ]
      },
      "properties": {
        "id": "B0FFMA6TBC",
        "name": "广西枫宁格古村文化发展有限公司",
        "town": "里水镇",
        "ent_name": "古村",
        "ent_type": "地名",
        "mentions": 3,
        "src_count": 1,
        "n_related": 4,
        "top3": "棋盘村(属于时期)|棋盘村(活动于)|棋盘村(承载文化)"
      }
    },
    {
      "type": "Feature",
      "geometry": {
        "type": "Point",
        "coordinates": [
          113.013614,
          23.103695
        ]
      },
      "properties": {
        "id": "B0FFF9UMVQ",
        "name": "狮山塘头百塔峰水店",
        "town": "狮山镇",
        "ent_name": "塘头",
        "ent_type": "地名",
        "mentions": 3,
        "src_count": 2,
        "n_related": 0,
        "top3": ""
      }
    },
    {
      "type": "Feature",
      "geometry": {
        "type": "Point",
        "coordinates": [
          112.986359,
          22.891454
        ]
      },
      "properties": {
        "id": "B0FFHKW8UF",
        "name": "戴氏大宗祠",
        "town": "西樵镇",
        "ent_name": "戴氏大宗祠",
        "ent_type": "建筑遗迹",
        "mentions": 3,
        "src_count": 2,
        "n_related": 3,
        "top3": "戴鸿慈(活动于)|戴鸿慈(关联人物)|戴鸿慈(创建修建)"
      }
    },
    {
      "type": "Feature",
      "geometry": {
        "type": "Point",
        "coordinates": [
          113.238379,
          23.034562
        ]
      },
      "properties": {
        "id": "B0FFL2WR8Y",
        "name": "互勉亭",
        "town": "桂城街道",
        "ent_name": "互勉亭",
        "ent_type": "建筑遗迹",
        "mentions": 3,
        "src_count": 2,
        "n_related": 1,
        "top3": "邵汉生(活动于)"
      }
    },
    {
      "type": "Feature",
      "geometry": {
        "type": "Point",
        "coordinates": [
          113.065351,
          23.159897
        ]
      },
      "properties": {
        "id": "B0G04X8WY2",
        "name": "海逸桃源商业广场",
        "town": "大沥镇",
        "ent_name": "桃源",
        "ent_type": "地名",
        "mentions": 2,
        "src_count": 2,
        "n_related": 0,
        "top3": ""
      }
    },
    {
      "type": "Feature",
      "geometry": {
        "type": "Point",
        "coordinates": [
          112.979656,
          22.95057
        ]
      },
      "properties": {
        "id": "B0FFGHBCF6",
        "name": "加拿大原装进口家具无毒墙面漆(新城广场店)",
        "town": "西樵镇",
        "ent_name": "加拿大",
        "ent_type": "地名",
        "mentions": 3,
        "src_count": 1,
        "n_related": 0,
        "top3": ""
      }
    },
    {
      "type": "Feature",
      "geometry": {
        "type": "Point",
        "coordinates": [
          112.977066,
          23.176689
        ]
      },
      "properties": {
        "id": "B0FFL8BSG0",
        "name": "树本善堂",
        "town": "狮山镇",
        "ent_name": "树本善堂",
        "ent_type": "建筑遗迹",
        "mentions": 7,
        "src_count": 4,
        "n_related": 6,
        "top3": "银岗(位于)|银岗(创建修建)|光绪十四年(始建于)"
      }
    },
    {
      "type": "Feature",
      "geometry": {
        "type": "Point",
        "coordinates": [
          112.980201,
          22.949259
        ]
      },
      "properties": {
        "id": "B0FFFO5HRL",
        "name": "官山大桥",
        "town": "丹灶镇",
        "ent_name": "官山大桥",
        "ent_type": "建筑遗迹",
        "mentions": 2,
        "src_count": 2,
        "n_related": 0,
        "top3": ""
      }
    },
    {
      "type": "Feature",
      "geometry": {
        "type": "Point",
        "coordinates": [
          113.178515,
          23.050269
        ]
      },
      "properties": {
        "id": "B0FFGQAKTO",
        "name": "涌口村大道与生祠七巷交叉口",
        "town": "桂城街道",
        "ent_name": "生祠",
        "ent_type": "建筑遗迹",
        "mentions": 3,
        "src_count": 2,
        "n_related": 2,
        "top3": "桂长(创建修建)|陈蕉(创建修建)"
      }
    },
    {
      "type": "Feature",
      "geometry": {
        "type": "Point",
        "coordinates": [
          113.013424,
          23.072052
        ]
      },
      "properties": {
        "id": "B0FFHS614K",
        "name": "三圣宫",
        "town": "狮山镇",
        "ent_name": "三圣宫",
        "ent_type": "建筑遗迹",
        "mentions": 2,
        "src_count": 2,
        "n_related": 0,
        "top3": ""
      }
    },
    {
      "type": "Feature",
      "geometry": {
        "type": "Point",
        "coordinates": [
          113.129477,
          23.101116
        ]
      },
      "properties": {
        "id": "B0FFFCQEPL",
        "name": "名宦祠1-2号",
        "town": "里水镇",
        "ent_name": "名宦祠",
        "ent_type": "建筑遗迹",
        "mentions": 4,
        "src_count": 2,
        "n_related": 0,
        "top3": ""
      }
    },
    {
      "type": "Feature",
      "geometry": {
        "type": "Point",
        "coordinates": [
          112.894457,
          22.865178
        ]
      },
      "properties": {
        "id": "B0FFM59QCR",
        "name": "佛山市南海区西樵镇西岸瑜意",
        "town": "西樵镇",
        "ent_name": "西岸",
        "ent_type": "地名",
        "mentions": 7,
        "src_count": 2,
        "n_related": 1,
        "top3": "银坑村(属于时期)"
      }
    },
    {
      "type": "Feature",
      "geometry": {
        "type": "Point",
        "coordinates": [
          112.883762,
          22.931783
        ]
      },
      "properties": {
        "id": "B0FFIJWP9Y",
        "name": "西樵平沙岛-廷俊李公祠",
        "town": "西樵镇",
        "ent_name": "平沙岛",
        "ent_type": "地名",
        "mentions": 1,
        "src_count": 1,
        "n_related": 0,
        "top3": ""
      }
    },
    {
      "type": "Feature",
      "geometry": {
        "type": "Point",
        "coordinates": [
          113.004708,
          22.843752
        ]
      },
      "properties": {
        "id": "B0FFKSRJXL",
        "name": "卓阳教育中小学个性化文化艺术培训中心",
        "town": "九江镇",
        "ent_name": "小学",
        "ent_type": "建筑遗迹",
        "mentions": 2,
        "src_count": 2,
        "n_related": 1,
        "top3": "戴鸿慈(关联人物)"
      }
    },
    {
      "type": "Feature",
      "geometry": {
        "type": "Point",
        "coordinates": [
          112.980879,
          22.93878
        ]
      },
      "properties": {
        "id": "B0FFHHHO38",
        "name": "观光车北门站",
        "town": "西樵镇",
        "ent_name": "百步云梯",
        "ent_type": "建筑遗迹",
        "mentions": 2,
        "src_count": 2,
        "n_related": 0,
        "top3": ""
      }
    },
    {
      "type": "Feature",
      "geometry": {
        "type": "Point",
        "coordinates": [
          112.947093,
          22.973105
        ]
      },
      "properties": {
        "id": "B0FFMCELKP",
        "name": "北海潘公祠",
        "town": "西樵镇",
        "ent_name": "北海",
        "ent_type": "建筑遗迹",
        "mentions": 4,
        "src_count": 4,
        "n_related": 1,
        "top3": "黄飞鸿(关联人物)"
      }
    },
    {
      "type": "Feature",
      "geometry": {
        "type": "Point",
        "coordinates": [
          113.011561,
          22.914119
        ]
      },
      "properties": {
        "id": "B0FFKUMGM2",
        "name": "佛山雅尚盈爵酒店公寓(佛山西樵山保捷广场店)",
        "town": "西樵镇",
        "ent_name": "山西",
        "ent_type": "地名",
        "mentions": 6,
        "src_count": 3,
        "n_related": 5,
        "top3": "康有为(活动于)|康有为(属于时期)|朱次琦(活动于)"
      }
    },
    {
      "type": "Feature",
      "geometry": {
        "type": "Point",
        "coordinates": [
          113.235068,
          23.032715
        ]
      },
      "properties": {
        "id": "B0FFH43NIO",
        "name": "清远鸡三山销售点(集嘉广场店)",
        "town": "桂城街道",
        "ent_name": "清远",
        "ent_type": "地名",
        "mentions": 4,
        "src_count": 3,
        "n_related": 1,
        "top3": "南海(关联人物)"
      }
    },
    {
      "type": "Feature",
      "geometry": {
        "type": "Point",
        "coordinates": [
          113.127735,
          23.046699
        ]
      },
      "properties": {
        "id": "B0FFMCGHJP",
        "name": "菜鸟驿站(佛山祖庙名汇嘉园南门店)",
        "town": "桂城街道",
        "ent_name": "佛山祖庙",
        "ent_type": "建筑遗迹",
        "mentions": 245,
        "src_count": 13,
        "n_related": 170,
        "top3": "灵应祠(位于)|灵应祠(属于时期)|灵应祠(承载文化)"
      }
    },
    {
      "type": "Feature",
      "geometry": {
        "type": "Point",
        "coordinates": [
          112.959813,
          22.935621
        ]
      },
      "properties": {
        "id": "B0FFFWF6T4",
        "name": "三湖书院",
        "town": "西樵镇",
        "ent_name": "三湖",
        "ent_type": "地名",
        "mentions": 2,
        "src_count": 2,
        "n_related": 1,
        "top3": "黄文威(活动于)"
      }
    },
    {
      "type": "Feature",
      "geometry": {
        "type": "Point",
        "coordinates": [
          113.199209,
          23.189779
        ]
      },
      "properties": {
        "id": "B0GK193NYE",
        "name": "菜鸟驿站(佛山里水白塔新村一路13号店)",
        "town": "里水镇",
        "ent_name": "新村",
        "ent_type": "地名",
        "mentions": 8,
        "src_count": 5,
        "n_related": 1,
        "top3": "棋盘村(属于时期)"
      }
    },
    {
      "type": "Feature",
      "geometry": {
        "type": "Point",
        "coordinates": [
          112.927313,
          22.885486
        ]
      },
      "properties": {
        "id": "B0FFJQX278",
        "name": "西樵新田南沙村八队文化楼",
        "town": "西樵镇",
        "ent_name": "南沙",
        "ent_type": "地名",
        "mentions": 2,
        "src_count": 2,
        "n_related": 0,
        "top3": ""
      }
    },
    {
      "type": "Feature",
      "geometry": {
        "type": "Point",
        "coordinates": [
          112.984316,
          23.175809
        ]
      },
      "properties": {
        "id": "B0FFGWPQOP",
        "name": "福建名饺卤水套餐饭(腾大通利时代广场店)",
        "town": "狮山镇",
        "ent_name": "福建",
        "ent_type": "地名",
        "mentions": 3,
        "src_count": 2,
        "n_related": 0,
        "top3": ""
      }
    },
    {
      "type": "Feature",
      "geometry": {
        "type": "Point",
        "coordinates": [
          113.114788,
          23.21332
        ]
      },
      "properties": {
        "id": "B0FFI1Q8KL",
        "name": "东隅西城文化室",
        "town": "里水镇",
        "ent_name": "西城",
        "ent_type": "地名",
        "mentions": 10,
        "src_count": 3,
        "n_related": 5,
        "top3": "民国(发生于)|潘氏(活动于)|潘氏(同族)"
      }
    },
    {
      "type": "Feature",
      "geometry": {
        "type": "Point",
        "coordinates": [
          113.117962,
          23.22016
        ]
      },
      "properties": {
        "id": "B0FFG2876G",
        "name": "里水麻奢隔桥工业区",
        "town": "里水镇",
        "ent_name": "里水麻奢",
        "ent_type": "地名",
        "mentions": 2,
        "src_count": 2,
        "n_related": 1,
        "top3": "陈凤江(出生于)"
      }
    },
    {
      "type": "Feature",
      "geometry": {
        "type": "Point",
        "coordinates": [
          113.138837,
          23.037368
        ]
      },
      "properties": {
        "id": "B0FFKCMLNH",
        "name": "李大宗祠",
        "town": "桂城街道",
        "ent_name": "北李大宗祠",
        "ent_type": "建筑遗迹",
        "mentions": 2,
        "src_count": 2,
        "n_related": 4,
        "top3": "端午节(承载文化)|十番锣鼓(承载文化)|和顺村(承载文化)"
      }
    },
    {
      "type": "Feature",
      "geometry": {
        "type": "Point",
        "coordinates": [
          113.072528,
          23.131867
        ]
      },
      "properties": {
        "id": "B0FFI47ACY",
        "name": "大圃中学-乡村学校少年宫",
        "town": "大沥镇",
        "ent_name": "大圃",
        "ent_type": "地名",
        "mentions": 3,
        "src_count": 3,
        "n_related": 2,
        "top3": "叶题(活动于)|延祥寺(位于)"
      }
    },
    {
      "type": "Feature",
      "geometry": {
        "type": "Point",
        "coordinates": [
          112.890704,
          23.075464
        ]
      },
      "properties": {
        "id": "B0H6NUELUV",
        "name": "南乔公祠",
        "town": "丹灶镇",
        "ent_name": "南乔公祠",
        "ent_type": "建筑遗迹",
        "mentions": 3,
        "src_count": 1,
        "n_related": 1,
        "top3": "刘廷镜(关联人物)"
      }
    },
    {
      "type": "Feature",
      "geometry": {
        "type": "Point",
        "coordinates": [
          113.19128,
          23.08707
        ]
      },
      "properties": {
        "id": "B0FFL4QFH0",
        "name": "聚龙村龙舟训练基地",
        "town": "里水镇",
        "ent_name": "聚龙村",
        "ent_type": "地名",
        "mentions": 2,
        "src_count": 2,
        "n_related": 0,
        "top3": ""
      }
    },
    {
      "type": "Feature",
      "geometry": {
        "type": "Point",
        "coordinates": [
          113.158145,
          23.143885
        ]
      },
      "properties": {
        "id": "B0HRAAKNVS",
        "name": "OPPO(佛山南海沙涌牌坊龙畅店)",
        "town": "里水镇",
        "ent_name": "牌坊",
        "ent_type": "建筑遗迹",
        "mentions": 8,
        "src_count": 5,
        "n_related": 4,
        "top3": "祖庙(活动于)|祠堂(位于)|祠堂(承载文化)"
      }
    },
    {
      "type": "Feature",
      "geometry": {
        "type": "Point",
        "coordinates": [
          113.097632,
          23.107608
        ]
      },
      "properties": {
        "id": "B0FFMDHTLJ",
        "name": "佳乐购生活超市(太平财富广场店)",
        "town": "大沥镇",
        "ent_name": "太平",
        "ent_type": "地名",
        "mentions": 13,
        "src_count": 6,
        "n_related": 2,
        "top3": "南海县志(记载于)|均安(同族)"
      }
    },
    {
      "type": "Feature",
      "geometry": {
        "type": "Point",
        "coordinates": [
          112.963727,
          22.929616
        ]
      },
      "properties": {
        "id": "B0FFG39YLZ",
        "name": "西樵山云端村",
        "town": "西樵镇",
        "ent_name": "云端村",
        "ent_type": "地名",
        "mentions": 3,
        "src_count": 3,
        "n_related": 0,
        "top3": ""
      }
    },
    {
      "type": "Feature",
      "geometry": {
        "type": "Point",
        "coordinates": [
          113.158152,
          23.192797
        ]
      },
      "properties": {
        "id": "B0FFM94XAZ",
        "name": "候船厅",
        "town": "里水镇",
        "ent_name": "船厅",
        "ent_type": "建筑遗迹",
        "mentions": 2,
        "src_count": 1,
        "n_related": 0,
        "top3": ""
      }
    },
    {
      "type": "Feature",
      "geometry": {
        "type": "Point",
        "coordinates": [
          112.96999,
          23.21289
        ]
      },
      "properties": {
        "id": "B0FFFAQ1PE",
        "name": "西南涌大桥",
        "town": "狮山镇",
        "ent_name": "西南涌",
        "ent_type": "地名",
        "mentions": 2,
        "src_count": 2,
        "n_related": 0,
        "top3": ""
      }
    },
    {
      "type": "Feature",
      "geometry": {
        "type": "Point",
        "coordinates": [
          113.005763,
          22.829408
        ]
      },
      "properties": {
        "id": "B0FFHJ46AE",
        "name": "象岗",
        "town": "丹灶镇",
        "ent_name": "象岗咀",
        "ent_type": "地名",
        "mentions": 2,
        "src_count": 1,
        "n_related": 0,
        "top3": ""
      }
    },
    {
      "type": "Feature",
      "geometry": {
        "type": "Point",
        "coordinates": [
          112.978809,
          22.95143
        ]
      },
      "properties": {
        "id": "B0FFFFAZ2Z",
        "name": "岭南美食恩平濑粉(新城广场樵金公路店)",
        "town": "西樵镇",
        "ent_name": "恩平",
        "ent_type": "地名",
        "mentions": 2,
        "src_count": 1,
        "n_related": 0,
        "top3": ""
      }
    },
    {
      "type": "Feature",
      "geometry": {
        "type": "Point",
        "coordinates": [
          112.912879,
          22.984212
        ]
      },
      "properties": {
        "id": "B0FFG4CGHH",
        "name": "文政村文化楼",
        "town": "西樵镇",
        "ent_name": "文政村",
        "ent_type": "地名",
        "mentions": 2,
        "src_count": 1,
        "n_related": 0,
        "top3": ""
      }
    },
    {
      "type": "Feature",
      "geometry": {
        "type": "Point",
        "coordinates": [
          113.138512,
          23.046642
        ]
      },
      "properties": {
        "id": "B02F507391",
        "name": "桂园文化宫宿舍",
        "town": "桂城街道",
        "ent_name": "桂园文化宫",
        "ent_type": "建筑遗迹",
        "mentions": 24,
        "src_count": 1,
        "n_related": 23,
        "top3": "凌风(活动于)|潘新安(活动于)|程大同(活动于)"
      }
    },
    {
      "type": "Feature",
      "geometry": {
        "type": "Point",
        "coordinates": [
          112.892404,
          23.072355
        ]
      },
      "properties": {
        "id": "B0FFM8RI2U",
        "name": "华帝庙",
        "town": "狮山镇",
        "ent_name": "华帝庙",
        "ent_type": "建筑遗迹",
        "mentions": 2,
        "src_count": 1,
        "n_related": 0,
        "top3": ""
      }
    },
    {
      "type": "Feature",
      "geometry": {
        "type": "Point",
        "coordinates": [
          113.168268,
          23.092854
        ]
      },
      "properties": {
        "id": "B0FFL0FJW7",
        "name": "中共佛山市南海区大沥镇盐步社区庵前经济社支部委员会",
        "town": "大沥镇",
        "ent_name": "盐步",
        "ent_type": "地名",
        "mentions": 50,
        "src_count": 16,
        "n_related": 16,
        "top3": "陈启沅(属于时期)|九江镇(承载文化)|石门中学(活动于)"
      }
    },
    {
      "type": "Feature",
      "geometry": {
        "type": "Point",
        "coordinates": [
          112.974952,
          23.018
        ]
      },
      "properties": {
        "id": "B02F50ZN41",
        "name": "西岸村文化活动中心",
        "town": "丹灶镇",
        "ent_name": "西岸村",
        "ent_type": "地名",
        "mentions": 4,
        "src_count": 1,
        "n_related": 0,
        "top3": ""
      }
    },
    {
      "type": "Feature",
      "geometry": {
        "type": "Point",
        "coordinates": [
          112.896947,
          23.001197
        ]
      },
      "properties": {
        "id": "B0FFGGUVNZ",
        "name": "抱龙桥路六街与269省道交叉口",
        "town": "丹灶镇",
        "ent_name": "抱龙桥",
        "ent_type": "建筑遗迹",
        "mentions": 3,
        "src_count": 3,
        "n_related": 0,
        "top3": ""
      }
    },
    {
      "type": "Feature",
      "geometry": {
        "type": "Point",
        "coordinates": [
          113.154985,
          23.011101
        ]
      },
      "properties": {
        "id": "B0FFH1ZQ3D",
        "name": "华山泉(庙前街店)",
        "town": "桂城街道",
        "ent_name": "华山",
        "ent_type": "地名",
        "mentions": 5,
        "src_count": 3,
        "n_related": 2,
        "top3": "康有为(活动于)|黄君壁(活动于)"
      }
    },
    {
      "type": "Feature",
      "geometry": {
        "type": "Point",
        "coordinates": [
          113.070137,
          23.226928
        ]
      },
      "properties": {
        "id": "B0FFLLR4UU",
        "name": "怪兽充电(爱上李辣大重庆火锅佛山南海汇利广场店)",
        "town": "狮山镇",
        "ent_name": "重庆",
        "ent_type": "地名",
        "mentions": 2,
        "src_count": 2,
        "n_related": 1,
        "top3": "康有为(活动于)"
      }
    },
    {
      "type": "Feature",
      "geometry": {
        "type": "Point",
        "coordinates": [
          113.009919,
          23.083222
        ]
      },
      "properties": {
        "id": "B02F508G1Z",
        "name": "昌隆百货(白沙桥大岗工业区店)",
        "town": "狮山镇",
        "ent_name": "大岗",
        "ent_type": "地名",
        "mentions": 4,
        "src_count": 2,
        "n_related": 0,
        "top3": ""
      }
    },
    {
      "type": "Feature",
      "geometry": {
        "type": "Point",
        "coordinates": [
          112.95552,
          23.066059
        ]
      },
      "properties": {
        "id": "B0FFIKOMBO",
        "name": "南海区文化馆(外来务工人员文化活动点)",
        "town": "狮山镇",
        "ent_name": "文化馆",
        "ent_type": "建筑遗迹",
        "mentions": 3,
        "src_count": 2,
        "n_related": 5,
        "top3": "三水县(位于)|粤剧团(传承于)|南海县人民政府(创建修建)"
      }
    },
    {
      "type": "Feature",
      "geometry": {
        "type": "Point",
        "coordinates": [
          113.129834,
          23.103087
        ]
      },
      "properties": {
        "id": "B0FFGBESH8",
        "name": "龙津",
        "town": "里水镇",
        "ent_name": "龙津",
        "ent_type": "地名",
        "mentions": 2,
        "src_count": 2,
        "n_related": 0,
        "top3": ""
      }
    },
    {
      "type": "Feature",
      "geometry": {
        "type": "Point",
        "coordinates": [
          112.97281,
          22.920043
        ]
      },
      "properties": {
        "id": "B0HDDK8M6O",
        "name": "九龙岩",
        "town": "西樵镇",
        "ent_name": "九龙岩前龙头石上的明太史甘泉",
        "ent_type": "建筑遗迹",
        "mentions": 2,
        "src_count": 2,
        "n_related": 2,
        "top3": "南海美食(承载文化)|南海美食(盛产)"
      }
    },
    {
      "type": "Feature",
      "geometry": {
        "type": "Point",
        "coordinates": [
          113.183454,
          23.108146
        ]
      },
      "properties": {
        "id": "B0FFFVEG1W",
        "name": "罗浮宫地板(南海旗舰店)",
        "town": "大沥镇",
        "ent_name": "罗浮",
        "ent_type": "地名",
        "mentions": 3,
        "src_count": 3,
        "n_related": 0,
        "top3": ""
      }
    },
    {
      "type": "Feature",
      "geometry": {
        "type": "Point",
        "coordinates": [
          113.149273,
          23.039141
        ]
      },
      "properties": {
        "id": "B0FFJK5Y39",
        "name": "怪兽充电(四川香天下火锅南海万科广场)",
        "town": "桂城街道",
        "ent_name": "四川",
        "ent_type": "地名",
        "mentions": 3,
        "src_count": 2,
        "n_related": 3,
        "top3": "邓芬(活动于)|张询(承载文化)|张询(活动于)"
      }
    },
    {
      "type": "Feature",
      "geometry": {
        "type": "Point",
        "coordinates": [
          112.959613,
          22.947063
        ]
      },
      "properties": {
        "id": "B0IB3S8BNI",
        "name": "爱国沙涌村党建公园",
        "town": "西樵镇",
        "ent_name": "沙涌村",
        "ent_type": "地名",
        "mentions": 4,
        "src_count": 1,
        "n_related": 0,
        "top3": ""
      }
    },
    {
      "type": "Feature",
      "geometry": {
        "type": "Point",
        "coordinates": [
          112.92533,
          22.967241
        ]
      },
      "properties": {
        "id": "B0IDGUU8OF",
        "name": "百东村党建文化公园",
        "town": "丹灶镇",
        "ent_name": "百东村",
        "ent_type": "地名",
        "mentions": 3,
        "src_count": 1,
        "n_related": 0,
        "top3": ""
      }
    },
    {
      "type": "Feature",
      "geometry": {
        "type": "Point",
        "coordinates": [
          113.143289,
          23.007354
        ]
      },
      "properties": {
        "id": "B0IARZYSYY",
        "name": "马大将军庙停车点",
        "town": "桂城街道",
        "ent_name": "将军庙",
        "ent_type": "建筑遗迹",
        "mentions": 2,
        "src_count": 2,
        "n_related": 0,
        "top3": ""
      }
    },
    {
      "type": "Feature",
      "geometry": {
        "type": "Point",
        "coordinates": [
          112.972653,
          22.90873
        ]
      },
      "properties": {
        "id": "B0IBO9P320",
        "name": "小桔充电汽车充电站(佛山南海西樵山森林公园充电站)",
        "town": "西樵镇",
        "ent_name": "樵山",
        "ent_type": "地名",
        "mentions": 5,
        "src_count": 4,
        "n_related": 5,
        "top3": "康有为(活动于)|白云洞(位于)|白云洞(属于时期)"
      }
    },
    {
      "type": "Feature",
      "geometry": {
        "type": "Point",
        "coordinates": [
          113.006025,
          22.843975
        ]
      },
      "properties": {
        "id": "B0IG0XB1YP",
        "name": "武术馆",
        "town": "丹灶镇",
        "ent_name": "黄飞鸿猎艺武术馆",
        "ent_type": "建筑遗迹",
        "mentions": 2,
        "src_count": 1,
        "n_related": 0,
        "top3": ""
      }
    },
    {
      "type": "Feature",
      "geometry": {
        "type": "Point",
        "coordinates": [
          113.187845,
          23.117582
        ]
      },
      "properties": {
        "id": "B0H6LUEPBW",
        "name": "时尚点购物广场中山九路店停车场(入口)",
        "town": "里水镇",
        "ent_name": "中山",
        "ent_type": "地名",
        "mentions": 7,
        "src_count": 6,
        "n_related": 3,
        "top3": "民国(属于时期)|沙头(活动于)|关劲庄(活动于)"
      }
    },
    {
      "type": "Feature",
      "geometry": {
        "type": "Point",
        "coordinates": [
          113.233591,
          23.011635
        ]
      },
      "properties": {
        "id": "B0G21Y6RR2",
        "name": "碧桂园广佛上城凤鸣广场凤鸣广场B区",
        "town": "桂城街道",
        "ent_name": "凤鸣",
        "ent_type": "地名",
        "mentions": 2,
        "src_count": 1,
        "n_related": 0,
        "top3": ""
      }
    },
    {
      "type": "Feature",
      "geometry": {
        "type": "Point",
        "coordinates": [
          112.920141,
          23.108405
        ]
      },
      "properties": {
        "id": "B0H6OHR7P9",
        "name": "佛山市南海区焌烨物业管理有限公司东海广场东海名都客户服务中心",
        "town": "狮山镇",
        "ent_name": "东海",
        "ent_type": "地名",
        "mentions": 4,
        "src_count": 4,
        "n_related": 3,
        "top3": "大樵(活动于)|大樵(同族)|大谷(同类)"
      }
    },
    {
      "type": "Feature",
      "geometry": {
        "type": "Point",
        "coordinates": [
          113.154016,
          23.066589
        ]
      },
      "properties": {
        "id": "B0HK3SIJP6",
        "name": "塑青春·瑞士皮肤管理中心(万达广场佛山南海店)",
        "town": "桂城街道",
        "ent_name": "瑞士",
        "ent_type": "地名",
        "mentions": 2,
        "src_count": 1,
        "n_related": 1,
        "top3": "戴鸿慈(活动于)"
      }
    },
    {
      "type": "Feature",
      "geometry": {
        "type": "Point",
        "coordinates": [
          112.985205,
          22.959168
        ]
      },
      "properties": {
        "id": "B0FFKYMLRV",
        "name": "崇南黎涌陈家村祠堂",
        "town": "丹灶镇",
        "ent_name": "黎涌",
        "ent_type": "地名",
        "mentions": 2,
        "src_count": 1,
        "n_related": 5,
        "top3": "简照南(属于时期)|简照南(出生于)|简玉阶(属于时期)"
      }
    },
    {
      "type": "Feature",
      "geometry": {
        "type": "Point",
        "coordinates": [
          113.140733,
          23.044244
        ]
      },
      "properties": {
        "id": "B0HR0KL690",
        "name": "石云古道牌坊",
        "town": "桂城街道",
        "ent_name": "石云古道",
        "ent_type": "建筑遗迹",
        "mentions": 2,
        "src_count": 1,
        "n_related": 0,
        "top3": ""
      }
    },
    {
      "type": "Feature",
      "geometry": {
        "type": "Point",
        "coordinates": [
          113.172034,
          23.087485
        ]
      },
      "properties": {
        "id": "B0FFL2Q5WA",
        "name": "青龙公园-暖心亭",
        "town": "里水镇",
        "ent_name": "青龙",
        "ent_type": "建筑遗迹",
        "mentions": 5,
        "src_count": 3,
        "n_related": 0,
        "top3": ""
      }
    },
    {
      "type": "Feature",
      "geometry": {
        "type": "Point",
        "coordinates": [
          112.973418,
          22.928939
        ]
      },
      "properties": {
        "id": "B0FFGRN2RQ",
        "name": "丹桂园",
        "town": "西樵镇",
        "ent_name": "丹桂园",
        "ent_type": "建筑遗迹",
        "mentions": 6,
        "src_count": 2,
        "n_related": 1,
        "top3": "西樵山(位于)"
      }
    },
    {
      "type": "Feature",
      "geometry": {
        "type": "Point",
        "coordinates": [
          113.03713,
          22.887626
        ]
      },
      "properties": {
        "id": "B0H3J54DS3",
        "name": "云泉仙馆",
        "town": "丹灶镇",
        "ent_name": "云泉仙馆",
        "ent_type": "建筑遗迹",
        "mentions": 398,
        "src_count": 46,
        "n_related": 61,
        "top3": "康有为(活动于)|康有为(承载文化)|康有为(关联人物)"
      }
    },
    {
      "type": "Feature",
      "geometry": {
        "type": "Point",
        "coordinates": [
          113.161251,
          23.197642
        ]
      },
      "properties": {
        "id": "B0FFFPQ5JD",
        "name": "北涌亭",
        "town": "里水镇",
        "ent_name": "北涌亭",
        "ent_type": "建筑遗迹",
        "mentions": 2,
        "src_count": 1,
        "n_related": 0,
        "top3": ""
      }
    },
    {
      "type": "Feature",
      "geometry": {
        "type": "Point",
        "coordinates": [
          113.180233,
          23.050085
        ]
      },
      "properties": {
        "id": "B0FFK7LWZL",
        "name": "清溪公园-仁爱善堂",
        "town": "桂城街道",
        "ent_name": "清溪",
        "ent_type": "地名",
        "mentions": 2,
        "src_count": 2,
        "n_related": 3,
        "top3": "佛山孔庙(位于)|钱慧安(活动于)|钱慧安(出生于)"
      }
    },
    {
      "type": "Feature",
      "geometry": {
        "type": "Point",
        "coordinates": [
          113.17601,
          23.109877
        ]
      },
      "properties": {
        "id": "B0FFL72ZEO",
        "name": "八角亭",
        "town": "大沥镇",
        "ent_name": "里水八角亭",
        "ent_type": "建筑遗迹",
        "mentions": 2,
        "src_count": 1,
        "n_related": 0,
        "top3": ""
      }
    },
    {
      "type": "Feature",
      "geometry": {
        "type": "Point",
        "coordinates": [
          112.960911,
          22.935906
        ]
      },
      "properties": {
        "id": "B0H3J54DSI",
        "name": "登云梯",
        "town": "西樵镇",
        "ent_name": "登云",
        "ent_type": "地名",
        "mentions": 2,
        "src_count": 2,
        "n_related": 0,
        "top3": ""
      }
    },
    {
      "type": "Feature",
      "geometry": {
        "type": "Point",
        "coordinates": [
          113.156806,
          23.182564
        ]
      },
      "properties": {
        "id": "B0HKUHW9E9",
        "name": "文化长廊",
        "town": "里水镇",
        "ent_name": "丰岗文化长廊",
        "ent_type": "建筑遗迹",
        "mentions": 2,
        "src_count": 2,
        "n_related": 1,
        "top3": "李兴浩(创建修建)"
      }
    },
    {
      "type": "Feature",
      "geometry": {
        "type": "Point",
        "coordinates": [
          112.975465,
          22.932369
        ]
      },
      "properties": {
        "id": "B0HRVOENSZ",
        "name": "听瀑楼",
        "town": "西樵镇",
        "ent_name": "听瀑楼",
        "ent_type": "建筑遗迹",
        "mentions": 2,
        "src_count": 1,
        "n_related": 2,
        "top3": "白云洞(承载文化)|高士祠(位于)"
      }
    },
    {
      "type": "Feature",
      "geometry": {
        "type": "Point",
        "coordinates": [
          113.130342,
          23.291148
        ]
      },
      "properties": {
        "id": "B0H3TZE94Y",
        "name": "汤南村八景石碑",
        "town": "里水镇",
        "ent_name": "汤南村",
        "ent_type": "地名",
        "mentions": 2,
        "src_count": 1,
        "n_related": 2,
        "top3": "祠堂(位于)|胭脂塘(位于)"
      }
    },
    {
      "type": "Feature",
      "geometry": {
        "type": "Point",
        "coordinates": [
          113.172648,
          23.067412
        ]
      },
      "properties": {
        "id": "B0HDHDDKWW",
        "name": "五丫口水闸公园-特色凉亭",
        "town": "桂城街道",
        "ent_name": "凉亭",
        "ent_type": "建筑遗迹",
        "mentions": 2,
        "src_count": 1,
        "n_related": 0,
        "top3": ""
      }
    },
    {
      "type": "Feature",
      "geometry": {
        "type": "Point",
        "coordinates": [
          112.931581,
          23.051209
        ]
      },
      "properties": {
        "id": "B0FFKCIJJP",
        "name": "铜像",
        "town": "狮山镇",
        "ent_name": "伯奇铜像",
        "ent_type": "建筑遗迹",
        "mentions": 2,
        "src_count": 1,
        "n_related": 2,
        "top3": "邹伯奇(创建修建)|邹家华(关联人物)"
      }
    },
    {
      "type": "Feature",
      "geometry": {
        "type": "Point",
        "coordinates": [
          113.197343,
          23.143726
        ]
      },
      "properties": {
        "id": "B0H2N7IBR1",
        "name": "国昌广场停车场(陈溪新村北八街)",
        "town": "里水镇",
        "ent_name": "陈溪",
        "ent_type": "地名",
        "mentions": 2,
        "src_count": 2,
        "n_related": 1,
        "top3": "林锵云(活动于)"
      }
    },
    {
      "type": "Feature",
      "geometry": {
        "type": "Point",
        "coordinates": [
          113.149015,
          23.038673
        ]
      },
      "properties": {
        "id": "B0G3JK0ZJC",
        "name": "米多分·越南小馆(南海万科广场店)",
        "town": "桂城街道",
        "ent_name": "越南",
        "ent_type": "地名",
        "mentions": 3,
        "src_count": 3,
        "n_related": 1,
        "top3": "游寿(活动于)"
      }
    },
    {
      "type": "Feature",
      "geometry": {
        "type": "Point",
        "coordinates": [
          113.152825,
          23.066166
        ]
      },
      "properties": {
        "id": "B0HUACC2F9",
        "name": "珍果蜜老北京冰糖葫芦(万达广场佛山南海店)",
        "town": "桂城街道",
        "ent_name": "北京",
        "ent_type": "地名",
        "mentions": 5,
        "src_count": 5,
        "n_related": 4,
        "top3": "邓芬(活动于)|黄君壁(活动于)|长城(位于)"
      }
    },
    {
      "type": "Feature",
      "geometry": {
        "type": "Point",
        "coordinates": [
          112.945098,
          22.929248
        ]
      },
      "properties": {
        "id": "B0H2HRJDON",
        "name": "佛山市南海区西樵镇岭西村综合文化服务中心",
        "town": "西樵镇",
        "ent_name": "西村",
        "ent_type": "地名",
        "mentions": 2,
        "src_count": 2,
        "n_related": 0,
        "top3": ""
      }
    },
    {
      "type": "Feature",
      "geometry": {
        "type": "Point",
        "coordinates": [
          113.012141,
          23.083237
        ]
      },
      "properties": {
        "id": "B0IDZZ4DPV",
        "name": "广东省佛山市南海区狮山镇白沙桥社区退役军人服务站",
        "town": "狮山镇",
        "ent_name": "白沙",
        "ent_type": "地名",
        "mentions": 9,
        "src_count": 5,
        "n_related": 2,
        "top3": "陈献章(活动于)|麥義先鋒廟(位于)"
      }
    },
    {
      "type": "Feature",
      "geometry": {
        "type": "Point",
        "coordinates": [
          112.999565,
          22.848205
        ]
      },
      "properties": {
        "id": "B02F50V2NM",
        "name": "探花公园(东北门)",
        "town": "丹灶镇",
        "ent_name": "探花桥",
        "ent_type": "建筑遗迹",
        "mentions": 4,
        "src_count": 2,
        "n_related": 1,
        "top3": "朱次琦(关联人物)"
      }
    },
    {
      "type": "Feature",
      "geometry": {
        "type": "Point",
        "coordinates": [
          113.148272,
          23.014375
        ]
      },
      "properties": {
        "id": "B0K33Z1N95",
        "name": "谜后·MIIHOO设计师品牌集合工厂店(鹏瑞利季华广场店)",
        "town": "桂城街道",
        "ent_name": "季华",
        "ent_type": "地名",
        "mentions": 3,
        "src_count": 2,
        "n_related": 1,
        "top3": "陈铁军(关联人物)"
      }
    },
    {
      "type": "Feature",
      "geometry": {
        "type": "Point",
        "coordinates": [
          113.141819,
          23.172953
        ]
      },
      "properties": {
        "id": "B0J2LM3FOU",
        "name": "7-ELEVEn(佛山南海里水嘉洲广场店)",
        "town": "里水镇",
        "ent_name": "南海里水",
        "ent_type": "地名",
        "mentions": 2,
        "src_count": 1,
        "n_related": 7,
        "top3": "连州趣缘酒家(关联人物)|李永生(活动于)|龙舟竞赛(承载文化)"
      }
    },
    {
      "type": "Feature",
      "geometry": {
        "type": "Point",
        "coordinates": [
          113.137374,
          23.033677
        ]
      },
      "properties": {
        "id": "B0J3Z9Z8PG",
        "name": "Smile Vocal国际声乐艺术表演公学(悦汇广场·南海B区)",
        "town": "桂城街道",
        "ent_name": "南海",
        "ent_type": "地名",
        "mentions": 159,
        "src_count": 34,
        "n_related": 139,
        "top3": "康有为(出生于)|康有为(活动于)|康有为(同族)"
      }
    },
    {
      "type": "Feature",
      "geometry": {
        "type": "Point",
        "coordinates": [
          112.961858,
          23.070851
        ]
      },
      "properties": {
        "id": "B0KAZ7IXF0",
        "name": "广东南海金沙岛国家湿地公园南部停车场",
        "town": "狮山镇",
        "ent_name": "广东南海",
        "ent_type": "地名",
        "mentions": 3,
        "src_count": 3,
        "n_related": 6,
        "top3": "邹伯奇(出生于)|邹伯奇(属于时期)|汤耀荣(出生于)"
      }
    },
    {
      "type": "Feature",
      "geometry": {
        "type": "Point",
        "coordinates": [
          113.121843,
          23.104071
        ]
      },
      "properties": {
        "id": "B0IAJL2AD8",
        "name": "印度飞饼(新城南广场店)",
        "town": "里水镇",
        "ent_name": "印度",
        "ent_type": "地名",
        "mentions": 2,
        "src_count": 1,
        "n_related": 0,
        "top3": ""
      }
    },
    {
      "type": "Feature",
      "geometry": {
        "type": "Point",
        "coordinates": [
          112.965262,
          23.058624
        ]
      },
      "properties": {
        "id": "B0LBLLN1RG",
        "name": "南海区新地村文化楼",
        "town": "狮山镇",
        "ent_name": "新地村",
        "ent_type": "地名",
        "mentions": 2,
        "src_count": 1,
        "n_related": 0,
        "top3": ""
      }
    },
    {
      "type": "Feature",
      "geometry": {
        "type": "Point",
        "coordinates": [
          112.99,
          22.94
        ]
      },
      "properties": {
        "id": "ANC_0136",
        "name": "西樵镇",
        "town": "西樵镇",
        "ent_name": "西樵镇",
        "ent_type": "地名",
        "mentions": 35,
        "src_count": 11,
        "n_related": 43,
        "top3": "康有为(活动于)|西樵山(位于)|西樵山(属于时期)"
      }
    },
    {
      "type": "Feature",
      "geometry": {
        "type": "Point",
        "coordinates": [
          112.95,
          22.96
        ]
      },
      "properties": {
        "id": "ANC_0123",
        "name": "民乐圩",
        "town": "西樵镇",
        "ent_name": "民乐圩",
        "ent_type": "地名",
        "mentions": 11,
        "src_count": 3,
        "n_related": 0,
        "top3": ""
      }
    },
    {
      "type": "Feature",
      "geometry": {
        "type": "Point",
        "coordinates": [
          112.927552,
          22.967856
        ]
      },
      "properties": {
        "id": "ANC_0139",
        "name": "百西村",
        "town": "村头村",
        "ent_name": "百西村",
        "ent_type": "地名",
        "mentions": 7,
        "src_count": 3,
        "n_related": 1,
        "top3": "潘氏祠(位于)"
      }
    },
    {
      "type": "Feature",
      "geometry": {
        "type": "Point",
        "coordinates": [
          112.96847,
          22.942825
        ]
      },
      "properties": {
        "id": "ANC_0046",
        "name": "吉水",
        "town": "nan",
        "ent_name": "吉水",
        "ent_type": "地名",
        "mentions": 5,
        "src_count": 4,
        "n_related": 1,
        "top3": "陈启源(属于时期)"
      }
    },
    {
      "type": "Feature",
      "geometry": {
        "type": "Point",
        "coordinates": [
          112.96847,
          22.942825
        ]
      },
      "properties": {
        "id": "ANC_0046",
        "name": "吉水窦",
        "town": "nan",
        "ent_name": "吉水窦",
        "ent_type": "建筑遗迹",
        "mentions": 3,
        "src_count": 2,
        "n_related": 0,
        "top3": ""
      }
    },
    {
      "type": "Feature",
      "geometry": {
        "type": "Point",
        "coordinates": [
          112.89,
          23.03
        ]
      },
      "properties": {
        "id": "ANC_0118",
        "name": "西城圩",
        "town": "丹灶镇",
        "ent_name": "西城圩",
        "ent_type": "地名",
        "mentions": 2,
        "src_count": 1,
        "n_related": 3,
        "top3": "民国(发生于)|炮楼(位于)|游氏族(活动于)"
      }
    },
    {
      "type": "Feature",
      "geometry": {
        "type": "Point",
        "coordinates": [
          112.99,
          22.94
        ]
      },
      "properties": {
        "id": "ANC_0136",
        "name": "西樵镇人民政府",
        "town": "西樵镇",
        "ent_name": "西樵镇人民政府",
        "ent_type": "地名",
        "mentions": 2,
        "src_count": 2,
        "n_related": 5,
        "top3": "西樵山(属于时期)|石景宜(活动于)|石景宜(同族)"
      }
    },
    {
      "type": "Feature",
      "geometry": {
        "type": "Point",
        "coordinates": [
          112.99,
          22.94
        ]
      },
      "properties": {
        "id": "ANC_0136",
        "name": "西樵镇南沙村",
        "town": "西樵镇",
        "ent_name": "西樵镇南沙村",
        "ent_type": "地名",
        "mentions": 2,
        "src_count": 2,
        "n_related": 2,
        "top3": "何启(同族)|何启(出生于)"
      }
    },
    {
      "type": "Feature",
      "geometry": {
        "type": "Point",
        "coordinates": [
          112.921503,
          23.025526
        ]
      },
      "properties": {
        "id": "ANC_0067",
        "name": "方道隆墓",
        "town": "nan",
        "ent_name": "方道隆墓",
        "ent_type": "建筑遗迹",
        "mentions": 1,
        "src_count": 1,
        "n_related": 2,
        "top3": "方献夫(承载文化)|孔边村(位于)"
      }
    },
    {
      "type": "Feature",
      "geometry": {
        "type": "Point",
        "coordinates": [
          112.886577,
          23.039443
        ]
      },
      "properties": {
        "id": "ANC_0059",
        "name": "仙迹丹泉",
        "town": "nan",
        "ent_name": "仙迹丹泉",
        "ent_type": "建筑遗迹",
        "mentions": 1,
        "src_count": 1,
        "n_related": 0,
        "top3": ""
      }
    }
  ]
}