{
  "type": "FeatureCollection",
  "features": [
    {
      "type": "Feature",
      "geometry": {
        "type": "Point",
        "coordinates": [
          112.883841,
          22.858808
        ]
      },
      "properties": {
        "id": "B0FFGA58BQ",
        "name": "银坑村祠堂(乡约)",
        "town": "西樵镇",
        "rev_count": 2,
        "avg_rate": 4.1,
        "pos_rate": 100.0,
        "neg_rate": 0.0,
        "sources": "去哪儿|高德"
      }
    },
    {
      "type": "Feature",
      "geometry": {
        "type": "Point",
        "coordinates": [
          113.122488,
          23.115259
        ]
      },
      "properties": {
        "id": "B0FFFEOXGO",
        "name": "拱北公园",
        "town": "里水镇",
        "rev_count": 10,
        "avg_rate": 0,
        "pos_rate": 0,
        "neg_rate": 0,
        "sources": "携程"
      }
    },
    {
      "type": "Feature",
      "geometry": {
        "type": "Point",
        "coordinates": [
          113.12273,
          23.111971
        ]
      },
      "properties": {
        "id": "B02F507JSS",
        "name": "大沥公园",
        "town": "大沥镇",
        "rev_count": 8,
        "avg_rate": 4.3,
        "pos_rate": 100.0,
        "neg_rate": 0.0,
        "sources": "携程|高德"
      }
    },
    {
      "type": "Feature",
      "geometry": {
        "type": "Point",
        "coordinates": [
          113.04637,
          23.068734
        ]
      },
      "properties": {
        "id": "B02F50UZ0J",
        "name": "芦溪公园",
        "town": "狮山镇",
        "rev_count": 7,
        "avg_rate": 0,
        "pos_rate": 0,
        "neg_rate": 0,
        "sources": "携程"
      }
    },
    {
      "type": "Feature",
      "geometry": {
        "type": "Point",
        "coordinates": [
          113.097516,
          23.266155
        ]
      },
      "properties": {
        "id": "B02F5076X1",
        "name": "和桂文化广场",
        "town": "里水镇",
        "rev_count": 1,
        "avg_rate": 0,
        "pos_rate": 0,
        "neg_rate": 0,
        "sources": "携程"
      }
    },
    {
      "type": "Feature",
      "geometry": {
        "type": "Point",
        "coordinates": [
          113.166471,
          23.201059
        ]
      },
      "properties": {
        "id": "B02F50UEOH",
        "name": "信峰公园",
        "town": "里水镇",
        "rev_count": 20,
        "avg_rate": 0,
        "pos_rate": 0,
        "neg_rate": 0,
        "sources": "携程"
      }
    },
    {
      "type": "Feature",
      "geometry": {
        "type": "Point",
        "coordinates": [
          113.006075,
          22.822722
        ]
      },
      "properties": {
        "id": "B0FFH989SN",
        "name": "九江镇望海观音寺(不对外开放)",
        "town": "九江镇",
        "rev_count": 2,
        "avg_rate": 0,
        "pos_rate": 0,
        "neg_rate": 0,
        "sources": "携程"
      }
    },
    {
      "type": "Feature",
      "geometry": {
        "type": "Point",
        "coordinates": [
          113.142719,
          23.172335
        ]
      },
      "properties": {
        "id": "B0FFG3CTQM",
        "name": "甘蕉公园",
        "town": "里水镇",
        "rev_count": 10,
        "avg_rate": 0,
        "pos_rate": 0,
        "neg_rate": 0,
        "sources": "携程"
      }
    },
    {
      "type": "Feature",
      "geometry": {
        "type": "Point",
        "coordinates": [
          112.99295,
          23.097592
        ]
      },
      "properties": {
        "id": "B0FFF0FDHE",
        "name": "佛山植物园",
        "town": "狮山镇",
        "rev_count": 12,
        "avg_rate": 4.6,
        "pos_rate": 100.0,
        "neg_rate": 0.0,
        "sources": "去哪儿|携程|高德"
      }
    },
    {
      "type": "Feature",
      "geometry": {
        "type": "Point",
        "coordinates": [
          113.002752,
          23.119338
        ]
      },
      "properties": {
        "id": "B02F50XHK7",
        "name": "市民广场",
        "town": "狮山镇",
        "rev_count": 3,
        "avg_rate": 4.2,
        "pos_rate": 100.0,
        "neg_rate": 0.0,
        "sources": "携程|高德"
      }
    },
    {
      "type": "Feature",
      "geometry": {
        "type": "Point",
        "coordinates": [
          112.98903,
          22.946354
        ]
      },
      "properties": {
        "id": "B02F50WH85",
        "name": "河滨公园",
        "town": "西樵镇",
        "rev_count": 25,
        "avg_rate": 0,
        "pos_rate": 0,
        "neg_rate": 0,
        "sources": "携程"
      }
    },
    {
      "type": "Feature",
      "geometry": {
        "type": "Point",
        "coordinates": [
          112.890483,
          23.052763
        ]
      },
      "properties": {
        "id": "B0FFJ8L54R",
        "name": "仙湖音乐喷泉广场",
        "town": "狮山镇",
        "rev_count": 4,
        "avg_rate": 0,
        "pos_rate": 0,
        "neg_rate": 0,
        "sources": "携程"
      }
    },
    {
      "type": "Feature",
      "geometry": {
        "type": "Point",
        "coordinates": [
          113.197274,
          23.140697
        ]
      },
      "properties": {
        "id": "B0FFIKDTX5",
        "name": "天空之眼摩天轮(金沙洲万达广场)",
        "town": "里水镇",
        "rev_count": 10,
        "avg_rate": 0,
        "pos_rate": 0,
        "neg_rate": 0,
        "sources": "携程"
      }
    },
    {
      "type": "Feature",
      "geometry": {
        "type": "Point",
        "coordinates": [
          113.174503,
          23.226727
        ]
      },
      "properties": {
        "id": "B0FFHF702W",
        "name": "梦里水乡百花园",
        "town": "里水镇",
        "rev_count": 15,
        "avg_rate": 4.4,
        "pos_rate": 100.0,
        "neg_rate": 0.0,
        "sources": "去哪儿|携程|高德"
      }
    },
    {
      "type": "Feature",
      "geometry": {
        "type": "Point",
        "coordinates": [
          113.053367,
          23.060848
        ]
      },
      "properties": {
        "id": "B02F50YCH3",
        "name": "罗村中心广场",
        "town": "狮山镇",
        "rev_count": 5,
        "avg_rate": 4.5,
        "pos_rate": 100.0,
        "neg_rate": 0.0,
        "sources": "携程|高德"
      }
    },
    {
      "type": "Feature",
      "geometry": {
        "type": "Point",
        "coordinates": [
          112.982834,
          23.090166
        ]
      },
      "properties": {
        "id": "B02F50X8WM",
        "name": "小塘公园",
        "town": "狮山镇",
        "rev_count": 10,
        "avg_rate": 0,
        "pos_rate": 0,
        "neg_rate": 0,
        "sources": "携程"
      }
    },
    {
      "type": "Feature",
      "geometry": {
        "type": "Point",
        "coordinates": [
          113.147827,
          23.109498
        ]
      },
      "properties": {
        "id": "B0FFG2ERMT",
        "name": "九龙公园",
        "town": "里水镇",
        "rev_count": 24,
        "avg_rate": 4.6,
        "pos_rate": 100.0,
        "neg_rate": 0.0,
        "sources": "携程|高德"
      }
    },
    {
      "type": "Feature",
      "geometry": {
        "type": "Point",
        "coordinates": [
          113.239334,
          23.015086
        ]
      },
      "properties": {
        "id": "B0FFGI15WQ",
        "name": "文翰湖公园",
        "town": "桂城街道",
        "rev_count": 10,
        "avg_rate": 4.6,
        "pos_rate": 100.0,
        "neg_rate": 0.0,
        "sources": "去哪儿|携程|高德"
      }
    },
    {
      "type": "Feature",
      "geometry": {
        "type": "Point",
        "coordinates": [
          113.209412,
          23.037355
        ]
      },
      "properties": {
        "id": "B02F5079WX",
        "name": "桂城儿童公园",
        "town": "桂城街道",
        "rev_count": 27,
        "avg_rate": 4.7,
        "pos_rate": 100.0,
        "neg_rate": 0.0,
        "sources": "携程|高德"
      }
    },
    {
      "type": "Feature",
      "geometry": {
        "type": "Point",
        "coordinates": [
          113.059408,
          23.069717
        ]
      },
      "properties": {
        "id": "B0FFF4FNIM",
        "name": "孝德湖公园",
        "town": "狮山镇",
        "rev_count": 7,
        "avg_rate": 4.6,
        "pos_rate": 100.0,
        "neg_rate": 0.0,
        "sources": "携程|高德"
      }
    },
    {
      "type": "Feature",
      "geometry": {
        "type": "Point",
        "coordinates": [
          113.227994,
          23.031471
        ]
      },
      "properties": {
        "id": "B02F50YS3U",
        "name": "三山森林公园",
        "town": "桂城街道",
        "rev_count": 129,
        "avg_rate": 4.6,
        "pos_rate": 100.0,
        "neg_rate": 0.0,
        "sources": "去哪儿|携程|高德"
      }
    },
    {
      "type": "Feature",
      "geometry": {
        "type": "Point",
        "coordinates": [
          113.161808,
          23.180423
        ]
      },
      "properties": {
        "id": "B02F508S6H",
        "name": "河村公园",
        "town": "里水镇",
        "rev_count": 4,
        "avg_rate": 0,
        "pos_rate": 0,
        "neg_rate": 0,
        "sources": "携程"
      }
    },
    {
      "type": "Feature",
      "geometry": {
        "type": "Point",
        "coordinates": [
          113.147039,
          23.069885
        ]
      },
      "properties": {
        "id": "B0FFIUK5ZQ",
        "name": "千灯湖公园北区",
        "town": "桂城街道",
        "rev_count": 11,
        "avg_rate": 4.5,
        "pos_rate": 100.0,
        "neg_rate": 0.0,
        "sources": "携程|高德"
      }
    },
    {
      "type": "Feature",
      "geometry": {
        "type": "Point",
        "coordinates": [
          112.96723,
          22.929192
        ]
      },
      "properties": {
        "id": "B0FFHJ45NL",
        "name": "天湖公园",
        "town": "西樵镇",
        "rev_count": 72,
        "avg_rate": 4.2,
        "pos_rate": 100.0,
        "neg_rate": 0.0,
        "sources": "去哪儿|携程|马蜂窝|高德"
      }
    },
    {
      "type": "Feature",
      "geometry": {
        "type": "Point",
        "coordinates": [
          113.196447,
          23.039077
        ]
      },
      "properties": {
        "id": "B02F50WJ4R",
        "name": "映月湖公园",
        "town": "桂城街道",
        "rev_count": 11,
        "avg_rate": 4.4,
        "pos_rate": 100.0,
        "neg_rate": 0.0,
        "sources": "携程|高德"
      }
    },
    {
      "type": "Feature",
      "geometry": {
        "type": "Point",
        "coordinates": [
          112.957817,
          22.936726
        ]
      },
      "properties": {
        "id": "B0FFFV3BG0",
        "name": "听音广场",
        "town": "西樵镇",
        "rev_count": 11,
        "avg_rate": 4.3,
        "pos_rate": 100.0,
        "neg_rate": 0.0,
        "sources": "携程|高德"
      }
    },
    {
      "type": "Feature",
      "geometry": {
        "type": "Point",
        "coordinates": [
          113.192686,
          23.12078
        ]
      },
      "properties": {
        "id": "B0FFFH2PSL",
        "name": "黄岐公园",
        "town": "大沥镇",
        "rev_count": 22,
        "avg_rate": 4.4,
        "pos_rate": 100.0,
        "neg_rate": 0.0,
        "sources": "携程|高德"
      }
    },
    {
      "type": "Feature",
      "geometry": {
        "type": "Point",
        "coordinates": [
          113.166044,
          23.194936
        ]
      },
      "properties": {
        "id": "B02F508NQH",
        "name": "沿江公园",
        "town": "里水镇",
        "rev_count": 10,
        "avg_rate": 0,
        "pos_rate": 0,
        "neg_rate": 0,
        "sources": "携程"
      }
    },
    {
      "type": "Feature",
      "geometry": {
        "type": "Point",
        "coordinates": [
          113.149032,
          23.151143
        ]
      },
      "properties": {
        "id": "B0FFKUREHD",
        "name": "展旗峰生态公园",
        "town": "里水镇",
        "rev_count": 11,
        "avg_rate": 4.6,
        "pos_rate": 100.0,
        "neg_rate": 0.0,
        "sources": "携程|高德"
      }
    },
    {
      "type": "Feature",
      "geometry": {
        "type": "Point",
        "coordinates": [
          112.96519,
          23.08136
        ]
      },
      "properties": {
        "id": "B02F503PVG",
        "name": "南海湿地主题公园",
        "town": "狮山镇",
        "rev_count": 21,
        "avg_rate": 4.2,
        "pos_rate": 100.0,
        "neg_rate": 0.0,
        "sources": "马蜂窝|高德"
      }
    },
    {
      "type": "Feature",
      "geometry": {
        "type": "Point",
        "coordinates": [
          113.179534,
          23.172752
        ]
      },
      "properties": {
        "id": "B02F50WIYO",
        "name": "水口公园",
        "town": "里水镇",
        "rev_count": 6,
        "avg_rate": 0,
        "pos_rate": 0,
        "neg_rate": 0,
        "sources": "携程"
      }
    },
    {
      "type": "Feature",
      "geometry": {
        "type": "Point",
        "coordinates": [
          112.980287,
          22.88386
        ]
      },
      "properties": {
        "id": "B02F507706",
        "name": "朝山公园",
        "town": "丹灶镇",
        "rev_count": 71,
        "avg_rate": 0,
        "pos_rate": 0,
        "neg_rate": 0,
        "sources": "携程"
      }
    },
    {
      "type": "Feature",
      "geometry": {
        "type": "Point",
        "coordinates": [
          113.243563,
          23.021445
        ]
      },
      "properties": {
        "id": "B0FFLQE8AB",
        "name": "高铁公园",
        "town": "桂城街道",
        "rev_count": 2,
        "avg_rate": 4.3,
        "pos_rate": 100.0,
        "neg_rate": 0.0,
        "sources": "携程|高德"
      }
    },
    {
      "type": "Feature",
      "geometry": {
        "type": "Point",
        "coordinates": [
          113.11783,
          23.120049
        ]
      },
      "properties": {
        "id": "B02F507C6D",
        "name": "邓西公园",
        "town": "大沥镇",
        "rev_count": 10,
        "avg_rate": 0,
        "pos_rate": 0,
        "neg_rate": 0,
        "sources": "携程"
      }
    },
    {
      "type": "Feature",
      "geometry": {
        "type": "Point",
        "coordinates": [
          113.200189,
          23.013721
        ]
      },
      "properties": {
        "id": "B02F50UND7",
        "name": "平南公园",
        "town": "桂城街道",
        "rev_count": 1,
        "avg_rate": 0,
        "pos_rate": 0,
        "neg_rate": 0,
        "sources": "去哪儿"
      }
    },
    {
      "type": "Feature",
      "geometry": {
        "type": "Point",
        "coordinates": [
          113.116327,
          23.11227
        ]
      },
      "properties": {
        "id": "B02F503CBT",
        "name": "凤东公园",
        "town": "大沥镇",
        "rev_count": 10,
        "avg_rate": 0,
        "pos_rate": 0,
        "neg_rate": 0,
        "sources": "携程"
      }
    },
    {
      "type": "Feature",
      "geometry": {
        "type": "Point",
        "coordinates": [
          113.199386,
          23.125777
        ]
      },
      "properties": {
        "id": "B02F50UENU",
        "name": "沙溪公园",
        "town": "里水镇",
        "rev_count": 18,
        "avg_rate": 4.2,
        "pos_rate": 100.0,
        "neg_rate": 0.0,
        "sources": "携程|高德"
      }
    },
    {
      "type": "Feature",
      "geometry": {
        "type": "Point",
        "coordinates": [
          113.125757,
          23.114148
        ]
      },
      "properties": {
        "id": "B02F504ZUG",
        "name": "沥城公园",
        "town": "里水镇",
        "rev_count": 10,
        "avg_rate": 0,
        "pos_rate": 0,
        "neg_rate": 0,
        "sources": "携程"
      }
    },
    {
      "type": "Feature",
      "geometry": {
        "type": "Point",
        "coordinates": [
          113.145818,
          23.022913
        ]
      },
      "properties": {
        "id": "B02F501Q4Z",
        "name": "南海文化公园",
        "town": "桂城街道",
        "rev_count": 10,
        "avg_rate": 0,
        "pos_rate": 0,
        "neg_rate": 0,
        "sources": "携程"
      }
    },
    {
      "type": "Feature",
      "geometry": {
        "type": "Point",
        "coordinates": [
          113.166353,
          23.144604
        ]
      },
      "properties": {
        "id": "B02F507H3D",
        "name": "沙涌公园",
        "town": "里水镇",
        "rev_count": 10,
        "avg_rate": 0,
        "pos_rate": 0,
        "neg_rate": 0,
        "sources": "携程"
      }
    },
    {
      "type": "Feature",
      "geometry": {
        "type": "Point",
        "coordinates": [
          113.163804,
          23.018378
        ]
      },
      "properties": {
        "id": "B02F508PZ5",
        "name": "怡海公园",
        "town": "桂城街道",
        "rev_count": 14,
        "avg_rate": 4.2,
        "pos_rate": 100.0,
        "neg_rate": 0.0,
        "sources": "携程|高德"
      }
    },
    {
      "type": "Feature",
      "geometry": {
        "type": "Point",
        "coordinates": [
          113.128989,
          23.251181
        ]
      },
      "properties": {
        "id": "B02F507CO9",
        "name": "和顺公园",
        "town": "里水镇",
        "rev_count": 1,
        "avg_rate": 0,
        "pos_rate": 0,
        "neg_rate": 0,
        "sources": "携程"
      }
    },
    {
      "type": "Feature",
      "geometry": {
        "type": "Point",
        "coordinates": [
          113.022858,
          22.919068
        ]
      },
      "properties": {
        "id": "B02F5076IN",
        "name": "华光公园",
        "town": "丹灶镇",
        "rev_count": 22,
        "avg_rate": 0,
        "pos_rate": 0,
        "neg_rate": 0,
        "sources": "去哪儿|携程"
      }
    },
    {
      "type": "Feature",
      "geometry": {
        "type": "Point",
        "coordinates": [
          113.163942,
          23.081394
        ]
      },
      "properties": {
        "id": "B02F506168",
        "name": "新桂公园",
        "town": "大沥镇",
        "rev_count": 10,
        "avg_rate": 0,
        "pos_rate": 0,
        "neg_rate": 0,
        "sources": "携程"
      }
    },
    {
      "type": "Feature",
      "geometry": {
        "type": "Point",
        "coordinates": [
          113.017758,
          22.833102
        ]
      },
      "properties": {
        "id": "B0FFG4RUQU",
        "name": "吴家大院",
        "town": "九江镇",
        "rev_count": 21,
        "avg_rate": 4.3,
        "pos_rate": 100.0,
        "neg_rate": 0.0,
        "sources": "携程|高德"
      }
    },
    {
      "type": "Feature",
      "geometry": {
        "type": "Point",
        "coordinates": [
          113.103899,
          23.183076
        ]
      },
      "properties": {
        "id": "B0FFG4B8C9",
        "name": "南国桃园",
        "town": "大沥镇",
        "rev_count": 14,
        "avg_rate": 4.7,
        "pos_rate": 100.0,
        "neg_rate": 0.0,
        "sources": "去哪儿|携程|高德"
      }
    },
    {
      "type": "Feature",
      "geometry": {
        "type": "Point",
        "coordinates": [
          113.108714,
          23.175651
        ]
      },
      "properties": {
        "id": "B0FFG0YUHE",
        "name": "南海观音寺",
        "town": "大沥镇",
        "rev_count": 32,
        "avg_rate": 4.7,
        "pos_rate": 100.0,
        "neg_rate": 0.0,
        "sources": "去哪儿|携程|高德"
      }
    },
    {
      "type": "Feature",
      "geometry": {
        "type": "Point",
        "coordinates": [
          112.8746,
          22.851696
        ]
      },
      "properties": {
        "id": "B02F50YH2H",
        "name": "南海湾森林生态园",
        "town": "西樵镇",
        "rev_count": 200,
        "avg_rate": 4.5,
        "pos_rate": 100.0,
        "neg_rate": 0.0,
        "sources": "去哪儿|携程|马蜂窝|高德"
      }
    },
    {
      "type": "Feature",
      "geometry": {
        "type": "Point",
        "coordinates": [
          113.092699,
          23.063952
        ]
      },
      "properties": {
        "id": "B02F50UTH5",
        "name": "叶问宗师馆",
        "town": "狮山镇",
        "rev_count": 11,
        "avg_rate": 4.3,
        "pos_rate": 100.0,
        "neg_rate": 0.0,
        "sources": "携程|高德"
      }
    },
    {
      "type": "Feature",
      "geometry": {
        "type": "Point",
        "coordinates": [
          112.962325,
          22.933011
        ]
      },
      "properties": {
        "id": "B02F5077T5",
        "name": "白云洞风景区",
        "town": "西樵镇",
        "rev_count": 14,
        "avg_rate": 0,
        "pos_rate": 0,
        "neg_rate": 0,
        "sources": "携程"
      }
    },
    {
      "type": "Feature",
      "geometry": {
        "type": "Point",
        "coordinates": [
          112.976074,
          22.908475
        ]
      },
      "properties": {
        "id": "B02F5076F0",
        "name": "西樵山风景名胜区",
        "town": "西樵镇",
        "rev_count": 106,
        "avg_rate": 4.7,
        "pos_rate": 100.0,
        "neg_rate": 0.0,
        "sources": "去哪儿|携程|马蜂窝|高德"
      }
    },
    {
      "type": "Feature",
      "geometry": {
        "type": "Point",
        "coordinates": [
          113.146094,
          23.05361
        ]
      },
      "properties": {
        "id": "B02F506TYO",
        "name": "千灯湖公园",
        "town": "桂城街道",
        "rev_count": 86,
        "avg_rate": 4.7,
        "pos_rate": 100.0,
        "neg_rate": 0.0,
        "sources": "携程|马蜂窝|高德"
      }
    },
    {
      "type": "Feature",
      "geometry": {
        "type": "Point",
        "coordinates": [
          113.10825,
          23.186927
        ]
      },
      "properties": {
        "id": "B02F503R4G",
        "name": "中央电视台南海影视城",
        "town": "狮山镇",
        "rev_count": 205,
        "avg_rate": 4.6,
        "pos_rate": 19.0,
        "neg_rate": 14.3,
        "sources": "去哪儿|携程|马蜂窝|高德"
      }
    },
    {
      "type": "Feature",
      "geometry": {
        "type": "Point",
        "coordinates": [
          113.191867,
          23.026327
        ]
      },
      "properties": {
        "id": "B0FFHRPUYH",
        "name": "观音庙",
        "town": "桂城街道",
        "rev_count": 4,
        "avg_rate": 3.87,
        "pos_rate": 33.3,
        "neg_rate": 0.0,
        "sources": "携程|高德"
      }
    },
    {
      "type": "Feature",
      "geometry": {
        "type": "Point",
        "coordinates": [
          113.080252,
          23.180045
        ]
      },
      "properties": {
        "id": "B0FFH42HYC",
        "name": "南海神庙",
        "town": "狮山镇",
        "rev_count": 11,
        "avg_rate": 4.0,
        "pos_rate": 100.0,
        "neg_rate": 0.0,
        "sources": "携程|高德"
      }
    },
    {
      "type": "Feature",
      "geometry": {
        "type": "Point",
        "coordinates": [
          112.964449,
          22.933622
        ]
      },
      "properties": {
        "id": "B0FFG2AME7",
        "name": "西樵山风景名胜区-观音庙",
        "town": "西樵镇",
        "rev_count": 2,
        "avg_rate": 4.2,
        "pos_rate": 100.0,
        "neg_rate": 0.0,
        "sources": "携程|高德"
      }
    },
    {
      "type": "Feature",
      "geometry": {
        "type": "Point",
        "coordinates": [
          113.201118,
          23.201747
        ]
      },
      "properties": {
        "id": "B02F50WJ53",
        "name": "西华寺",
        "town": "里水镇",
        "rev_count": 2,
        "avg_rate": 4.3,
        "pos_rate": 100.0,
        "neg_rate": 0.0,
        "sources": "携程|高德"
      }
    },
    {
      "type": "Feature",
      "geometry": {
        "type": "Point",
        "coordinates": [
          113.146747,
          23.131128
        ]
      },
      "properties": {
        "id": "B0FFH4AQI7",
        "name": "陈氏宗祠",
        "town": "里水镇",
        "rev_count": 8,
        "avg_rate": 3.12,
        "pos_rate": 0.0,
        "neg_rate": 50.0,
        "sources": "携程|高德"
      }
    },
    {
      "type": "Feature",
      "geometry": {
        "type": "Point",
        "coordinates": [
          113.196227,
          23.190165
        ]
      },
      "properties": {
        "id": "B0FFH3XXY4",
        "name": "陈氏大宗祠",
        "town": "里水镇",
        "rev_count": 2,
        "avg_rate": 4.0,
        "pos_rate": 100.0,
        "neg_rate": 0.0,
        "sources": "携程|高德"
      }
    },
    {
      "type": "Feature",
      "geometry": {
        "type": "Point",
        "coordinates": [
          113.021404,
          23.062956
        ]
      },
      "properties": {
        "id": "B0FFG3QKJB",
        "name": "黄氏大宗祠",
        "town": "狮山镇",
        "rev_count": 11,
        "avg_rate": 3.6,
        "pos_rate": 0.0,
        "neg_rate": 0.0,
        "sources": "携程|高德"
      }
    },
    {
      "type": "Feature",
      "geometry": {
        "type": "Point",
        "coordinates": [
          113.184026,
          23.080738
        ]
      },
      "properties": {
        "id": "B0FFG24UH1",
        "name": "基督教盐步堂",
        "town": "大沥镇",
        "rev_count": 7,
        "avg_rate": 4.3,
        "pos_rate": 100.0,
        "neg_rate": 0.0,
        "sources": "去哪儿|携程|高德"
      }
    },
    {
      "type": "Feature",
      "geometry": {
        "type": "Point",
        "coordinates": [
          113.026582,
          22.812498
        ]
      },
      "properties": {
        "id": "B02F508KA7",
        "name": "九江双蒸博物馆",
        "town": "九江镇",
        "rev_count": 11,
        "avg_rate": 4.4,
        "pos_rate": 100.0,
        "neg_rate": 0.0,
        "sources": "携程|高德"
      }
    },
    {
      "type": "Feature",
      "geometry": {
        "type": "Point",
        "coordinates": [
          112.977738,
          22.907559
        ]
      },
      "properties": {
        "id": "B0FFF3NK66",
        "name": "南海博物馆",
        "town": "西樵镇",
        "rev_count": 60,
        "avg_rate": 4.4,
        "pos_rate": 100.0,
        "neg_rate": 0.0,
        "sources": "去哪儿|携程|高德"
      }
    },
    {
      "type": "Feature",
      "geometry": {
        "type": "Point",
        "coordinates": [
          113.145968,
          23.049718
        ]
      },
      "properties": {
        "id": "B0FFIR4D6W",
        "name": "广东大观博物馆",
        "town": "桂城街道",
        "rev_count": 10,
        "avg_rate": 0,
        "pos_rate": 0,
        "neg_rate": 0,
        "sources": "携程"
      }
    },
    {
      "type": "Feature",
      "geometry": {
        "type": "Point",
        "coordinates": [
          113.148703,
          23.064166
        ]
      },
      "properties": {
        "id": "B0JGYHX5I0",
        "name": "佛山市岭南金融博物馆(新馆)",
        "town": "桂城街道",
        "rev_count": 16,
        "avg_rate": 0,
        "pos_rate": 0,
        "neg_rate": 0,
        "sources": "携程"
      }
    },
    {
      "type": "Feature",
      "geometry": {
        "type": "Point",
        "coordinates": [
          112.957381,
          22.942898
        ]
      },
      "properties": {
        "id": "B0KRMZRLQY",
        "name": "佛山活体昆虫博物馆",
        "town": "西樵镇",
        "rev_count": 9,
        "avg_rate": 4.3,
        "pos_rate": 100.0,
        "neg_rate": 0.0,
        "sources": "携程|高德"
      }
    },
    {
      "type": "Feature",
      "geometry": {
        "type": "Point",
        "coordinates": [
          112.902309,
          23.021688
        ]
      },
      "properties": {
        "id": "B0FFIVH0A1",
        "name": "康有为博物馆",
        "town": "丹灶镇",
        "rev_count": 2,
        "avg_rate": 4.1,
        "pos_rate": 100.0,
        "neg_rate": 0.0,
        "sources": "携程|高德"
      }
    },
    {
      "type": "Feature",
      "geometry": {
        "type": "Point",
        "coordinates": [
          113.128685,
          23.069166
        ]
      },
      "properties": {
        "id": "B0I1G70ATO",
        "name": "古董老爷车博物馆",
        "town": "桂城街道",
        "rev_count": 10,
        "avg_rate": 0,
        "pos_rate": 0,
        "neg_rate": 0,
        "sources": "携程"
      }
    },
    {
      "type": "Feature",
      "geometry": {
        "type": "Point",
        "coordinates": [
          112.956807,
          22.936696
        ]
      },
      "properties": {
        "id": "B0K14AWT1B",
        "name": "西樵山美术馆(有为馆)",
        "town": "西樵镇",
        "rev_count": 5,
        "avg_rate": 0,
        "pos_rate": 0,
        "neg_rate": 0,
        "sources": "携程"
      }
    },
    {
      "type": "Feature",
      "geometry": {
        "type": "Point",
        "coordinates": [
          113.144657,
          23.109703
        ]
      },
      "properties": {
        "id": "B0FFM9MAH2",
        "name": "南海国际会议中心",
        "town": "里水镇",
        "rev_count": 12,
        "avg_rate": 0,
        "pos_rate": 0,
        "neg_rate": 0,
        "sources": "携程"
      }
    },
    {
      "type": "Feature",
      "geometry": {
        "type": "Point",
        "coordinates": [
          112.95997,
          22.934058
        ]
      },
      "properties": {
        "id": "B0FFKZDQA6",
        "name": "樵山文化中心",
        "town": "西樵镇",
        "rev_count": 1,
        "avg_rate": 0,
        "pos_rate": 0,
        "neg_rate": 0,
        "sources": "携程"
      }
    },
    {
      "type": "Feature",
      "geometry": {
        "type": "Point",
        "coordinates": [
          113.156725,
          23.043275
        ]
      },
      "properties": {
        "id": "B0GKU5HILM",
        "name": "无界艺术馆",
        "town": "桂城街道",
        "rev_count": 6,
        "avg_rate": 0,
        "pos_rate": 0,
        "neg_rate": 0,
        "sources": "携程"
      }
    },
    {
      "type": "Feature",
      "geometry": {
        "type": "Point",
        "coordinates": [
          113.145798,
          23.025604
        ]
      },
      "properties": {
        "id": "B0FFGR7SES",
        "name": "南新美术馆",
        "town": "桂城街道",
        "rev_count": 4,
        "avg_rate": 0,
        "pos_rate": 0,
        "neg_rate": 0,
        "sources": "携程"
      }
    },
    {
      "type": "Feature",
      "geometry": {
        "type": "Point",
        "coordinates": [
          113.187381,
          23.033381
        ]
      },
      "properties": {
        "id": "B0JU576YWA",
        "name": "映·美术馆",
        "town": "桂城街道",
        "rev_count": 19,
        "avg_rate": 0,
        "pos_rate": 0,
        "neg_rate": 0,
        "sources": "去哪儿|携程"
      }
    },
    {
      "type": "Feature",
      "geometry": {
        "type": "Point",
        "coordinates": [
          113.143379,
          23.053251
        ]
      },
      "properties": {
        "id": "B0LKBMSFQ7",
        "name": "佛山市南海区图书馆",
        "town": "桂城街道",
        "rev_count": 34,
        "avg_rate": 0,
        "pos_rate": 0,
        "neg_rate": 0,
        "sources": "携程"
      }
    },
    {
      "type": "Feature",
      "geometry": {
        "type": "Point",
        "coordinates": [
          112.982602,
          23.089445
        ]
      },
      "properties": {
        "id": "B02F5078UY",
        "name": "狮山图书馆",
        "town": "狮山镇",
        "rev_count": 10,
        "avg_rate": 0,
        "pos_rate": 0,
        "neg_rate": 0,
        "sources": "携程"
      }
    },
    {
      "type": "Feature",
      "geometry": {
        "type": "Point",
        "coordinates": [
          113.033048,
          23.161598
        ]
      },
      "properties": {
        "id": "B02F50XHJX",
        "name": "广东轻工职业技术学院(南海校区北区)图书馆",
        "town": "狮山镇",
        "rev_count": 10,
        "avg_rate": 0,
        "pos_rate": 0,
        "neg_rate": 0,
        "sources": "携程"
      }
    },
    {
      "type": "Feature",
      "geometry": {
        "type": "Point",
        "coordinates": [
          113.026773,
          23.146194
        ]
      },
      "properties": {
        "id": "B02F50UZCU",
        "name": "华南师范大学(佛山校区南海校园)图书馆",
        "town": "狮山镇",
        "rev_count": 3,
        "avg_rate": 0,
        "pos_rate": 0,
        "neg_rate": 0,
        "sources": "携程"
      }
    },
    {
      "type": "Feature",
      "geometry": {
        "type": "Point",
        "coordinates": [
          113.139431,
          23.082175
        ]
      },
      "properties": {
        "id": "B0HR4SXR8R",
        "name": "勒东图书馆",
        "town": "大沥镇",
        "rev_count": 10,
        "avg_rate": 0,
        "pos_rate": 0,
        "neg_rate": 0,
        "sources": "携程"
      }
    },
    {
      "type": "Feature",
      "geometry": {
        "type": "Point",
        "coordinates": [
          113.140106,
          23.030084
        ]
      },
      "properties": {
        "id": "B02F5076HS",
        "name": "南海科学馆",
        "town": "桂城街道",
        "rev_count": 2,
        "avg_rate": 4.3,
        "pos_rate": 100.0,
        "neg_rate": 0.0,
        "sources": "携程|高德"
      }
    },
    {
      "type": "Feature",
      "geometry": {
        "type": "Point",
        "coordinates": [
          113.053899,
          23.140435
        ]
      },
      "properties": {
        "id": "B0FFI7SIX5",
        "name": "佛山大学(仙溪校区北区)",
        "town": "狮山镇",
        "rev_count": 20,
        "avg_rate": 0,
        "pos_rate": 0,
        "neg_rate": 0,
        "sources": "携程"
      }
    },
    {
      "type": "Feature",
      "geometry": {
        "type": "Point",
        "coordinates": [
          113.149473,
          23.055847
        ]
      },
      "properties": {
        "id": "B0FFFAQ2KJ",
        "name": "汇丰银行(佛山分行)",
        "town": "桂城街道",
        "rev_count": 10,
        "avg_rate": 0,
        "pos_rate": 0,
        "neg_rate": 0,
        "sources": "携程"
      }
    },
    {
      "type": "Feature",
      "geometry": {
        "type": "Point",
        "coordinates": [
          113.008733,
          23.11687
        ]
      },
      "properties": {
        "id": "B0HGV5Q8L6",
        "name": "南海体育中心",
        "town": "狮山镇",
        "rev_count": 3,
        "avg_rate": 4.8,
        "pos_rate": 100.0,
        "neg_rate": 0.0,
        "sources": "携程|高德"
      }
    },
    {
      "type": "Feature",
      "geometry": {
        "type": "Point",
        "coordinates": [
          113.141117,
          23.047486
        ]
      },
      "properties": {
        "id": "B02F5076GC",
        "name": "南海体育馆",
        "town": "桂城街道",
        "rev_count": 6,
        "avg_rate": 4.7,
        "pos_rate": 100.0,
        "neg_rate": 0.0,
        "sources": "携程|高德"
      }
    },
    {
      "type": "Feature",
      "geometry": {
        "type": "Point",
        "coordinates": [
          113.156366,
          23.073309
        ]
      },
      "properties": {
        "id": "B0KR3U1J41",
        "name": "佛山千灯湖音乐秀场",
        "town": "桂城街道",
        "rev_count": 1,
        "avg_rate": 0,
        "pos_rate": 0,
        "neg_rate": 0,
        "sources": "携程"
      }
    },
    {
      "type": "Feature",
      "geometry": {
        "type": "Point",
        "coordinates": [
          113.106062,
          23.112403
        ]
      },
      "properties": {
        "id": "B0LA2ULNM1",
        "name": "南海鹿尔花园",
        "town": "大沥镇",
        "rev_count": 10,
        "avg_rate": 4.7,
        "pos_rate": 100.0,
        "neg_rate": 0.0,
        "sources": "携程|高德"
      }
    },
    {
      "type": "Feature",
      "geometry": {
        "type": "Point",
        "coordinates": [
          112.973594,
          22.929661
        ]
      },
      "properties": {
        "id": "B0J2B1UNZC",
        "name": "西樵山森吧飞越树上探险乐园",
        "town": "西樵镇",
        "rev_count": 11,
        "avg_rate": 4.5,
        "pos_rate": 100.0,
        "neg_rate": 0.0,
        "sources": "携程|高德"
      }
    },
    {
      "type": "Feature",
      "geometry": {
        "type": "Point",
        "coordinates": [
          113.007754,
          23.115816
        ]
      },
      "properties": {
        "id": "B0H0J7X2FW",
        "name": "南海区体育中心体育场",
        "town": "狮山镇",
        "rev_count": 7,
        "avg_rate": 4.7,
        "pos_rate": 100.0,
        "neg_rate": 0.0,
        "sources": "携程|高德"
      }
    },
    {
      "type": "Feature",
      "geometry": {
        "type": "Point",
        "coordinates": [
          113.096736,
          23.187074
        ]
      },
      "properties": {
        "id": "B02F506TW0",
        "name": "桃园高尔夫会所",
        "town": "大沥镇",
        "rev_count": 1,
        "avg_rate": 0,
        "pos_rate": 0,
        "neg_rate": 0,
        "sources": "携程"
      }
    },
    {
      "type": "Feature",
      "geometry": {
        "type": "Point",
        "coordinates": [
          113.147258,
          23.109479
        ]
      },
      "properties": {
        "id": "B0L65SO443",
        "name": "九龙Park欢乐世界",
        "town": "大沥镇",
        "rev_count": 2,
        "avg_rate": 4.6,
        "pos_rate": 100.0,
        "neg_rate": 0.0,
        "sources": "携程|高德"
      }
    },
    {
      "type": "Feature",
      "geometry": {
        "type": "Point",
        "coordinates": [
          112.891372,
          23.021509
        ]
      },
      "properties": {
        "id": "B0H06HFNWL",
        "name": "耕山小寨",
        "town": "丹灶镇",
        "rev_count": 17,
        "avg_rate": 0,
        "pos_rate": 0,
        "neg_rate": 0,
        "sources": "携程"
      }
    },
    {
      "type": "Feature",
      "geometry": {
        "type": "Point",
        "coordinates": [
          112.945135,
          22.923938
        ]
      },
      "properties": {
        "id": "B02F501SVF",
        "name": "黄飞鸿狮艺武术馆",
        "town": "西樵镇",
        "rev_count": 42,
        "avg_rate": 4.5,
        "pos_rate": 100.0,
        "neg_rate": 0.0,
        "sources": "去哪儿|携程|马蜂窝|高德"
      }
    },
    {
      "type": "Feature",
      "geometry": {
        "type": "Point",
        "coordinates": [
          113.174149,
          23.046413
        ]
      },
      "properties": {
        "id": "B0H0J7XPQC",
        "name": "夏漖粮园·喜文化创意基地",
        "town": "桂城街道",
        "rev_count": 10,
        "avg_rate": 0,
        "pos_rate": 0,
        "neg_rate": 0,
        "sources": "携程"
      }
    },
    {
      "type": "Feature",
      "geometry": {
        "type": "Point",
        "coordinates": [
          113.052089,
          23.096359
        ]
      },
      "properties": {
        "id": "B02F503CYH",
        "name": "佛山高尔夫球会",
        "town": "狮山镇",
        "rev_count": 6,
        "avg_rate": 4.6,
        "pos_rate": 100.0,
        "neg_rate": 0.0,
        "sources": "携程|高德"
      }
    },
    {
      "type": "Feature",
      "geometry": {
        "type": "Point",
        "coordinates": [
          113.144766,
          23.110977
        ]
      },
      "properties": {
        "id": "B0IRYUBYVX",
        "name": "多元宝贝世界(龙汇店)",
        "town": "大沥镇",
        "rev_count": 2,
        "avg_rate": 4.5,
        "pos_rate": 100.0,
        "neg_rate": 0.0,
        "sources": "携程|高德"
      }
    },
    {
      "type": "Feature",
      "geometry": {
        "type": "Point",
        "coordinates": [
          113.154201,
          23.069148
        ]
      },
      "properties": {
        "id": "B0L36Z9RTE",
        "name": "爆笑虫子城市主题乐园",
        "town": "桂城街道",
        "rev_count": 1,
        "avg_rate": 0,
        "pos_rate": 0,
        "neg_rate": 0,
        "sources": "携程"
      }
    },
    {
      "type": "Feature",
      "geometry": {
        "type": "Point",
        "coordinates": [
          113.127016,
          23.068857
        ]
      },
      "properties": {
        "id": "B0JKBCNVVK",
        "name": "大板牙主题乐园",
        "town": "桂城街道",
        "rev_count": 2,
        "avg_rate": 4.4,
        "pos_rate": 100.0,
        "neg_rate": 0.0,
        "sources": "携程|高德"
      }
    },
    {
      "type": "Feature",
      "geometry": {
        "type": "Point",
        "coordinates": [
          113.145574,
          23.047157
        ]
      },
      "properties": {
        "id": "B0J0GRAL8G",
        "name": "开心麻花·花花世界佛山",
        "town": "桂城街道",
        "rev_count": 2,
        "avg_rate": 0,
        "pos_rate": 0,
        "neg_rate": 0,
        "sources": "携程"
      }
    },
    {
      "type": "Feature",
      "geometry": {
        "type": "Point",
        "coordinates": [
          113.160155,
          23.022605
        ]
      },
      "properties": {
        "id": "B0JRKMVGXF",
        "name": "广东省非物质文化遗产佛山咏春拳东二义咏堂",
        "town": "桂城街道",
        "rev_count": 2,
        "avg_rate": 3.1,
        "pos_rate": 0.0,
        "neg_rate": 0.0,
        "sources": "携程|高德"
      }
    },
    {
      "type": "Feature",
      "geometry": {
        "type": "Point",
        "coordinates": [
          113.143625,
          23.114647
        ]
      },
      "properties": {
        "id": "B0IUD5JAZE",
        "name": "牛牛西厨(大沥永旺梦乐城店)",
        "town": "大沥镇",
        "rev_count": 1,
        "avg_rate": 0,
        "pos_rate": 0,
        "neg_rate": 0,
        "sources": "去哪儿"
      }
    },
    {
      "type": "Feature",
      "geometry": {
        "type": "Point",
        "coordinates": [
          112.935246,
          23.046177
        ]
      },
      "properties": {
        "id": "B0FFKCIQYL",
        "name": "沙水村古村落",
        "town": "丹灶镇",
        "rev_count": 2,
        "avg_rate": 0,
        "pos_rate": 0,
        "neg_rate": 0,
        "sources": "携程"
      }
    },
    {
      "type": "Feature",
      "geometry": {
        "type": "Point",
        "coordinates": [
          112.959574,
          22.872088
        ]
      },
      "properties": {
        "id": "B0FFJYGJTV",
        "name": "烟桥古村",
        "town": "九江镇",
        "rev_count": 10,
        "avg_rate": 4.4,
        "pos_rate": 100.0,
        "neg_rate": 0.0,
        "sources": "去哪儿|携程|高德"
      }
    },
    {
      "type": "Feature",
      "geometry": {
        "type": "Point",
        "coordinates": [
          113.131515,
          23.153857
        ]
      },
      "properties": {
        "id": "B0LGTX12VB",
        "name": "梁氏大宗祠",
        "town": "里水镇",
        "rev_count": 3,
        "avg_rate": 3.45,
        "pos_rate": 0.0,
        "neg_rate": 0.0,
        "sources": "携程|高德"
      }
    },
    {
      "type": "Feature",
      "geometry": {
        "type": "Point",
        "coordinates": [
          113.005008,
          23.16331
        ]
      },
      "properties": {
        "id": "B0LG0L6MZH",
        "name": "北山村罗氏宗祠",
        "town": "狮山镇",
        "rev_count": 6,
        "avg_rate": 0,
        "pos_rate": 0,
        "neg_rate": 0,
        "sources": "携程"
      }
    },
    {
      "type": "Feature",
      "geometry": {
        "type": "Point",
        "coordinates": [
          112.930983,
          22.991846
        ]
      },
      "properties": {
        "id": "B0LAP7F790",
        "name": "霍氏宗祠",
        "town": "丹灶镇",
        "rev_count": 2,
        "avg_rate": 2.8,
        "pos_rate": 0.0,
        "neg_rate": 100.0,
        "sources": "携程|高德"
      }
    },
    {
      "type": "Feature",
      "geometry": {
        "type": "Point",
        "coordinates": [
          112.977185,
          22.929907
        ]
      },
      "properties": {
        "id": "B02F50YSSQ",
        "name": "西樵山宝峰寺",
        "town": "西樵镇",
        "rev_count": 3,
        "avg_rate": 4.4,
        "pos_rate": 100.0,
        "neg_rate": 0.0,
        "sources": "携程|高德"
      }
    },
    {
      "type": "Feature",
      "geometry": {
        "type": "Point",
        "coordinates": [
          113.126972,
          23.09602
        ]
      },
      "properties": {
        "id": "B0FFFEOUOF",
        "name": "财神庙",
        "town": "大沥镇",
        "rev_count": 10,
        "avg_rate": 0,
        "pos_rate": 0,
        "neg_rate": 0,
        "sources": "携程"
      }
    },
    {
      "type": "Feature",
      "geometry": {
        "type": "Point",
        "coordinates": [
          112.990348,
          22.823562
        ]
      },
      "properties": {
        "id": "B0K229G3RK",
        "name": "龙母庙",
        "town": "丹灶镇",
        "rev_count": 20,
        "avg_rate": 0,
        "pos_rate": 0,
        "neg_rate": 0,
        "sources": "携程"
      }
    },
    {
      "type": "Feature",
      "geometry": {
        "type": "Point",
        "coordinates": [
          113.178345,
          23.1238
        ]
      },
      "properties": {
        "id": "B0JBOHMTUC",
        "name": "观音公园",
        "town": "大沥镇",
        "rev_count": 10,
        "avg_rate": 0,
        "pos_rate": 0,
        "neg_rate": 0,
        "sources": "携程"
      }
    },
    {
      "type": "Feature",
      "geometry": {
        "type": "Point",
        "coordinates": [
          113.18722,
          23.041628
        ]
      },
      "properties": {
        "id": "B0LB1AYOYQ",
        "name": "孔溪天后三元古庙",
        "town": "桂城街道",
        "rev_count": 1,
        "avg_rate": 0,
        "pos_rate": 0,
        "neg_rate": 0,
        "sources": "携程"
      }
    },
    {
      "type": "Feature",
      "geometry": {
        "type": "Point",
        "coordinates": [
          112.971329,
          22.907987
        ]
      },
      "properties": {
        "id": "B0K2XZ9QGF",
        "name": "少林寺",
        "town": "西樵镇",
        "rev_count": 2,
        "avg_rate": 4.0,
        "pos_rate": 100.0,
        "neg_rate": 0.0,
        "sources": "携程|高德"
      }
    },
    {
      "type": "Feature",
      "geometry": {
        "type": "Point",
        "coordinates": [
          112.974921,
          23.173483
        ]
      },
      "properties": {
        "id": "B02F50777S",
        "name": "邓氏纪念馆",
        "town": "狮山镇",
        "rev_count": 1,
        "avg_rate": 0,
        "pos_rate": 0,
        "neg_rate": 0,
        "sources": "携程"
      }
    },
    {
      "type": "Feature",
      "geometry": {
        "type": "Point",
        "coordinates": [
          113.14645,
          23.022247
        ]
      },
      "properties": {
        "id": "B02F501IFU",
        "name": "佛山市南海区文化馆",
        "town": "桂城街道",
        "rev_count": 14,
        "avg_rate": 0,
        "pos_rate": 0,
        "neg_rate": 0,
        "sources": "携程"
      }
    },
    {
      "type": "Feature",
      "geometry": {
        "type": "Point",
        "coordinates": [
          112.960698,
          22.934372
        ]
      },
      "properties": {
        "id": "B0HUVZ2GKT",
        "name": "樵山文化中心C区",
        "town": "西樵镇",
        "rev_count": 1,
        "avg_rate": 0,
        "pos_rate": 0,
        "neg_rate": 0,
        "sources": "携程"
      }
    },
    {
      "type": "Feature",
      "geometry": {
        "type": "Point",
        "coordinates": [
          112.995354,
          22.8425
        ]
      },
      "properties": {
        "id": "B0J0PU50KO",
        "name": "南海区工人文化宫",
        "town": "九江镇",
        "rev_count": 1,
        "avg_rate": 0,
        "pos_rate": 0,
        "neg_rate": 0,
        "sources": "携程"
      }
    },
    {
      "type": "Feature",
      "geometry": {
        "type": "Point",
        "coordinates": [
          113.000148,
          22.869621
        ]
      },
      "properties": {
        "id": "B0LD3SFR5N",
        "name": "敦根水上龙舟乐园",
        "town": "丹灶镇",
        "rev_count": 2,
        "avg_rate": 3.3,
        "pos_rate": 0.0,
        "neg_rate": 0.0,
        "sources": "携程|高德"
      }
    },
    {
      "type": "Feature",
      "geometry": {
        "type": "Point",
        "coordinates": [
          113.12736,
          23.064402
        ]
      },
      "properties": {
        "id": "B0K0HZDEYH",
        "name": "佛山钲道咏春拳馆",
        "town": "桂城街道",
        "rev_count": 1,
        "avg_rate": 0,
        "pos_rate": 0,
        "neg_rate": 0,
        "sources": "携程"
      }
    },
    {
      "type": "Feature",
      "geometry": {
        "type": "Point",
        "coordinates": [
          113.173975,
          23.159825
        ]
      },
      "properties": {
        "id": "B0J2OAKEHW",
        "name": "臻云书院",
        "town": "里水镇",
        "rev_count": 5,
        "avg_rate": 0,
        "pos_rate": 0,
        "neg_rate": 0,
        "sources": "携程"
      }
    },
    {
      "type": "Feature",
      "geometry": {
        "type": "Point",
        "coordinates": [
          113.133749,
          23.045666
        ]
      },
      "properties": {
        "id": "B02F5016ZY",
        "name": "南海广场",
        "town": "桂城街道",
        "rev_count": 11,
        "avg_rate": 0,
        "pos_rate": 0,
        "neg_rate": 0,
        "sources": "携程"
      }
    },
    {
      "type": "Feature",
      "geometry": {
        "type": "Point",
        "coordinates": [
          113.141115,
          23.024813
        ]
      },
      "properties": {
        "id": "B02F501IFU",
        "name": "南海文化馆",
        "town": "桂城街道",
        "rev_count": 14,
        "avg_rate": 0,
        "pos_rate": 0,
        "neg_rate": 0,
        "sources": "携程"
      }
    },
    {
      "type": "Feature",
      "geometry": {
        "type": "Point",
        "coordinates": [
          113.140365,
          23.025498
        ]
      },
      "properties": {
        "id": "B02F501Q4Z",
        "name": "南海文化公园(装修中)",
        "town": "桂城街道",
        "rev_count": 10,
        "avg_rate": 0,
        "pos_rate": 0,
        "neg_rate": 0,
        "sources": "携程"
      }
    },
    {
      "type": "Feature",
      "geometry": {
        "type": "Point",
        "coordinates": [
          113.117303,
          23.133995
        ]
      },
      "properties": {
        "id": "B02F503NA9",
        "name": "沥北中心公园",
        "town": "大沥镇",
        "rev_count": 10,
        "avg_rate": 0,
        "pos_rate": 0,
        "neg_rate": 0,
        "sources": "携程"
      }
    },
    {
      "type": "Feature",
      "geometry": {
        "type": "Point",
        "coordinates": [
          113.140528,
          23.04872
        ]
      },
      "properties": {
        "id": "B02F505476",
        "name": "礌岗公园(北门)",
        "town": "桂城街道",
        "rev_count": 10,
        "avg_rate": 0,
        "pos_rate": 0,
        "neg_rate": 0,
        "sources": "携程"
      }
    },
    {
      "type": "Feature",
      "geometry": {
        "type": "Point",
        "coordinates": [
          113.142081,
          23.053483
        ]
      },
      "properties": {
        "id": "B02F506TYO",
        "name": "千灯湖",
        "town": "桂城街道",
        "rev_count": 86,
        "avg_rate": 4.7,
        "pos_rate": 100.0,
        "neg_rate": 0.0,
        "sources": "携程|马蜂窝|高德"
      }
    },
    {
      "type": "Feature",
      "geometry": {
        "type": "Point",
        "coordinates": [
          112.918763,
          22.958048
        ]
      },
      "properties": {
        "id": "B02F5076FP",
        "name": "大地公园",
        "town": "西樵镇",
        "rev_count": 10,
        "avg_rate": 0,
        "pos_rate": 0,
        "neg_rate": 0,
        "sources": "携程"
      }
    },
    {
      "type": "Feature",
      "geometry": {
        "type": "Point",
        "coordinates": [
          113.144014,
          23.0226
        ]
      },
      "properties": {
        "id": "B02F5076I1",
        "name": "河岸公园",
        "town": "桂城街道",
        "rev_count": 10,
        "avg_rate": 0,
        "pos_rate": 0,
        "neg_rate": 0,
        "sources": "携程"
      }
    },
    {
      "type": "Feature",
      "geometry": {
        "type": "Point",
        "coordinates": [
          112.872731,
          22.857182
        ]
      },
      "properties": {
        "id": "B02F5076NF",
        "name": "庆云洞",
        "town": "西樵镇",
        "rev_count": 9,
        "avg_rate": 0,
        "pos_rate": 0,
        "neg_rate": 0,
        "sources": "携程"
      }
    },
    {
      "type": "Feature",
      "geometry": {
        "type": "Point",
        "coordinates": [
          112.970525,
          22.866984
        ]
      },
      "properties": {
        "id": "B02F5076NL",
        "name": "璜矶鹭鸟天堂",
        "town": "九江镇",
        "rev_count": 4,
        "avg_rate": 0,
        "pos_rate": 0,
        "neg_rate": 0,
        "sources": "携程"
      }
    },
    {
      "type": "Feature",
      "geometry": {
        "type": "Point",
        "coordinates": [
          112.899166,
          23.023716
        ]
      },
      "properties": {
        "id": "B02F5076XZ",
        "name": "康有为故居(东南门)",
        "town": "丹灶镇",
        "rev_count": 32,
        "avg_rate": 4.82,
        "pos_rate": 9.1,
        "neg_rate": 0.0,
        "sources": "携程|马蜂窝"
      }
    },
    {
      "type": "Feature",
      "geometry": {
        "type": "Point",
        "coordinates": [
          113.148213,
          23.035364
        ]
      },
      "properties": {
        "id": "B02F5077H5",
        "name": "百花时代广场(桂澜中路)",
        "town": "桂城街道",
        "rev_count": 1,
        "avg_rate": 0,
        "pos_rate": 0,
        "neg_rate": 0,
        "sources": "去哪儿"
      }
    },
    {
      "type": "Feature",
      "geometry": {
        "type": "Point",
        "coordinates": [
          113.202311,
          23.026472
        ]
      },
      "properties": {
        "id": "B02F507872",
        "name": "中心广场(玉器街)",
        "town": "桂城街道",
        "rev_count": 11,
        "avg_rate": 0,
        "pos_rate": 0,
        "neg_rate": 0,
        "sources": "携程"
      }
    },
    {
      "type": "Feature",
      "geometry": {
        "type": "Point",
        "coordinates": [
          113.204067,
          23.040045
        ]
      },
      "properties": {
        "id": "B02F5079WX",
        "name": "平洲公园(建设中)",
        "town": "桂城街道",
        "rev_count": 27,
        "avg_rate": 4.7,
        "pos_rate": 100.0,
        "neg_rate": 0.0,
        "sources": "携程|高德"
      }
    },
    {
      "type": "Feature",
      "geometry": {
        "type": "Point",
        "coordinates": [
          113.05352,
          23.232225
        ]
      },
      "properties": {
        "id": "B02F507O3B",
        "name": "南浦大桥",
        "town": "狮山镇",
        "rev_count": 1,
        "avg_rate": 0,
        "pos_rate": 0,
        "neg_rate": 0,
        "sources": "携程"
      }
    },
    {
      "type": "Feature",
      "geometry": {
        "type": "Point",
        "coordinates": [
          113.135006,
          23.075531
        ]
      },
      "properties": {
        "id": "B02F507OCG",
        "name": "桂江大桥",
        "town": "桂城街道",
        "rev_count": 10,
        "avg_rate": 0,
        "pos_rate": 0,
        "neg_rate": 0,
        "sources": "携程"
      }
    },
    {
      "type": "Feature",
      "geometry": {
        "type": "Point",
        "coordinates": [
          113.117097,
          23.114685
        ]
      },
      "properties": {
        "id": "B02F507PK8",
        "name": "大沥文化中心",
        "town": "大沥镇",
        "rev_count": 1,
        "avg_rate": 0,
        "pos_rate": 0,
        "neg_rate": 0,
        "sources": "携程"
      }
    },
    {
      "type": "Feature",
      "geometry": {
        "type": "Point",
        "coordinates": [
          112.978399,
          22.951444
        ]
      },
      "properties": {
        "id": "B02F508GP5",
        "name": "新城广场(樵金公路)",
        "town": "西樵镇",
        "rev_count": 20,
        "avg_rate": 0,
        "pos_rate": 0,
        "neg_rate": 0,
        "sources": "携程"
      }
    },
    {
      "type": "Feature",
      "geometry": {
        "type": "Point",
        "coordinates": [
          113.087208,
          23.066476
        ]
      },
      "properties": {
        "id": "B02F50UTH5",
        "name": "叶问纪念馆",
        "town": "大沥镇",
        "rev_count": 11,
        "avg_rate": 4.3,
        "pos_rate": 100.0,
        "neg_rate": 0.0,
        "sources": "携程|高德"
      }
    },
    {
      "type": "Feature",
      "geometry": {
        "type": "Point",
        "coordinates": [
          113.148941,
          23.039184
        ]
      },
      "properties": {
        "id": "B02F50VD3U",
        "name": "南海万科广场",
        "town": "桂城街道",
        "rev_count": 1,
        "avg_rate": 0,
        "pos_rate": 0,
        "neg_rate": 0,
        "sources": "去哪儿"
      }
    },
    {
      "type": "Feature",
      "geometry": {
        "type": "Point",
        "coordinates": [
          113.183553,
          23.11135
        ]
      },
      "properties": {
        "id": "B02F50WASN",
        "name": "友壹町寿司(嘉洲广场店)",
        "town": "里水镇",
        "rev_count": 1,
        "avg_rate": 0,
        "pos_rate": 0,
        "neg_rate": 0,
        "sources": "去哪儿"
      }
    },
    {
      "type": "Feature",
      "geometry": {
        "type": "Point",
        "coordinates": [
          113.128754,
          23.050932
        ]
      },
      "properties": {
        "id": "B02F50WAWE",
        "name": "萨莉亚意式餐厅(鸿大广场店)",
        "town": "桂城街道",
        "rev_count": 1,
        "avg_rate": 0,
        "pos_rate": 0,
        "neg_rate": 0,
        "sources": "去哪儿"
      }
    },
    {
      "type": "Feature",
      "geometry": {
        "type": "Point",
        "coordinates": [
          112.970179,
          22.945366
        ]
      },
      "properties": {
        "id": "B02F50WIZY",
        "name": "文明公园",
        "town": "西樵镇",
        "rev_count": 11,
        "avg_rate": 0,
        "pos_rate": 0,
        "neg_rate": 0,
        "sources": "去哪儿|携程"
      }
    },
    {
      "type": "Feature",
      "geometry": {
        "type": "Point",
        "coordinates": [
          113.037977,
          22.830689
        ]
      },
      "properties": {
        "id": "B02F50WJ2A",
        "name": "大谷公园",
        "town": "丹灶镇",
        "rev_count": 1,
        "avg_rate": 0,
        "pos_rate": 0,
        "neg_rate": 0,
        "sources": "携程"
      }
    },
    {
      "type": "Feature",
      "geometry": {
        "type": "Point",
        "coordinates": [
          112.981474,
          22.813056
        ]
      },
      "properties": {
        "id": "B02F50WYWN",
        "name": "海寿岛",
        "town": "九江镇",
        "rev_count": 3,
        "avg_rate": 0,
        "pos_rate": 0,
        "neg_rate": 0,
        "sources": "携程"
      }
    },
    {
      "type": "Feature",
      "geometry": {
        "type": "Point",
        "coordinates": [
          113.163716,
          23.198192
        ]
      },
      "properties": {
        "id": "B02F50WYZN",
        "name": "桥南村公园",
        "town": "里水镇",
        "rev_count": 2,
        "avg_rate": 0,
        "pos_rate": 0,
        "neg_rate": 0,
        "sources": "携程"
      }
    },
    {
      "type": "Feature",
      "geometry": {
        "type": "Point",
        "coordinates": [
          112.972008,
          22.932742
        ]
      },
      "properties": {
        "id": "B02F50YSSQ",
        "name": "宝峰寺",
        "town": "西樵镇",
        "rev_count": 3,
        "avg_rate": 4.4,
        "pos_rate": 100.0,
        "neg_rate": 0.0,
        "sources": "携程|高德"
      }
    },
    {
      "type": "Feature",
      "geometry": {
        "type": "Point",
        "coordinates": [
          112.915032,
          23.043338
        ]
      },
      "properties": {
        "id": "B02F511AS8",
        "name": "文化广场",
        "town": "丹灶镇",
        "rev_count": 8,
        "avg_rate": 0,
        "pos_rate": 0,
        "neg_rate": 0,
        "sources": "携程"
      }
    },
    {
      "type": "Feature",
      "geometry": {
        "type": "Point",
        "coordinates": [
          113.000248,
          23.123862
        ]
      },
      "properties": {
        "id": "B0FFF0KPN3",
        "name": "和信广场",
        "town": "狮山镇",
        "rev_count": 2,
        "avg_rate": 0,
        "pos_rate": 0,
        "neg_rate": 0,
        "sources": "去哪儿|携程"
      }
    },
    {
      "type": "Feature",
      "geometry": {
        "type": "Point",
        "coordinates": [
          113.14866,
          23.039152
        ]
      },
      "properties": {
        "id": "B0FFFEH3MR",
        "name": "东菊日本料理(南海万科广场)",
        "town": "桂城街道",
        "rev_count": 1,
        "avg_rate": 0,
        "pos_rate": 0,
        "neg_rate": 0,
        "sources": "去哪儿"
      }
    },
    {
      "type": "Feature",
      "geometry": {
        "type": "Point",
        "coordinates": [
          113.042057,
          23.076109
        ]
      },
      "properties": {
        "id": "B0FFFEOU36",
        "name": "长盈广场",
        "town": "狮山镇",
        "rev_count": 10,
        "avg_rate": 0,
        "pos_rate": 0,
        "neg_rate": 0,
        "sources": "携程"
      }
    },
    {
      "type": "Feature",
      "geometry": {
        "type": "Point",
        "coordinates": [
          113.114213,
          23.282853
        ]
      },
      "properties": {
        "id": "B0FFFEOV26",
        "name": "九龙山森林公园",
        "town": "大沥镇",
        "rev_count": 8,
        "avg_rate": 0,
        "pos_rate": 0,
        "neg_rate": 0,
        "sources": "携程"
      }
    },
    {
      "type": "Feature",
      "geometry": {
        "type": "Point",
        "coordinates": [
          113.135462,
          23.044762
        ]
      },
      "properties": {
        "id": "B0FFFFA3KD",
        "name": "星巴克(佛山悦万广场分店)",
        "town": "桂城街道",
        "rev_count": 1,
        "avg_rate": 0,
        "pos_rate": 0,
        "neg_rate": 0,
        "sources": "去哪儿"
      }
    },
    {
      "type": "Feature",
      "geometry": {
        "type": "Point",
        "coordinates": [
          113.186903,
          23.123449
        ]
      },
      "properties": {
        "id": "B0FFFH2PSL",
        "name": "黄岐公园(装修中)",
        "town": "大沥镇",
        "rev_count": 22,
        "avg_rate": 4.4,
        "pos_rate": 100.0,
        "neg_rate": 0.0,
        "sources": "携程|高德"
      }
    },
    {
      "type": "Feature",
      "geometry": {
        "type": "Point",
        "coordinates": [
          113.156667,
          23.034414
        ]
      },
      "properties": {
        "id": "B0FFFOTG30",
        "name": "彩虹桥",
        "town": "桂城街道",
        "rev_count": 1,
        "avg_rate": 0,
        "pos_rate": 0,
        "neg_rate": 0,
        "sources": "携程"
      }
    },
    {
      "type": "Feature",
      "geometry": {
        "type": "Point",
        "coordinates": [
          112.968458,
          22.911054
        ]
      },
      "properties": {
        "id": "B0FFFOVW3H",
        "name": "西樵山国艺影视城",
        "town": "西樵镇",
        "rev_count": 54,
        "avg_rate": 0,
        "pos_rate": 0,
        "neg_rate": 0,
        "sources": "去哪儿|携程|马蜂窝"
      }
    },
    {
      "type": "Feature",
      "geometry": {
        "type": "Point",
        "coordinates": [
          112.975743,
          22.932326
        ]
      },
      "properties": {
        "id": "B0FFFWH2CH",
        "name": "摩崖石刻",
        "town": "西樵镇",
        "rev_count": 1,
        "avg_rate": 0,
        "pos_rate": 0,
        "neg_rate": 0,
        "sources": "携程"
      }
    },
    {
      "type": "Feature",
      "geometry": {
        "type": "Point",
        "coordinates": [
          113.141134,
          23.117425
        ]
      },
      "properties": {
        "id": "B0FFFYPLAV",
        "name": "珑门广场",
        "town": "里水镇",
        "rev_count": 10,
        "avg_rate": 0,
        "pos_rate": 0,
        "neg_rate": 0,
        "sources": "携程"
      }
    },
    {
      "type": "Feature",
      "geometry": {
        "type": "Point",
        "coordinates": [
          113.152249,
          23.066464
        ]
      },
      "properties": {
        "id": "B0FFG0DY2E",
        "name": "万达广场佛山南海店(6号门)",
        "town": "桂城街道",
        "rev_count": 8,
        "avg_rate": 0,
        "pos_rate": 0,
        "neg_rate": 0,
        "sources": "携程"
      }
    },
    {
      "type": "Feature",
      "geometry": {
        "type": "Point",
        "coordinates": [
          113.103214,
          23.178132
        ]
      },
      "properties": {
        "id": "B0FFG0YUHE",
        "name": "南国桃园南海观音寺",
        "town": "大沥镇",
        "rev_count": 32,
        "avg_rate": 4.7,
        "pos_rate": 100.0,
        "neg_rate": 0.0,
        "sources": "去哪儿|携程|高德"
      }
    },
    {
      "type": "Feature",
      "geometry": {
        "type": "Point",
        "coordinates": [
          112.961043,
          22.933017
        ]
      },
      "properties": {
        "id": "B0FFG1QYZE",
        "name": "西樵山观光索道上站售票处",
        "town": "西樵镇",
        "rev_count": 1,
        "avg_rate": 0,
        "pos_rate": 0,
        "neg_rate": 0,
        "sources": "携程"
      }
    },
    {
      "type": "Feature",
      "geometry": {
        "type": "Point",
        "coordinates": [
          113.187454,
          23.145324
        ]
      },
      "properties": {
        "id": "B0FFG2740J",
        "name": "丰泰广场",
        "town": "大沥镇",
        "rev_count": 1,
        "avg_rate": 0,
        "pos_rate": 0,
        "neg_rate": 0,
        "sources": "携程"
      }
    },
    {
      "type": "Feature",
      "geometry": {
        "type": "Point",
        "coordinates": [
          112.959616,
          22.935719
        ]
      },
      "properties": {
        "id": "B0FFG279L5",
        "name": "坐看云起",
        "town": "西樵镇",
        "rev_count": 1,
        "avg_rate": 0,
        "pos_rate": 0,
        "neg_rate": 0,
        "sources": "携程"
      }
    },
    {
      "type": "Feature",
      "geometry": {
        "type": "Point",
        "coordinates": [
          112.973396,
          22.933479
        ]
      },
      "properties": {
        "id": "B0FFG27S29",
        "name": "舍利塔",
        "town": "西樵镇",
        "rev_count": 1,
        "avg_rate": 0,
        "pos_rate": 0,
        "neg_rate": 0,
        "sources": "携程"
      }
    },
    {
      "type": "Feature",
      "geometry": {
        "type": "Point",
        "coordinates": [
          112.971937,
          22.932516
        ]
      },
      "properties": {
        "id": "B0FFG27VUO",
        "name": "西樵山风景名胜区-南海观音文化苑",
        "town": "西樵镇",
        "rev_count": 5,
        "avg_rate": 0,
        "pos_rate": 0,
        "neg_rate": 0,
        "sources": "马蜂窝"
      }
    },
    {
      "type": "Feature",
      "geometry": {
        "type": "Point",
        "coordinates": [
          112.959465,
          22.935093
        ]
      },
      "properties": {
        "id": "B0FFG2CLW7",
        "name": "一线天",
        "town": "西樵镇",
        "rev_count": 2,
        "avg_rate": 0,
        "pos_rate": 0,
        "neg_rate": 0,
        "sources": "携程"
      }
    },
    {
      "type": "Feature",
      "geometry": {
        "type": "Point",
        "coordinates": [
          112.9608,
          23.076499
        ]
      },
      "properties": {
        "id": "B0FFG63FJW",
        "name": "广东南海金沙岛国家湿地公园",
        "town": "丹灶镇",
        "rev_count": 4,
        "avg_rate": 0,
        "pos_rate": 0,
        "neg_rate": 0,
        "sources": "携程"
      }
    },
    {
      "type": "Feature",
      "geometry": {
        "type": "Point",
        "coordinates": [
          113.164329,
          23.262175
        ]
      },
      "properties": {
        "id": "B0FFG8XPXK",
        "name": "贤鲁岛",
        "town": "里水镇",
        "rev_count": 9,
        "avg_rate": 0,
        "pos_rate": 0,
        "neg_rate": 0,
        "sources": "携程"
      }
    },
    {
      "type": "Feature",
      "geometry": {
        "type": "Point",
        "coordinates": [
          113.168936,
          22.998059
        ]
      },
      "properties": {
        "id": "B0FFGA0GMH",
        "name": "大雄宝殿",
        "town": "桂城街道",
        "rev_count": 3,
        "avg_rate": 0,
        "pos_rate": 0,
        "neg_rate": 0,
        "sources": "携程"
      }
    },
    {
      "type": "Feature",
      "geometry": {
        "type": "Point",
        "coordinates": [
          112.972714,
          22.905599
        ]
      },
      "properties": {
        "id": "B0FFGA63MT",
        "name": "渔耕粤韵文化旅游园",
        "town": "西樵镇",
        "rev_count": 10,
        "avg_rate": 0,
        "pos_rate": 0,
        "neg_rate": 0,
        "sources": "携程"
      }
    },
    {
      "type": "Feature",
      "geometry": {
        "type": "Point",
        "coordinates": [
          113.181442,
          23.15507
        ]
      },
      "properties": {
        "id": "B0FFGLP8I8",
        "name": "假日广场",
        "town": "里水镇",
        "rev_count": 1,
        "avg_rate": 0,
        "pos_rate": 0,
        "neg_rate": 0,
        "sources": "携程"
      }
    },
    {
      "type": "Feature",
      "geometry": {
        "type": "Point",
        "coordinates": [
          112.876556,
          23.057729
        ]
      },
      "properties": {
        "id": "B0FFGM4O2F",
        "name": "仙湖度假区",
        "town": "狮山镇",
        "rev_count": 10,
        "avg_rate": 0,
        "pos_rate": 0,
        "neg_rate": 0,
        "sources": "携程"
      }
    },
    {
      "type": "Feature",
      "geometry": {
        "type": "Point",
        "coordinates": [
          113.101089,
          23.190305
        ]
      },
      "properties": {
        "id": "B0FFGQ1NQM",
        "name": "水上游船",
        "town": "大沥镇",
        "rev_count": 1,
        "avg_rate": 0,
        "pos_rate": 0,
        "neg_rate": 0,
        "sources": "携程"
      }
    },
    {
      "type": "Feature",
      "geometry": {
        "type": "Point",
        "coordinates": [
          113.164822,
          23.114716
        ]
      },
      "properties": {
        "id": "B0FFGVNGR6",
        "name": "东门公园",
        "town": "大沥镇",
        "rev_count": 10,
        "avg_rate": 0,
        "pos_rate": 0,
        "neg_rate": 0,
        "sources": "携程"
      }
    },
    {
      "type": "Feature",
      "geometry": {
        "type": "Point",
        "coordinates": [
          113.172379,
          23.178939
        ]
      },
      "properties": {
        "id": "B0FFH22EBA",
        "name": "南海花卉博览园",
        "town": "里水镇",
        "rev_count": 2,
        "avg_rate": 0,
        "pos_rate": 0,
        "neg_rate": 0,
        "sources": "携程"
      }
    },
    {
      "type": "Feature",
      "geometry": {
        "type": "Point",
        "coordinates": [
          113.142098,
          23.03776
        ]
      },
      "properties": {
        "id": "B0FFH2DI8F",
        "name": "南园",
        "town": "桂城街道",
        "rev_count": 1,
        "avg_rate": 0,
        "pos_rate": 0,
        "neg_rate": 0,
        "sources": "携程"
      }
    },
    {
      "type": "Feature",
      "geometry": {
        "type": "Point",
        "coordinates": [
          113.108977,
          23.150114
        ]
      },
      "properties": {
        "id": "B0FFH3XV4E",
        "name": "周氏大宗祠",
        "town": "大沥镇",
        "rev_count": 2,
        "avg_rate": 0,
        "pos_rate": 0,
        "neg_rate": 0,
        "sources": "携程"
      }
    },
    {
      "type": "Feature",
      "geometry": {
        "type": "Point",
        "coordinates": [
          113.11042,
          23.102386
        ]
      },
      "properties": {
        "id": "B0FFH42L7V",
        "name": "铁村牌坊",
        "town": "大沥镇",
        "rev_count": 1,
        "avg_rate": 0,
        "pos_rate": 0,
        "neg_rate": 0,
        "sources": "携程"
      }
    },
    {
      "type": "Feature",
      "geometry": {
        "type": "Point",
        "coordinates": [
          113.194021,
          23.186435
        ]
      },
      "properties": {
        "id": "B0FFH49S2C",
        "name": "玉虚宫",
        "town": "里水镇",
        "rev_count": 10,
        "avg_rate": 0,
        "pos_rate": 0,
        "neg_rate": 0,
        "sources": "携程"
      }
    },
    {
      "type": "Feature",
      "geometry": {
        "type": "Point",
        "coordinates": [
          113.000804,
          22.825513
        ]
      },
      "properties": {
        "id": "B0FFH989SN",
        "name": "九江镇望海观音寺",
        "town": "九江镇",
        "rev_count": 2,
        "avg_rate": 0,
        "pos_rate": 0,
        "neg_rate": 0,
        "sources": "携程"
      }
    },
    {
      "type": "Feature",
      "geometry": {
        "type": "Point",
        "coordinates": [
          112.958687,
          22.936283
        ]
      },
      "properties": {
        "id": "B0FFHHJ5YR",
        "name": "枫林白塔",
        "town": "西樵镇",
        "rev_count": 1,
        "avg_rate": 0,
        "pos_rate": 0,
        "neg_rate": 0,
        "sources": "去哪儿"
      }
    },
    {
      "type": "Feature",
      "geometry": {
        "type": "Point",
        "coordinates": [
          112.965024,
          22.932507
        ]
      },
      "properties": {
        "id": "B0FFHJ45NL",
        "name": "西樵山风景名胜区-天湖公园",
        "town": "西樵镇",
        "rev_count": 72,
        "avg_rate": 4.2,
        "pos_rate": 100.0,
        "neg_rate": 0.0,
        "sources": "去哪儿|携程|马蜂窝|高德"
      }
    },
    {
      "type": "Feature",
      "geometry": {
        "type": "Point",
        "coordinates": [
          113.208135,
          23.028847
        ]
      },
      "properties": {
        "id": "B0FFHOG7YC",
        "name": "新石村公园",
        "town": "桂城街道",
        "rev_count": 4,
        "avg_rate": 0,
        "pos_rate": 0,
        "neg_rate": 0,
        "sources": "携程"
      }
    },
    {
      "type": "Feature",
      "geometry": {
        "type": "Point",
        "coordinates": [
          113.153661,
          23.066243
        ]
      },
      "properties": {
        "id": "B0FFHSYNVK",
        "name": "百果园(万达广场店)",
        "town": "桂城街道",
        "rev_count": 1,
        "avg_rate": 0,
        "pos_rate": 0,
        "neg_rate": 0,
        "sources": "携程"
      }
    },
    {
      "type": "Feature",
      "geometry": {
        "type": "Point",
        "coordinates": [
          113.151948,
          23.199882
        ]
      },
      "properties": {
        "id": "B0FFHU71SQ",
        "name": "老爷车(新天地广场)",
        "town": "里水镇",
        "rev_count": 1,
        "avg_rate": 0,
        "pos_rate": 0,
        "neg_rate": 0,
        "sources": "携程"
      }
    },
    {
      "type": "Feature",
      "geometry": {
        "type": "Point",
        "coordinates": [
          113.130876,
          23.111794
        ]
      },
      "properties": {
        "id": "B0FFHW9FTS",
        "name": "荔庄公园",
        "town": "里水镇",
        "rev_count": 7,
        "avg_rate": 0,
        "pos_rate": 0,
        "neg_rate": 0,
        "sources": "携程"
      }
    },
    {
      "type": "Feature",
      "geometry": {
        "type": "Point",
        "coordinates": [
          112.932082,
          23.051207
        ]
      },
      "properties": {
        "id": "B0FFI30V9U",
        "name": "翰林湖农业公园",
        "town": "狮山镇",
        "rev_count": 10,
        "avg_rate": 0,
        "pos_rate": 0,
        "neg_rate": 0,
        "sources": "携程"
      }
    },
    {
      "type": "Feature",
      "geometry": {
        "type": "Point",
        "coordinates": [
          113.183762,
          23.111019
        ]
      },
      "properties": {
        "id": "B0FFI918H0",
        "name": "卡多多卡朋西餐(嘉洲广场)",
        "town": "大沥镇",
        "rev_count": 1,
        "avg_rate": 0,
        "pos_rate": 0,
        "neg_rate": 0,
        "sources": "去哪儿"
      }
    },
    {
      "type": "Feature",
      "geometry": {
        "type": "Point",
        "coordinates": [
          113.234888,
          23.007979
        ]
      },
      "properties": {
        "id": "B0FFIFHDRB",
        "name": "三山花海乐田",
        "town": "桂城街道",
        "rev_count": 1,
        "avg_rate": 0,
        "pos_rate": 0,
        "neg_rate": 0,
        "sources": "携程"
      }
    },
    {
      "type": "Feature",
      "geometry": {
        "type": "Point",
        "coordinates": [
          112.877046,
          23.057401
        ]
      },
      "properties": {
        "id": "B0FFIJSJRK",
        "name": "欢乐沙滩",
        "town": "丹灶镇",
        "rev_count": 1,
        "avg_rate": 0,
        "pos_rate": 0,
        "neg_rate": 0,
        "sources": "携程"
      }
    },
    {
      "type": "Feature",
      "geometry": {
        "type": "Point",
        "coordinates": [
          113.140513,
          23.052291
        ]
      },
      "properties": {
        "id": "B0FFIR4D6W",
        "name": "大观博物馆",
        "town": "桂城街道",
        "rev_count": 10,
        "avg_rate": 0,
        "pos_rate": 0,
        "neg_rate": 0,
        "sources": "携程"
      }
    },
    {
      "type": "Feature",
      "geometry": {
        "type": "Point",
        "coordinates": [
          113.095731,
          23.216114
        ]
      },
      "properties": {
        "id": "B0FFIWP83J",
        "name": "星湖公园",
        "town": "里水镇",
        "rev_count": 10,
        "avg_rate": 0,
        "pos_rate": 0,
        "neg_rate": 0,
        "sources": "携程"
      }
    },
    {
      "type": "Feature",
      "geometry": {
        "type": "Point",
        "coordinates": [
          113.099865,
          23.189166
        ]
      },
      "properties": {
        "id": "B0FFIWPSPF",
        "name": "桃花湖",
        "town": "大沥镇",
        "rev_count": 10,
        "avg_rate": 0,
        "pos_rate": 0,
        "neg_rate": 0,
        "sources": "携程"
      }
    },
    {
      "type": "Feature",
      "geometry": {
        "type": "Point",
        "coordinates": [
          112.981263,
          23.090689
        ]
      },
      "properties": {
        "id": "B0FFIXTC81",
        "name": "升平广场",
        "town": "狮山镇",
        "rev_count": 10,
        "avg_rate": 0,
        "pos_rate": 0,
        "neg_rate": 0,
        "sources": "携程"
      }
    },
    {
      "type": "Feature",
      "geometry": {
        "type": "Point",
        "coordinates": [
          113.000758,
          23.123628
        ]
      },
      "properties": {
        "id": "B0FFJ29U41",
        "name": "咚咚欢乐世界(和信广场店)",
        "town": "狮山镇",
        "rev_count": 8,
        "avg_rate": 0,
        "pos_rate": 0,
        "neg_rate": 0,
        "sources": "携程"
      }
    },
    {
      "type": "Feature",
      "geometry": {
        "type": "Point",
        "coordinates": [
          113.157412,
          23.193834
        ]
      },
      "properties": {
        "id": "B0FFJ2UYP8",
        "name": "梦里水乡景区",
        "town": "里水镇",
        "rev_count": 2,
        "avg_rate": 0,
        "pos_rate": 0,
        "neg_rate": 0,
        "sources": "携程"
      }
    },
    {
      "type": "Feature",
      "geometry": {
        "type": "Point",
        "coordinates": [
          113.191851,
          23.142615
        ]
      },
      "properties": {
        "id": "B0FFJCCB1L",
        "name": "嘉乐奇儿童乐园(万达广场金沙洲店)",
        "town": "里水镇",
        "rev_count": 1,
        "avg_rate": 0,
        "pos_rate": 0,
        "neg_rate": 0,
        "sources": "携程"
      }
    },
    {
      "type": "Feature",
      "geometry": {
        "type": "Point",
        "coordinates": [
          112.9574,
          22.941651
        ]
      },
      "properties": {
        "id": "B0FFKFVAG9",
        "name": "观心美术馆",
        "town": "西樵镇",
        "rev_count": 1,
        "avg_rate": 0,
        "pos_rate": 0,
        "neg_rate": 0,
        "sources": "携程"
      }
    },
    {
      "type": "Feature",
      "geometry": {
        "type": "Point",
        "coordinates": [
          112.97084,
          22.910117
        ]
      },
      "properties": {
        "id": "B0FFKJD696",
        "name": "西樵黄大仙祠",
        "town": "西樵镇",
        "rev_count": 34,
        "avg_rate": 0,
        "pos_rate": 0,
        "neg_rate": 0,
        "sources": "携程|马蜂窝"
      }
    },
    {
      "type": "Feature",
      "geometry": {
        "type": "Point",
        "coordinates": [
          112.92976,
          22.97407
        ]
      },
      "properties": {
        "id": "B0FFKM9807",
        "name": "南海西樵香云纱博物馆",
        "town": "西樵镇",
        "rev_count": 11,
        "avg_rate": 0,
        "pos_rate": 0,
        "neg_rate": 0,
        "sources": "去哪儿|携程"
      }
    },
    {
      "type": "Feature",
      "geometry": {
        "type": "Point",
        "coordinates": [
          113.20041,
          23.178178
        ]
      },
      "properties": {
        "id": "B0FFKTPRMN",
        "name": "E.LAND(广百广场店)",
        "town": "里水镇",
        "rev_count": 1,
        "avg_rate": 0,
        "pos_rate": 0,
        "neg_rate": 0,
        "sources": "携程"
      }
    },
    {
      "type": "Feature",
      "geometry": {
        "type": "Point",
        "coordinates": [
          112.983125,
          23.206637
        ]
      },
      "properties": {
        "id": "B0FFKV9JH8",
        "name": "深井烧鹅(兴业广场店)",
        "town": "狮山镇",
        "rev_count": 1,
        "avg_rate": 0,
        "pos_rate": 0,
        "neg_rate": 0,
        "sources": "携程"
      }
    },
    {
      "type": "Feature",
      "geometry": {
        "type": "Point",
        "coordinates": [
          112.969425,
          22.951259
        ]
      },
      "properties": {
        "id": "B0FFKVTCM4",
        "name": "民强公园",
        "town": "西樵镇",
        "rev_count": 20,
        "avg_rate": 0,
        "pos_rate": 0,
        "neg_rate": 0,
        "sources": "携程"
      }
    },
    {
      "type": "Feature",
      "geometry": {
        "type": "Point",
        "coordinates": [
          113.189573,
          23.186743
        ]
      },
      "properties": {
        "id": "B0FFL0YCL2",
        "name": "天空之城城堡探险(永润广场里广新城店)",
        "town": "里水镇",
        "rev_count": 1,
        "avg_rate": 0,
        "pos_rate": 0,
        "neg_rate": 0,
        "sources": "携程"
      }
    },
    {
      "type": "Feature",
      "geometry": {
        "type": "Point",
        "coordinates": [
          113.169373,
          23.113815
        ]
      },
      "properties": {
        "id": "B0FFL92KWP",
        "name": "水月宫",
        "town": "里水镇",
        "rev_count": 3,
        "avg_rate": 0,
        "pos_rate": 0,
        "neg_rate": 0,
        "sources": "携程"
      }
    },
    {
      "type": "Feature",
      "geometry": {
        "type": "Point",
        "coordinates": [
          113.145114,
          23.27042
        ]
      },
      "properties": {
        "id": "B0FFMAKG02",
        "name": "爱情公园",
        "town": "里水镇",
        "rev_count": 1,
        "avg_rate": 0,
        "pos_rate": 0,
        "neg_rate": 0,
        "sources": "携程"
      }
    },
    {
      "type": "Feature",
      "geometry": {
        "type": "Point",
        "coordinates": [
          113.064585,
          23.224563
        ]
      },
      "properties": {
        "id": "B0FFMB0M81",
        "name": "陈氏祠堂",
        "town": "狮山镇",
        "rev_count": 1,
        "avg_rate": 0,
        "pos_rate": 0,
        "neg_rate": 0,
        "sources": "携程"
      }
    },
    {
      "type": "Feature",
      "geometry": {
        "type": "Point",
        "coordinates": [
          112.941724,
          23.063852
        ]
      },
      "properties": {
        "id": "B0FFMD6Z0S",
        "name": "熊熊儿童乐园(佳盛购物广场店)",
        "town": "丹灶镇",
        "rev_count": 1,
        "avg_rate": 0,
        "pos_rate": 0,
        "neg_rate": 0,
        "sources": "携程"
      }
    },
    {
      "type": "Feature",
      "geometry": {
        "type": "Point",
        "coordinates": [
          113.049459,
          23.063933
        ]
      },
      "properties": {
        "id": "B0G064KRPW",
        "name": "华莱士(罗村中心广场店)",
        "town": "狮山镇",
        "rev_count": 1,
        "avg_rate": 0,
        "pos_rate": 0,
        "neg_rate": 0,
        "sources": "去哪儿"
      }
    },
    {
      "type": "Feature",
      "geometry": {
        "type": "Point",
        "coordinates": [
          113.200128,
          23.03062
        ]
      },
      "properties": {
        "id": "B0G0M9NJBX",
        "name": "平洲玉器街景区游客中心",
        "town": "桂城街道",
        "rev_count": 10,
        "avg_rate": 0,
        "pos_rate": 0,
        "neg_rate": 0,
        "sources": "携程"
      }
    },
    {
      "type": "Feature",
      "geometry": {
        "type": "Point",
        "coordinates": [
          112.971355,
          22.926396
        ]
      },
      "properties": {
        "id": "B0G1DAE4LO",
        "name": "西樵山国家地质公园",
        "town": "西樵镇",
        "rev_count": 6,
        "avg_rate": 0,
        "pos_rate": 0,
        "neg_rate": 0,
        "sources": "携程"
      }
    },
    {
      "type": "Feature",
      "geometry": {
        "type": "Point",
        "coordinates": [
          113.160022,
          23.016228
        ]
      },
      "properties": {
        "id": "B0GR6O2TKA",
        "name": "顺联公园里季华东店(3号门)",
        "town": "桂城街道",
        "rev_count": 1,
        "avg_rate": 0,
        "pos_rate": 0,
        "neg_rate": 0,
        "sources": "携程"
      }
    },
    {
      "type": "Feature",
      "geometry": {
        "type": "Point",
        "coordinates": [
          113.1528,
          23.047808
        ]
      },
      "properties": {
        "id": "B0H1HUSCW7",
        "name": "创客公园",
        "town": "桂城街道",
        "rev_count": 10,
        "avg_rate": 0,
        "pos_rate": 0,
        "neg_rate": 0,
        "sources": "携程"
      }
    },
    {
      "type": "Feature",
      "geometry": {
        "type": "Point",
        "coordinates": [
          112.961845,
          23.08438
        ]
      },
      "properties": {
        "id": "B0H1KD15OJ",
        "name": "碰碰车",
        "town": "丹灶镇",
        "rev_count": 5,
        "avg_rate": 0,
        "pos_rate": 0,
        "neg_rate": 0,
        "sources": "携程"
      }
    },
    {
      "type": "Feature",
      "geometry": {
        "type": "Point",
        "coordinates": [
          113.148603,
          23.049565
        ]
      },
      "properties": {
        "id": "B0H3DCT29A",
        "name": "东门广场",
        "town": "桂城街道",
        "rev_count": 10,
        "avg_rate": 0,
        "pos_rate": 0,
        "neg_rate": 0,
        "sources": "携程"
      }
    },
    {
      "type": "Feature",
      "geometry": {
        "type": "Point",
        "coordinates": [
          113.141417,
          23.069187
        ]
      },
      "properties": {
        "id": "B0H3J785A0",
        "name": "山顶广场",
        "town": "桂城街道",
        "rev_count": 10,
        "avg_rate": 0,
        "pos_rate": 0,
        "neg_rate": 0,
        "sources": "携程"
      }
    },
    {
      "type": "Feature",
      "geometry": {
        "type": "Point",
        "coordinates": [
          112.938167,
          22.981387
        ]
      },
      "properties": {
        "id": "B0H62CZH3V",
        "name": "天后宫",
        "town": "丹灶镇",
        "rev_count": 11,
        "avg_rate": 0,
        "pos_rate": 0,
        "neg_rate": 0,
        "sources": "携程"
      }
    },
    {
      "type": "Feature",
      "geometry": {
        "type": "Point",
        "coordinates": [
          113.098472,
          23.187238
        ]
      },
      "properties": {
        "id": "B0HBG7DUXD",
        "name": "岭南田园印象",
        "town": "大沥镇",
        "rev_count": 10,
        "avg_rate": 0,
        "pos_rate": 0,
        "neg_rate": 0,
        "sources": "携程"
      }
    },
    {
      "type": "Feature",
      "geometry": {
        "type": "Point",
        "coordinates": [
          112.984615,
          23.130036
        ]
      },
      "properties": {
        "id": "B0HBR57B8T",
        "name": "博爱湖公园北区",
        "town": "狮山镇",
        "rev_count": 2,
        "avg_rate": 0,
        "pos_rate": 0,
        "neg_rate": 0,
        "sources": "携程"
      }
    },
    {
      "type": "Feature",
      "geometry": {
        "type": "Point",
        "coordinates": [
          112.968474,
          22.908336
        ]
      },
      "properties": {
        "id": "B0HDGHN847",
        "name": "渔耕码头(暂停营业)",
        "town": "西樵镇",
        "rev_count": 1,
        "avg_rate": 0,
        "pos_rate": 0,
        "neg_rate": 0,
        "sources": "携程"
      }
    },
    {
      "type": "Feature",
      "geometry": {
        "type": "Point",
        "coordinates": [
          112.907543,
          22.988147
        ]
      },
      "properties": {
        "id": "B0HG2U0KTA",
        "name": "铁军公园",
        "town": "西樵镇",
        "rev_count": 2,
        "avg_rate": 0,
        "pos_rate": 0,
        "neg_rate": 0,
        "sources": "携程"
      }
    },
    {
      "type": "Feature",
      "geometry": {
        "type": "Point",
        "coordinates": [
          113.233225,
          23.019568
        ]
      },
      "properties": {
        "id": "B0HKO5IJHF",
        "name": "阳光沙滩",
        "town": "桂城街道",
        "rev_count": 2,
        "avg_rate": 0,
        "pos_rate": 0,
        "neg_rate": 0,
        "sources": "携程"
      }
    },
    {
      "type": "Feature",
      "geometry": {
        "type": "Point",
        "coordinates": [
          113.005548,
          22.848963
        ]
      },
      "properties": {
        "id": "B0HKVN69YX",
        "name": "柏美酒店(佛山九江科技园信基广场店)",
        "town": "九江镇",
        "rev_count": 7,
        "avg_rate": 0,
        "pos_rate": 0,
        "neg_rate": 0,
        "sources": "去哪儿"
      }
    },
    {
      "type": "Feature",
      "geometry": {
        "type": "Point",
        "coordinates": [
          113.153123,
          23.066107
        ]
      },
      "properties": {
        "id": "B0HR0GRI5A",
        "name": "顺德菜(万达广场佛山南海店D座店)",
        "town": "桂城街道",
        "rev_count": 1,
        "avg_rate": 0,
        "pos_rate": 0,
        "neg_rate": 0,
        "sources": "去哪儿"
      }
    },
    {
      "type": "Feature",
      "geometry": {
        "type": "Point",
        "coordinates": [
          113.107153,
          23.191514
        ]
      },
      "properties": {
        "id": "B0HR0MT89C",
        "name": "中央广播电视总台南海影视城(北3门)",
        "town": "狮山镇",
        "rev_count": 4,
        "avg_rate": 0,
        "pos_rate": 0,
        "neg_rate": 0,
        "sources": "携程"
      }
    },
    {
      "type": "Feature",
      "geometry": {
        "type": "Point",
        "coordinates": [
          113.144661,
          23.056359
        ]
      },
      "properties": {
        "id": "B0HR9Z7IJO",
        "name": "佛山南海富力广场",
        "town": "桂城街道",
        "rev_count": 1,
        "avg_rate": 0,
        "pos_rate": 0,
        "neg_rate": 0,
        "sources": "携程"
      }
    },
    {
      "type": "Feature",
      "geometry": {
        "type": "Point",
        "coordinates": [
          113.129113,
          23.050898
        ]
      },
      "properties": {
        "id": "B0HRCONHXW",
        "name": "大润发家电区(鸿大广场店)",
        "town": "桂城街道",
        "rev_count": 2,
        "avg_rate": 0,
        "pos_rate": 0,
        "neg_rate": 0,
        "sources": "去哪儿"
      }
    },
    {
      "type": "Feature",
      "geometry": {
        "type": "Point",
        "coordinates": [
          113.140758,
          23.055269
        ]
      },
      "properties": {
        "id": "B0HRVR1I92",
        "name": "千灯湖公园-南区",
        "town": "桂城街道",
        "rev_count": 2,
        "avg_rate": 0,
        "pos_rate": 0,
        "neg_rate": 0,
        "sources": "携程"
      }
    },
    {
      "type": "Feature",
      "geometry": {
        "type": "Point",
        "coordinates": [
          113.19694,
          23.143019
        ]
      },
      "properties": {
        "id": "B0HRXAP2A1",
        "name": "蓝山小镇(国昌广场店)",
        "town": "大沥镇",
        "rev_count": 7,
        "avg_rate": 0,
        "pos_rate": 0,
        "neg_rate": 0,
        "sources": "携程"
      }
    },
    {
      "type": "Feature",
      "geometry": {
        "type": "Point",
        "coordinates": [
          112.953945,
          22.93661
        ]
      },
      "properties": {
        "id": "B0HUVZ29A5",
        "name": "樵山文化中心A区",
        "town": "西樵镇",
        "rev_count": 1,
        "avg_rate": 0,
        "pos_rate": 0,
        "neg_rate": 0,
        "sources": "携程"
      }
    },
    {
      "type": "Feature",
      "geometry": {
        "type": "Point",
        "coordinates": [
          113.076624,
          23.136116
        ]
      },
      "properties": {
        "id": "B0I6CUNDAX",
        "name": "人和村公园",
        "town": "大沥镇",
        "rev_count": 1,
        "avg_rate": 0,
        "pos_rate": 0,
        "neg_rate": 0,
        "sources": "携程"
      }
    },
    {
      "type": "Feature",
      "geometry": {
        "type": "Point",
        "coordinates": [
          113.242024,
          23.003347
        ]
      },
      "properties": {
        "id": "BV10255484",
        "name": "海怡大桥(公交站)",
        "town": "桂城街道",
        "rev_count": 10,
        "avg_rate": 0,
        "pos_rate": 0,
        "neg_rate": 0,
        "sources": "携程"
      }
    },
    {
      "type": "Feature",
      "geometry": {
        "type": "Point",
        "coordinates": [
          113.218029,
          23.035108
        ]
      },
      "properties": {
        "id": "BV10255864",
        "name": "三山郊野公园(公交站)",
        "town": "桂城街道",
        "rev_count": 10,
        "avg_rate": 0,
        "pos_rate": 0,
        "neg_rate": 0,
        "sources": "携程"
      }
    },
    {
      "type": "Feature",
      "geometry": {
        "type": "Point",
        "coordinates": [
          112.886999,
          23.106019
        ]
      },
      "properties": {
        "id": "BV10394309",
        "name": "心溪牌坊(公交站)",
        "town": "狮山镇",
        "rev_count": 10,
        "avg_rate": 0,
        "pos_rate": 0,
        "neg_rate": 0,
        "sources": "携程"
      }
    },
    {
      "type": "Feature",
      "geometry": {
        "type": "Point",
        "coordinates": [
          113.201299,
          23.177353
        ]
      },
      "properties": {
        "id": "BV10609010",
        "name": "浔峰山公园(公交站)",
        "town": "里水镇",
        "rev_count": 23,
        "avg_rate": 0,
        "pos_rate": 0,
        "neg_rate": 0,
        "sources": "去哪儿|携程"
      }
    },
    {
      "type": "Feature",
      "geometry": {
        "type": "Point",
        "coordinates": [
          113.141459,
          23.070258
        ]
      },
      "properties": {
        "id": "BV11350549",
        "name": "体育公园(公交站)",
        "town": "桂城街道",
        "rev_count": 11,
        "avg_rate": 0,
        "pos_rate": 0,
        "neg_rate": 0,
        "sources": "携程"
      }
    },
    {
      "type": "Feature",
      "geometry": {
        "type": "Point",
        "coordinates": [
          113.176837,
          23.055906
        ]
      },
      "properties": {
        "id": "BV11540171",
        "name": "荷花广场(公交站)",
        "town": "桂城街道",
        "rev_count": 10,
        "avg_rate": 0,
        "pos_rate": 0,
        "neg_rate": 0,
        "sources": "携程"
      }
    },
    {
      "type": "Feature",
      "geometry": {
        "type": "Point",
        "coordinates": [
          112.968255,
          22.921958
        ]
      },
      "properties": {
        "id": "B0FFG27DFD",
        "name": "蝴蝶谷",
        "town": "西樵镇",
        "rev_count": 11,
        "avg_rate": 0,
        "pos_rate": 0,
        "neg_rate": 0,
        "sources": "携程"
      }
    },
    {
      "type": "Feature",
      "geometry": {
        "type": "Point",
        "coordinates": [
          112.983544,
          22.838289
        ]
      },
      "properties": {
        "id": "B0G23ABBRG",
        "name": "摩天轮",
        "town": "丹灶镇",
        "rev_count": 11,
        "avg_rate": 0,
        "pos_rate": 0,
        "neg_rate": 0,
        "sources": "携程"
      }
    },
    {
      "type": "Feature",
      "geometry": {
        "type": "Point",
        "coordinates": [
          113.200716,
          23.177677
        ]
      },
      "properties": {
        "id": "B0FFIN9PEU",
        "name": "珠江钢琴(广百广场店)",
        "town": "里水镇",
        "rev_count": 1,
        "avg_rate": 0,
        "pos_rate": 0,
        "neg_rate": 0,
        "sources": "携程"
      }
    },
    {
      "type": "Feature",
      "geometry": {
        "type": "Point",
        "coordinates": [
          113.163582,
          23.092553
        ]
      },
      "properties": {
        "id": "B0FFGB50JA",
        "name": "盐步老龙",
        "town": "大沥镇",
        "rev_count": 1,
        "avg_rate": 0,
        "pos_rate": 0,
        "neg_rate": 0,
        "sources": "携程"
      }
    },
    {
      "type": "Feature",
      "geometry": {
        "type": "Point",
        "coordinates": [
          112.966649,
          22.927681
        ]
      },
      "properties": {
        "id": "B0HBKXUTS0",
        "name": "滴水岩",
        "town": "西樵镇",
        "rev_count": 10,
        "avg_rate": 0,
        "pos_rate": 0,
        "neg_rate": 0,
        "sources": "携程"
      }
    },
    {
      "type": "Feature",
      "geometry": {
        "type": "Point",
        "coordinates": [
          113.136965,
          23.096488
        ]
      },
      "properties": {
        "id": "B0FFF4DRLA",
        "name": "华亚广场",
        "town": "里水镇",
        "rev_count": 10,
        "avg_rate": 0,
        "pos_rate": 0,
        "neg_rate": 0,
        "sources": "携程"
      }
    },
    {
      "type": "Feature",
      "geometry": {
        "type": "Point",
        "coordinates": [
          112.919831,
          23.118402
        ]
      },
      "properties": {
        "id": "B0FFKRLPY7",
        "name": "考拉(福通联沙商业广场店)",
        "town": "丹灶镇",
        "rev_count": 10,
        "avg_rate": 0,
        "pos_rate": 0,
        "neg_rate": 0,
        "sources": "携程"
      }
    },
    {
      "type": "Feature",
      "geometry": {
        "type": "Point",
        "coordinates": [
          112.929997,
          23.049581
        ]
      },
      "properties": {
        "id": "B0FFKCIQYL",
        "name": "沙水古村落",
        "town": "丹灶镇",
        "rev_count": 2,
        "avg_rate": 0,
        "pos_rate": 0,
        "neg_rate": 0,
        "sources": "携程"
      }
    },
    {
      "type": "Feature",
      "geometry": {
        "type": "Point",
        "coordinates": [
          112.97889,
          22.920693
        ]
      },
      "properties": {
        "id": "B0FFG250M9",
        "name": "石燕岩-休息亭",
        "town": "西樵镇",
        "rev_count": 5,
        "avg_rate": 0,
        "pos_rate": 0,
        "neg_rate": 0,
        "sources": "携程"
      }
    },
    {
      "type": "Feature",
      "geometry": {
        "type": "Point",
        "coordinates": [
          113.096329,
          23.141043
        ]
      },
      "properties": {
        "id": "B0FFJEQYNF",
        "name": "贝儿健儿童成长主题乐园(源富广场店)",
        "town": "狮山镇",
        "rev_count": 2,
        "avg_rate": 0,
        "pos_rate": 0,
        "neg_rate": 0,
        "sources": "携程"
      }
    },
    {
      "type": "Feature",
      "geometry": {
        "type": "Point",
        "coordinates": [
          112.96052,
          22.935791
        ]
      },
      "properties": {
        "id": "B0HR4SYSLR",
        "name": "云泉仙馆(暂停营业)",
        "town": "西樵镇",
        "rev_count": 10,
        "avg_rate": 0,
        "pos_rate": 0,
        "neg_rate": 0,
        "sources": "携程"
      }
    },
    {
      "type": "Feature",
      "geometry": {
        "type": "Point",
        "coordinates": [
          113.102843,
          23.188455
        ]
      },
      "properties": {
        "id": "B0FFFAMBP4",
        "name": "东王府",
        "town": "大沥镇",
        "rev_count": 1,
        "avg_rate": 0,
        "pos_rate": 0,
        "neg_rate": 0,
        "sources": "携程"
      }
    },
    {
      "type": "Feature",
      "geometry": {
        "type": "Point",
        "coordinates": [
          112.977584,
          23.092932
        ]
      },
      "properties": {
        "id": "B02F50URGB",
        "name": "狮山镇文化站",
        "town": "狮山镇",
        "rev_count": 4,
        "avg_rate": 0,
        "pos_rate": 0,
        "neg_rate": 0,
        "sources": "携程"
      }
    },
    {
      "type": "Feature",
      "geometry": {
        "type": "Point",
        "coordinates": [
          112.979454,
          22.938499
        ]
      },
      "properties": {
        "id": "B0FFF365DR",
        "name": "碧玉洞",
        "town": "西樵镇",
        "rev_count": 10,
        "avg_rate": 0,
        "pos_rate": 0,
        "neg_rate": 0,
        "sources": "携程"
      }
    },
    {
      "type": "Feature",
      "geometry": {
        "type": "Point",
        "coordinates": [
          113.133995,
          23.045955
        ]
      },
      "properties": {
        "id": "B0FFFFGQMF",
        "name": "樱花(南海广场店)",
        "town": "桂城街道",
        "rev_count": 3,
        "avg_rate": 0,
        "pos_rate": 0,
        "neg_rate": 0,
        "sources": "携程"
      }
    },
    {
      "type": "Feature",
      "geometry": {
        "type": "Point",
        "coordinates": [
          113.129768,
          23.251772
        ]
      },
      "properties": {
        "id": "B0FFHQSORI",
        "name": "杏记甜品(万福城商业广场店)",
        "town": "里水镇",
        "rev_count": 1,
        "avg_rate": 0,
        "pos_rate": 0,
        "neg_rate": 0,
        "sources": "去哪儿"
      }
    },
    {
      "type": "Feature",
      "geometry": {
        "type": "Point",
        "coordinates": [
          113.150072,
          23.011155
        ]
      },
      "properties": {
        "id": "B02F5076F6",
        "name": "石啃公园",
        "town": "桂城街道",
        "rev_count": 11,
        "avg_rate": 0,
        "pos_rate": 0,
        "neg_rate": 0,
        "sources": "去哪儿|携程"
      }
    },
    {
      "type": "Feature",
      "geometry": {
        "type": "Point",
        "coordinates": [
          113.14225,
          23.153776
        ]
      },
      "properties": {
        "id": "B0G3HL6JFL",
        "name": "展旗楼",
        "town": "里水镇",
        "rev_count": 1,
        "avg_rate": 0,
        "pos_rate": 0,
        "neg_rate": 0,
        "sources": "携程"
      }
    },
    {
      "type": "Feature",
      "geometry": {
        "type": "Point",
        "coordinates": [
          112.883762,
          22.931783
        ]
      },
      "properties": {
        "id": "B0FFIJWP9Y",
        "name": "西樵平沙岛-廷俊李公祠",
        "town": "西樵镇",
        "rev_count": 51,
        "avg_rate": 0,
        "pos_rate": 0,
        "neg_rate": 0,
        "sources": "马蜂窝"
      }
    },
    {
      "type": "Feature",
      "geometry": {
        "type": "Point",
        "coordinates": [
          112.980879,
          22.93878
        ]
      },
      "properties": {
        "id": "B0FFHHHO38",
        "name": "观光车北门站",
        "town": "西樵镇",
        "rev_count": 1,
        "avg_rate": 0,
        "pos_rate": 0,
        "neg_rate": 0,
        "sources": "携程"
      }
    },
    {
      "type": "Feature",
      "geometry": {
        "type": "Point",
        "coordinates": [
          113.197,
          23.143507
        ]
      },
      "properties": {
        "id": "B0FFG2F4GD",
        "name": "汤臣倍健(国昌广场)",
        "town": "里水镇",
        "rev_count": 10,
        "avg_rate": 0,
        "pos_rate": 0,
        "neg_rate": 0,
        "sources": "携程"
      }
    },
    {
      "type": "Feature",
      "geometry": {
        "type": "Point",
        "coordinates": [
          112.939961,
          22.926852
        ]
      },
      "properties": {
        "id": "B0FFG1YR84",
        "name": "黄飞鸿狮艺武术馆-表演台",
        "town": "西樵镇",
        "rev_count": 1,
        "avg_rate": 0,
        "pos_rate": 0,
        "neg_rate": 0,
        "sources": "携程"
      }
    },
    {
      "type": "Feature",
      "geometry": {
        "type": "Point",
        "coordinates": [
          113.083468,
          23.066242
        ]
      },
      "properties": {
        "id": "B0FFHS5G1Y",
        "name": "大夫祠",
        "town": "大沥镇",
        "rev_count": 1,
        "avg_rate": 0,
        "pos_rate": 0,
        "neg_rate": 0,
        "sources": "携程"
      }
    },
    {
      "type": "Feature",
      "geometry": {
        "type": "Point",
        "coordinates": [
          112.97281,
          22.920043
        ]
      },
      "properties": {
        "id": "B0HDDK8M6O",
        "name": "九龙岩",
        "town": "西樵镇",
        "rev_count": 5,
        "avg_rate": 0,
        "pos_rate": 0,
        "neg_rate": 0,
        "sources": "去哪儿|携程"
      }
    },
    {
      "type": "Feature",
      "geometry": {
        "type": "Point",
        "coordinates": [
          113.184227,
          23.11062
        ]
      },
      "properties": {
        "id": "B0IDAD15CG",
        "name": "糖水博物馆",
        "town": "里水镇",
        "rev_count": 1,
        "avg_rate": 0,
        "pos_rate": 0,
        "neg_rate": 0,
        "sources": "携程"
      }
    },
    {
      "type": "Feature",
      "geometry": {
        "type": "Point",
        "coordinates": [
          113.149029,
          23.048981
        ]
      },
      "properties": {
        "id": "B0HR0KLCFF",
        "name": "湿地公园",
        "town": "桂城街道",
        "rev_count": 74,
        "avg_rate": 0,
        "pos_rate": 0,
        "neg_rate": 0,
        "sources": "携程"
      }
    },
    {
      "type": "Feature",
      "geometry": {
        "type": "Point",
        "coordinates": [
          113.015796,
          23.143285
        ]
      },
      "properties": {
        "id": "B0FFIB8RO6",
        "name": "黄洞径水库",
        "town": "狮山镇",
        "rev_count": 10,
        "avg_rate": 0,
        "pos_rate": 0,
        "neg_rate": 0,
        "sources": "携程"
      }
    },
    {
      "type": "Feature",
      "geometry": {
        "type": "Point",
        "coordinates": [
          113.129475,
          23.059334
        ]
      },
      "properties": {
        "id": "B0FFLEX7DN",
        "name": "叠滘水乡",
        "town": "桂城街道",
        "rev_count": 3,
        "avg_rate": 0,
        "pos_rate": 0,
        "neg_rate": 0,
        "sources": "携程"
      }
    },
    {
      "type": "Feature",
      "geometry": {
        "type": "Point",
        "coordinates": [
          113.147875,
          23.014119
        ]
      },
      "properties": {
        "id": "B0FFIJRORR",
        "name": "拉夏贝尔(鹏瑞利季华广场店)",
        "town": "桂城街道",
        "rev_count": 1,
        "avg_rate": 0,
        "pos_rate": 0,
        "neg_rate": 0,
        "sources": "去哪儿"
      }
    },
    {
      "type": "Feature",
      "geometry": {
        "type": "Point",
        "coordinates": [
          113.181287,
          23.114047
        ]
      },
      "properties": {
        "id": "B0FFMA2EBD",
        "name": "图南文化艺术中心",
        "town": "里水镇",
        "rev_count": 1,
        "avg_rate": 0,
        "pos_rate": 0,
        "neg_rate": 0,
        "sources": "携程"
      }
    },
    {
      "type": "Feature",
      "geometry": {
        "type": "Point",
        "coordinates": [
          113.141839,
          23.046792
        ]
      },
      "properties": {
        "id": "B0HKCS5YZI",
        "name": "桂花岛",
        "town": "桂城街道",
        "rev_count": 1,
        "avg_rate": 0,
        "pos_rate": 0,
        "neg_rate": 0,
        "sources": "携程"
      }
    },
    {
      "type": "Feature",
      "geometry": {
        "type": "Point",
        "coordinates": [
          113.167693,
          23.231023
        ]
      },
      "properties": {
        "id": "B0HKPD8ON5",
        "name": "梦里水乡-荷花世界",
        "town": "里水镇",
        "rev_count": 1,
        "avg_rate": 0,
        "pos_rate": 0,
        "neg_rate": 0,
        "sources": "携程"
      }
    },
    {
      "type": "Feature",
      "geometry": {
        "type": "Point",
        "coordinates": [
          113.046332,
          23.059966
        ]
      },
      "properties": {
        "id": "B0FFFA1KL7",
        "name": "冯不记米坊(南海金盛广场店)",
        "town": "狮山镇",
        "rev_count": 1,
        "avg_rate": 0,
        "pos_rate": 0,
        "neg_rate": 0,
        "sources": "去哪儿"
      }
    },
    {
      "type": "Feature",
      "geometry": {
        "type": "Point",
        "coordinates": [
          113.129213,
          23.051482
        ]
      },
      "properties": {
        "id": "B0IAU5Z8GI",
        "name": "天音科技(鸿大广场店)",
        "town": "桂城街道",
        "rev_count": 1,
        "avg_rate": 0,
        "pos_rate": 0,
        "neg_rate": 0,
        "sources": "携程"
      }
    },
    {
      "type": "Feature",
      "geometry": {
        "type": "Point",
        "coordinates": [
          113.168893,
          22.997967
        ]
      },
      "properties": {
        "id": "B02F50WIZD",
        "name": "同庆坊",
        "town": "桂城街道",
        "rev_count": 1,
        "avg_rate": 0,
        "pos_rate": 0,
        "neg_rate": 0,
        "sources": "携程"
      }
    },
    {
      "type": "Feature",
      "geometry": {
        "type": "Point",
        "coordinates": [
          112.959415,
          23.064405
        ]
      },
      "properties": {
        "id": "B0I2RHQIP1",
        "name": "游乐园(金沙广场店)",
        "town": "狮山镇",
        "rev_count": 2,
        "avg_rate": 0,
        "pos_rate": 0,
        "neg_rate": 0,
        "sources": "携程"
      }
    },
    {
      "type": "Feature",
      "geometry": {
        "type": "Point",
        "coordinates": [
          113.197534,
          23.187539
        ]
      },
      "properties": {
        "id": "B0JBS5S8NS",
        "name": "从一蓝莓采摘园(南海白塔店)",
        "town": "里水镇",
        "rev_count": 1,
        "avg_rate": 0,
        "pos_rate": 0,
        "neg_rate": 0,
        "sources": "携程"
      }
    },
    {
      "type": "Feature",
      "geometry": {
        "type": "Point",
        "coordinates": [
          112.984316,
          22.918195
        ]
      },
      "properties": {
        "id": "B0J1F79OGZ",
        "name": "瞧溪谷西樵山亲水溪谷",
        "town": "西樵镇",
        "rev_count": 10,
        "avg_rate": 0,
        "pos_rate": 0,
        "neg_rate": 0,
        "sources": "携程"
      }
    },
    {
      "type": "Feature",
      "geometry": {
        "type": "Point",
        "coordinates": [
          113.159053,
          23.016404
        ]
      },
      "properties": {
        "id": "B0JRRYOSNV",
        "name": "星沐森林·昆虫自然博物馆",
        "town": "桂城街道",
        "rev_count": 3,
        "avg_rate": 0,
        "pos_rate": 0,
        "neg_rate": 0,
        "sources": "携程"
      }
    },
    {
      "type": "Feature",
      "geometry": {
        "type": "Point",
        "coordinates": [
          113.20033,
          23.133643
        ]
      },
      "properties": {
        "id": "B0I2YDRIF8",
        "name": "文化艺术中心",
        "town": "里水镇",
        "rev_count": 10,
        "avg_rate": 0,
        "pos_rate": 0,
        "neg_rate": 0,
        "sources": "携程"
      }
    },
    {
      "type": "Feature",
      "geometry": {
        "type": "Point",
        "coordinates": [
          113.181953,
          23.11027
        ]
      },
      "properties": {
        "id": "B0JROAU7JW",
        "name": "如轩·海鲜砂锅粥·潮汕菜(黄岐嘉州广场店)",
        "town": "大沥镇",
        "rev_count": 1,
        "avg_rate": 0,
        "pos_rate": 0,
        "neg_rate": 0,
        "sources": "去哪儿"
      }
    },
    {
      "type": "Feature",
      "geometry": {
        "type": "Point",
        "coordinates": [
          113.171923,
          23.069101
        ]
      },
      "properties": {
        "id": "B0KUBRUDMZ",
        "name": "南海塔",
        "town": "桂城街道",
        "rev_count": 1,
        "avg_rate": 0,
        "pos_rate": 0,
        "neg_rate": 0,
        "sources": "携程"
      }
    },
    {
      "type": "Feature",
      "geometry": {
        "type": "Point",
        "coordinates": [
          113.1805,
          23.052458
        ]
      },
      "properties": {
        "id": "",
        "name": "夏漖粮园喜文化创意基地",
        "town": "桂城街道",
        "rev_count": 12654,
        "avg_rate": 0,
        "pos_rate": 0,
        "neg_rate": 0,
        "sources": "去哪儿|携程|马蜂窝"
      }
    },
    {
      "type": "Feature",
      "geometry": {
        "type": "Point",
        "coordinates": [
          113.163503,
          23.057028
        ]
      },
      "properties": {
        "id": "",
        "name": "千灯湖创投特色小镇",
        "town": "桂城街道",
        "rev_count": 12654,
        "avg_rate": 0,
        "pos_rate": 0,
        "neg_rate": 0,
        "sources": "去哪儿|携程|马蜂窝"
      }
    },
    {
      "type": "Feature",
      "geometry": {
        "type": "Point",
        "coordinates": [
          113.17961,
          23.018958
        ]
      },
      "properties": {
        "id": "",
        "name": "极限公园",
        "town": "桂城街道",
        "rev_count": 12654,
        "avg_rate": 0,
        "pos_rate": 0,
        "neg_rate": 0,
        "sources": "去哪儿|携程|马蜂窝"
      }
    },
    {
      "type": "Feature",
      "geometry": {
        "type": "Point",
        "coordinates": [
          113.149305,
          23.041964
        ]
      },
      "properties": {
        "id": "",
        "name": "东约公园(新基路)",
        "town": "桂城街道",
        "rev_count": 12654,
        "avg_rate": 0,
        "pos_rate": 0,
        "neg_rate": 0,
        "sources": "去哪儿|携程|马蜂窝"
      }
    },
    {
      "type": "Feature",
      "geometry": {
        "type": "Point",
        "coordinates": [
          113.159451,
          23.05276
        ]
      },
      "properties": {
        "id": "",
        "name": "南海活水公园",
        "town": "桂城街道",
        "rev_count": 12654,
        "avg_rate": 0,
        "pos_rate": 0,
        "neg_rate": 0,
        "sources": "去哪儿|携程|马蜂窝"
      }
    },
    {
      "type": "Feature",
      "geometry": {
        "type": "Point",
        "coordinates": [
          113.164642,
          23.051786
        ]
      },
      "properties": {
        "id": "",
        "name": "桂城人才公园",
        "town": "桂城街道",
        "rev_count": 12654,
        "avg_rate": 0,
        "pos_rate": 0,
        "neg_rate": 0,
        "sources": "去哪儿|携程|马蜂窝"
      }
    },
    {
      "type": "Feature",
      "geometry": {
        "type": "Point",
        "coordinates": [
          113.153339,
          23.057788
        ]
      },
      "properties": {
        "id": "",
        "name": "观灯桥",
        "town": "桂城街道",
        "rev_count": 12654,
        "avg_rate": 0,
        "pos_rate": 0,
        "neg_rate": 0,
        "sources": "去哪儿|携程|马蜂窝"
      }
    },
    {
      "type": "Feature",
      "geometry": {
        "type": "Point",
        "coordinates": [
          113.163755,
          23.027067
        ]
      },
      "properties": {
        "id": "",
        "name": "怡海公园-观景台",
        "town": "桂城街道",
        "rev_count": 12654,
        "avg_rate": 0,
        "pos_rate": 0,
        "neg_rate": 0,
        "sources": "去哪儿|携程|马蜂窝"
      }
    },
    {
      "type": "Feature",
      "geometry": {
        "type": "Point",
        "coordinates": [
          113.153682,
          23.005747
        ]
      },
      "properties": {
        "id": "",
        "name": "佛山保利体育公园",
        "town": "桂城街道",
        "rev_count": 12654,
        "avg_rate": 0,
        "pos_rate": 0,
        "neg_rate": 0,
        "sources": "去哪儿|携程|马蜂窝"
      }
    },
    {
      "type": "Feature",
      "geometry": {
        "type": "Point",
        "coordinates": [
          113.155435,
          23.072153
        ]
      },
      "properties": {
        "id": "",
        "name": "灯湖市政公园-3期",
        "town": "桂城街道",
        "rev_count": 12654,
        "avg_rate": 0,
        "pos_rate": 0,
        "neg_rate": 0,
        "sources": "去哪儿|携程|马蜂窝"
      }
    },
    {
      "type": "Feature",
      "geometry": {
        "type": "Point",
        "coordinates": [
          113.152445,
          23.029323
        ]
      },
      "properties": {
        "id": "",
        "name": "学习强国主题公园",
        "town": "桂城街道",
        "rev_count": 12654,
        "avg_rate": 0,
        "pos_rate": 0,
        "neg_rate": 0,
        "sources": "去哪儿|携程|马蜂窝"
      }
    },
    {
      "type": "Feature",
      "geometry": {
        "type": "Point",
        "coordinates": [
          113.163767,
          23.028351
        ]
      },
      "properties": {
        "id": "",
        "name": "民国风范雕塑",
        "town": "桂城街道",
        "rev_count": 12654,
        "avg_rate": 0,
        "pos_rate": 0,
        "neg_rate": 0,
        "sources": "去哪儿|携程|马蜂窝"
      }
    },
    {
      "type": "Feature",
      "geometry": {
        "type": "Point",
        "coordinates": [
          113.162297,
          23.030235
        ]
      },
      "properties": {
        "id": "",
        "name": "春分雨塔",
        "town": "桂城街道",
        "rev_count": 12654,
        "avg_rate": 0,
        "pos_rate": 0,
        "neg_rate": 0,
        "sources": "去哪儿|携程|马蜂窝"
      }
    },
    {
      "type": "Feature",
      "geometry": {
        "type": "Point",
        "coordinates": [
          113.171275,
          23.004806
        ]
      },
      "properties": {
        "id": "",
        "name": "桂城半月岛生态公园",
        "town": "桂城街道",
        "rev_count": 12654,
        "avg_rate": 0,
        "pos_rate": 0,
        "neg_rate": 0,
        "sources": "去哪儿|携程|马蜂窝"
      }
    },
    {
      "type": "Feature",
      "geometry": {
        "type": "Point",
        "coordinates": [
          113.170708,
          23.003942
        ]
      },
      "properties": {
        "id": "",
        "name": "悦岛城市营地",
        "town": "桂城街道",
        "rev_count": 12654,
        "avg_rate": 0,
        "pos_rate": 0,
        "neg_rate": 0,
        "sources": "去哪儿|携程|马蜂窝"
      }
    },
    {
      "type": "Feature",
      "geometry": {
        "type": "Point",
        "coordinates": [
          113.168232,
          23.014682
        ]
      },
      "properties": {
        "id": "",
        "name": "新基坊孖祠堂街",
        "town": "桂城街道",
        "rev_count": 12654,
        "avg_rate": 0,
        "pos_rate": 0,
        "neg_rate": 0,
        "sources": "去哪儿|携程|马蜂窝"
      }
    },
    {
      "type": "Feature",
      "geometry": {
        "type": "Point",
        "coordinates": [
          113.168667,
          23.014347
        ]
      },
      "properties": {
        "id": "",
        "name": "彭岸路/新基坊孖祠堂街(路口)",
        "town": "桂城街道",
        "rev_count": 12654,
        "avg_rate": 0,
        "pos_rate": 0,
        "neg_rate": 0,
        "sources": "去哪儿|携程|马蜂窝"
      }
    },
    {
      "type": "Feature",
      "geometry": {
        "type": "Point",
        "coordinates": [
          113.168667,
          23.014347
        ]
      },
      "properties": {
        "id": "",
        "name": "新基坊大道/新基坊孖祠堂街(路口)",
        "town": "桂城街道",
        "rev_count": 12654,
        "avg_rate": 0,
        "pos_rate": 0,
        "neg_rate": 0,
        "sources": "去哪儿|携程|马蜂窝"
      }
    },
    {
      "type": "Feature",
      "geometry": {
        "type": "Point",
        "coordinates": [
          113.136017,
          23.066208
        ]
      },
      "properties": {
        "id": "",
        "name": "盧氏祠堂-西南门",
        "town": "桂城街道",
        "rev_count": 12654,
        "avg_rate": 0,
        "pos_rate": 0,
        "neg_rate": 0,
        "sources": "去哪儿|携程|马蜂窝"
      }
    },
    {
      "type": "Feature",
      "geometry": {
        "type": "Point",
        "coordinates": [
          113.154399,
          23.054168
        ]
      },
      "properties": {
        "id": "",
        "name": "白鸽塔",
        "town": "桂城街道",
        "rev_count": 12654,
        "avg_rate": 0,
        "pos_rate": 0,
        "neg_rate": 0,
        "sources": "去哪儿|携程|马蜂窝"
      }
    },
    {
      "type": "Feature",
      "geometry": {
        "type": "Point",
        "coordinates": [
          113.153596,
          23.055972
        ]
      },
      "properties": {
        "id": "",
        "name": "历史观测台",
        "town": "桂城街道",
        "rev_count": 12654,
        "avg_rate": 0,
        "pos_rate": 0,
        "neg_rate": 0,
        "sources": "去哪儿|携程|马蜂窝"
      }
    },
    {
      "type": "Feature",
      "geometry": {
        "type": "Point",
        "coordinates": [
          113.154502,
          23.058088
        ]
      },
      "properties": {
        "id": "",
        "name": "冥想塔",
        "town": "桂城街道",
        "rev_count": 12654,
        "avg_rate": 0,
        "pos_rate": 0,
        "neg_rate": 0,
        "sources": "去哪儿|携程|马蜂窝"
      }
    },
    {
      "type": "Feature",
      "geometry": {
        "type": "Point",
        "coordinates": [
          113.163235,
          23.008376
        ]
      },
      "properties": {
        "id": "",
        "name": "三村中心公园-地母庙",
        "town": "桂城街道",
        "rev_count": 12654,
        "avg_rate": 0,
        "pos_rate": 0,
        "neg_rate": 0,
        "sources": "去哪儿|携程|马蜂窝"
      }
    },
    {
      "type": "Feature",
      "geometry": {
        "type": "Point",
        "coordinates": [
          113.137585,
          23.065642
        ]
      },
      "properties": {
        "id": "",
        "name": "澳边庙涌坊",
        "town": "桂城街道",
        "rev_count": 12654,
        "avg_rate": 0,
        "pos_rate": 0,
        "neg_rate": 0,
        "sources": "去哪儿|携程|马蜂窝"
      }
    },
    {
      "type": "Feature",
      "geometry": {
        "type": "Point",
        "coordinates": [
          113.152618,
          23.058042
        ]
      },
      "properties": {
        "id": "",
        "name": "千灯湖丰收塔",
        "town": "桂城街道",
        "rev_count": 12654,
        "avg_rate": 0,
        "pos_rate": 0,
        "neg_rate": 0,
        "sources": "去哪儿|携程|马蜂窝"
      }
    },
    {
      "type": "Feature",
      "geometry": {
        "type": "Point",
        "coordinates": [
          113.14096,
          23.062926
        ]
      },
      "properties": {
        "id": "",
        "name": "遁叟江公祠",
        "town": "桂城街道",
        "rev_count": 12654,
        "avg_rate": 0,
        "pos_rate": 0,
        "neg_rate": 0,
        "sources": "去哪儿|携程|马蜂窝"
      }
    },
    {
      "type": "Feature",
      "geometry": {
        "type": "Point",
        "coordinates": [
          113.175531,
          23.06409
        ]
      },
      "properties": {
        "id": "",
        "name": "临溪何公祠",
        "town": "桂城街道",
        "rev_count": 12654,
        "avg_rate": 0,
        "pos_rate": 0,
        "neg_rate": 0,
        "sources": "去哪儿|携程|马蜂窝"
      }
    },
    {
      "type": "Feature",
      "geometry": {
        "type": "Point",
        "coordinates": [
          113.192109,
          23.053521
        ]
      },
      "properties": {
        "id": "",
        "name": "仁爱善堂",
        "town": "桂城街道",
        "rev_count": 12654,
        "avg_rate": 0,
        "pos_rate": 0,
        "neg_rate": 0,
        "sources": "去哪儿|携程|马蜂窝"
      }
    },
    {
      "type": "Feature",
      "geometry": {
        "type": "Point",
        "coordinates": [
          113.172139,
          23.061571
        ]
      },
      "properties": {
        "id": "",
        "name": "月明",
        "town": "桂城街道",
        "rev_count": 12654,
        "avg_rate": 0,
        "pos_rate": 0,
        "neg_rate": 0,
        "sources": "去哪儿|携程|马蜂窝"
      }
    },
    {
      "type": "Feature",
      "geometry": {
        "type": "Point",
        "coordinates": [
          113.135339,
          23.057708
        ]
      },
      "properties": {
        "id": "",
        "name": "文升刘公祠",
        "town": "桂城街道",
        "rev_count": 12654,
        "avg_rate": 0,
        "pos_rate": 0,
        "neg_rate": 0,
        "sources": "去哪儿|携程|马蜂窝"
      }
    },
    {
      "type": "Feature",
      "geometry": {
        "type": "Point",
        "coordinates": [
          113.138345,
          23.065787
        ]
      },
      "properties": {
        "id": "",
        "name": "桓庚李公祠",
        "town": "桂城街道",
        "rev_count": 12654,
        "avg_rate": 0,
        "pos_rate": 0,
        "neg_rate": 0,
        "sources": "去哪儿|携程|马蜂窝"
      }
    },
    {
      "type": "Feature",
      "geometry": {
        "type": "Point",
        "coordinates": [
          113.154677,
          23.042748
        ]
      },
      "properties": {
        "id": "",
        "name": "陇西世胄",
        "town": "桂城街道",
        "rev_count": 12654,
        "avg_rate": 0,
        "pos_rate": 0,
        "neg_rate": 0,
        "sources": "去哪儿|携程|马蜂窝"
      }
    },
    {
      "type": "Feature",
      "geometry": {
        "type": "Point",
        "coordinates": [
          113.169978,
          23.039099
        ]
      },
      "properties": {
        "id": "",
        "name": "关爱公园",
        "town": "桂城街道",
        "rev_count": 12654,
        "avg_rate": 0,
        "pos_rate": 0,
        "neg_rate": 0,
        "sources": "去哪儿|携程|马蜂窝"
      }
    },
    {
      "type": "Feature",
      "geometry": {
        "type": "Point",
        "coordinates": [
          113.160914,
          23.052725
        ]
      },
      "properties": {
        "id": "",
        "name": "南海活水公园-湿地公园",
        "town": "桂城街道",
        "rev_count": 12654,
        "avg_rate": 0,
        "pos_rate": 0,
        "neg_rate": 0,
        "sources": "去哪儿|携程|马蜂窝"
      }
    },
    {
      "type": "Feature",
      "geometry": {
        "type": "Point",
        "coordinates": [
          113.186115,
          23.005947
        ]
      },
      "properties": {
        "id": "",
        "name": "平胜汇江公园",
        "town": "桂城街道",
        "rev_count": 12654,
        "avg_rate": 0,
        "pos_rate": 0,
        "neg_rate": 0,
        "sources": "去哪儿|携程|马蜂窝"
      }
    },
    {
      "type": "Feature",
      "geometry": {
        "type": "Point",
        "coordinates": [
          113.191134,
          23.055908
        ]
      },
      "properties": {
        "id": "",
        "name": "涌口公园(裕达酒店西南)",
        "town": "桂城街道",
        "rev_count": 12654,
        "avg_rate": 0,
        "pos_rate": 0,
        "neg_rate": 0,
        "sources": "去哪儿|携程|马蜂窝"
      }
    },
    {
      "type": "Feature",
      "geometry": {
        "type": "Point",
        "coordinates": [
          113.17698,
          23.002205
        ]
      },
      "properties": {
        "id": "",
        "name": "佛山市南海区桂城街道平胜社区西龙湿地公园",
        "town": "桂城街道",
        "rev_count": 12654,
        "avg_rate": 0,
        "pos_rate": 0,
        "neg_rate": 0,
        "sources": "去哪儿|携程|马蜂窝"
      }
    },
    {
      "type": "Feature",
      "geometry": {
        "type": "Point",
        "coordinates": [
          113.166986,
          23.038515
        ]
      },
      "properties": {
        "id": "",
        "name": "宝索活力公园",
        "town": "桂城街道",
        "rev_count": 12654,
        "avg_rate": 0,
        "pos_rate": 0,
        "neg_rate": 0,
        "sources": "去哪儿|携程|马蜂窝"
      }
    },
    {
      "type": "Feature",
      "geometry": {
        "type": "Point",
        "coordinates": [
          113.182445,
          23.053409
        ]
      },
      "properties": {
        "id": "",
        "name": "环溪村林泉公",
        "town": "桂城街道",
        "rev_count": 12654,
        "avg_rate": 0,
        "pos_rate": 0,
        "neg_rate": 0,
        "sources": "去哪儿|携程|马蜂窝"
      }
    },
    {
      "type": "Feature",
      "geometry": {
        "type": "Point",
        "coordinates": [
          113.146937,
          23.070382
        ]
      },
      "properties": {
        "id": "",
        "name": "兴业路桥Park",
        "town": "桂城街道",
        "rev_count": 12654,
        "avg_rate": 0,
        "pos_rate": 0,
        "neg_rate": 0,
        "sources": "去哪儿|携程|马蜂窝"
      }
    },
    {
      "type": "Feature",
      "geometry": {
        "type": "Point",
        "coordinates": [
          113.136582,
          23.062678
        ]
      },
      "properties": {
        "id": "",
        "name": "叠滘小学-体育公园",
        "town": "桂城街道",
        "rev_count": 12654,
        "avg_rate": 0,
        "pos_rate": 0,
        "neg_rate": 0,
        "sources": "去哪儿|携程|马蜂窝"
      }
    },
    {
      "type": "Feature",
      "geometry": {
        "type": "Point",
        "coordinates": [
          113.145738,
          23.06232
        ]
      },
      "properties": {
        "id": "",
        "name": "智科AI人工智能主题公园",
        "town": "桂城街道",
        "rev_count": 12654,
        "avg_rate": 0,
        "pos_rate": 0,
        "neg_rate": 0,
        "sources": "去哪儿|携程|马蜂窝"
      }
    },
    {
      "type": "Feature",
      "geometry": {
        "type": "Point",
        "coordinates": [
          113.193496,
          23.040584
        ]
      },
      "properties": {
        "id": "",
        "name": "康悦公园",
        "town": "桂城街道",
        "rev_count": 12654,
        "avg_rate": 0,
        "pos_rate": 0,
        "neg_rate": 0,
        "sources": "去哪儿|携程|马蜂窝"
      }
    },
    {
      "type": "Feature",
      "geometry": {
        "type": "Point",
        "coordinates": [
          113.164647,
          23.051805
        ]
      },
      "properties": {
        "id": "",
        "name": "桂城志愿服务公园",
        "town": "桂城街道",
        "rev_count": 12654,
        "avg_rate": 0,
        "pos_rate": 0,
        "neg_rate": 0,
        "sources": "去哪儿|携程|马蜂窝"
      }
    },
    {
      "type": "Feature",
      "geometry": {
        "type": "Point",
        "coordinates": [
          113.154752,
          23.075115
        ]
      },
      "properties": {
        "id": "",
        "name": "千灯湖公园-紧急求助",
        "town": "桂城街道",
        "rev_count": 12654,
        "avg_rate": 0,
        "pos_rate": 0,
        "neg_rate": 0,
        "sources": "去哪儿|携程|马蜂窝"
      }
    },
    {
      "type": "Feature",
      "geometry": {
        "type": "Point",
        "coordinates": [
          113.151596,
          23.029874
        ]
      },
      "properties": {
        "id": "",
        "name": "南海文化公园-西北门",
        "town": "桂城街道",
        "rev_count": 12654,
        "avg_rate": 0,
        "pos_rate": 0,
        "neg_rate": 0,
        "sources": "去哪儿|携程|马蜂窝"
      }
    },
    {
      "type": "Feature",
      "geometry": {
        "type": "Point",
        "coordinates": [
          113.155594,
          23.029535
        ]
      },
      "properties": {
        "id": "",
        "name": "佛山千椿文化传播有限公司",
        "town": "桂城街道",
        "rev_count": 12654,
        "avg_rate": 0,
        "pos_rate": 0,
        "neg_rate": 0,
        "sources": "去哪儿|携程|马蜂窝"
      }
    },
    {
      "type": "Feature",
      "geometry": {
        "type": "Point",
        "coordinates": [
          113.152816,
          23.035193
        ]
      },
      "properties": {
        "id": "",
        "name": "佛山市南海区文化广电旅游体育局",
        "town": "桂城街道",
        "rev_count": 12654,
        "avg_rate": 0,
        "pos_rate": 0,
        "neg_rate": 0,
        "sources": "去哪儿|携程|马蜂窝"
      }
    },
    {
      "type": "Feature",
      "geometry": {
        "type": "Point",
        "coordinates": [
          113.152965,
          23.028218
        ]
      },
      "properties": {
        "id": "",
        "name": "南海文化馆-地上停车场",
        "town": "桂城街道",
        "rev_count": 12654,
        "avg_rate": 0,
        "pos_rate": 0,
        "neg_rate": 0,
        "sources": "去哪儿|携程|马蜂窝"
      }
    },
    {
      "type": "Feature",
      "geometry": {
        "type": "Point",
        "coordinates": [
          113.152859,
          23.02938
        ]
      },
      "properties": {
        "id": "",
        "name": "南海区文化馆艺术展厅",
        "town": "桂城街道",
        "rev_count": 12654,
        "avg_rate": 0,
        "pos_rate": 0,
        "neg_rate": 0,
        "sources": "去哪儿|携程|马蜂窝"
      }
    },
    {
      "type": "Feature",
      "geometry": {
        "type": "Point",
        "coordinates": [
          113.152957,
          23.030476
        ]
      },
      "properties": {
        "id": "",
        "name": "南海文化公园站",
        "town": "桂城街道",
        "rev_count": 12654,
        "avg_rate": 0,
        "pos_rate": 0,
        "neg_rate": 0,
        "sources": "去哪儿|携程|马蜂窝"
      }
    },
    {
      "type": "Feature",
      "geometry": {
        "type": "Point",
        "coordinates": [
          113.14977,
          23.032365
        ]
      },
      "properties": {
        "id": "",
        "name": "佛山市一品文化传播策划有限公司",
        "town": "桂城街道",
        "rev_count": 12654,
        "avg_rate": 0,
        "pos_rate": 0,
        "neg_rate": 0,
        "sources": "去哪儿|携程|马蜂窝"
      }
    },
    {
      "type": "Feature",
      "geometry": {
        "type": "Point",
        "coordinates": [
          113.152403,
          23.029308
        ]
      },
      "properties": {
        "id": "",
        "name": "南湖文化公园-大舞台",
        "town": "桂城街道",
        "rev_count": 12654,
        "avg_rate": 0,
        "pos_rate": 0,
        "neg_rate": 0,
        "sources": "去哪儿|携程|马蜂窝"
      }
    },
    {
      "type": "Feature",
      "geometry": {
        "type": "Point",
        "coordinates": [
          113.153056,
          23.028432
        ]
      },
      "properties": {
        "id": "",
        "name": "南海文化公园-东门",
        "town": "桂城街道",
        "rev_count": 12654,
        "avg_rate": 0,
        "pos_rate": 0,
        "neg_rate": 0,
        "sources": "去哪儿|携程|马蜂窝"
      }
    },
    {
      "type": "Feature",
      "geometry": {
        "type": "Point",
        "coordinates": [
          113.152812,
          23.035197
        ]
      },
      "properties": {
        "id": "",
        "name": "佛山市文化广电旅游体育局南海综合执法支队",
        "town": "桂城街道",
        "rev_count": 12654,
        "avg_rate": 0,
        "pos_rate": 0,
        "neg_rate": 0,
        "sources": "去哪儿|携程|马蜂窝"
      }
    },
    {
      "type": "Feature",
      "geometry": {
        "type": "Point",
        "coordinates": [
          113.152987,
          23.035217
        ]
      },
      "properties": {
        "id": "",
        "name": "南海区文化市场管理工作领导小组办公室(天佑三路)",
        "town": "桂城街道",
        "rev_count": 12654,
        "avg_rate": 0,
        "pos_rate": 0,
        "neg_rate": 0,
        "sources": "去哪儿|携程|马蜂窝"
      }
    },
    {
      "type": "Feature",
      "geometry": {
        "type": "Point",
        "coordinates": [
          113.149366,
          23.038842
        ]
      },
      "properties": {
        "id": "",
        "name": "佛山市三希堂文化传媒有限公司",
        "town": "桂城街道",
        "rev_count": 12654,
        "avg_rate": 0,
        "pos_rate": 0,
        "neg_rate": 0,
        "sources": "去哪儿|携程|马蜂窝"
      }
    },
    {
      "type": "Feature",
      "geometry": {
        "type": "Point",
        "coordinates": [
          113.152275,
          23.028545
        ]
      },
      "properties": {
        "id": "",
        "name": "南海文化公园-休息亭",
        "town": "桂城街道",
        "rev_count": 12654,
        "avg_rate": 0,
        "pos_rate": 0,
        "neg_rate": 0,
        "sources": "去哪儿|携程|马蜂窝"
      }
    },
    {
      "type": "Feature",
      "geometry": {
        "type": "Point",
        "coordinates": [
          113.160494,
          23.030738
        ]
      },
      "properties": {
        "id": "",
        "name": "东二文化活动中心停车场-出入口",
        "town": "桂城街道",
        "rev_count": 12654,
        "avg_rate": 0,
        "pos_rate": 0,
        "neg_rate": 0,
        "sources": "去哪儿|携程|马蜂窝"
      }
    },
    {
      "type": "Feature",
      "geometry": {
        "type": "Point",
        "coordinates": [
          113.1607,
          23.031661
        ]
      },
      "properties": {
        "id": "",
        "name": "东二文化活动中心华濠羽毛球俱乐部",
        "town": "桂城街道",
        "rev_count": 12654,
        "avg_rate": 0,
        "pos_rate": 0,
        "neg_rate": 0,
        "sources": "去哪儿|携程|马蜂窝"
      }
    },
    {
      "type": "Feature",
      "geometry": {
        "type": "Point",
        "coordinates": [
          113.152081,
          23.028496
        ]
      },
      "properties": {
        "id": "",
        "name": "文化公园小岛曲桥",
        "town": "桂城街道",
        "rev_count": 12654,
        "avg_rate": 0,
        "pos_rate": 0,
        "neg_rate": 0,
        "sources": "去哪儿|携程|马蜂窝"
      }
    },
    {
      "type": "Feature",
      "geometry": {
        "type": "Point",
        "coordinates": [
          113.160882,
          23.030855
        ]
      },
      "properties": {
        "id": "",
        "name": "东二文化活动中心-停车场",
        "town": "桂城街道",
        "rev_count": 12654,
        "avg_rate": 0,
        "pos_rate": 0,
        "neg_rate": 0,
        "sources": "去哪儿|携程|马蜂窝"
      }
    },
    {
      "type": "Feature",
      "geometry": {
        "type": "Point",
        "coordinates": [
          113.146353,
          23.040626
        ]
      },
      "properties": {
        "id": "",
        "name": "佛山市造物气球文化传播有限公司",
        "town": "桂城街道",
        "rev_count": 12654,
        "avg_rate": 0,
        "pos_rate": 0,
        "neg_rate": 0,
        "sources": "去哪儿|携程|马蜂窝"
      }
    },
    {
      "type": "Feature",
      "geometry": {
        "type": "Point",
        "coordinates": [
          113.147552,
          23.036428
        ]
      },
      "properties": {
        "id": "",
        "name": "桂二社区综合性文化服务中心",
        "town": "桂城街道",
        "rev_count": 12654,
        "avg_rate": 0,
        "pos_rate": 0,
        "neg_rate": 0,
        "sources": "去哪儿|携程|马蜂窝"
      }
    },
    {
      "type": "Feature",
      "geometry": {
        "type": "Point",
        "coordinates": [
          113.158913,
          23.03754
        ]
      },
      "properties": {
        "id": "",
        "name": "南海区桂城花苑社区居委会文化驿站",
        "town": "桂城街道",
        "rev_count": 12654,
        "avg_rate": 0,
        "pos_rate": 0,
        "neg_rate": 0,
        "sources": "去哪儿|携程|马蜂窝"
      }
    },
    {
      "type": "Feature",
      "geometry": {
        "type": "Point",
        "coordinates": [
          113.162517,
          23.020452
        ]
      },
      "properties": {
        "id": "",
        "name": "佛山市揽海文化发展有限公司",
        "town": "桂城街道",
        "rev_count": 12654,
        "avg_rate": 0,
        "pos_rate": 0,
        "neg_rate": 0,
        "sources": "去哪儿|携程|马蜂窝"
      }
    },
    {
      "type": "Feature",
      "geometry": {
        "type": "Point",
        "coordinates": [
          113.148428,
          23.041484
        ]
      },
      "properties": {
        "id": "",
        "name": "广东乐麦文化传播有限公司",
        "town": "桂城街道",
        "rev_count": 12654,
        "avg_rate": 0,
        "pos_rate": 0,
        "neg_rate": 0,
        "sources": "去哪儿|携程|马蜂窝"
      }
    },
    {
      "type": "Feature",
      "geometry": {
        "type": "Point",
        "coordinates": [
          113.147435,
          23.035771
        ]
      },
      "properties": {
        "id": "",
        "name": "南海区文化市场综合执法队",
        "town": "桂城街道",
        "rev_count": 12654,
        "avg_rate": 0,
        "pos_rate": 0,
        "neg_rate": 0,
        "sources": "去哪儿|携程|马蜂窝"
      }
    },
    {
      "type": "Feature",
      "geometry": {
        "type": "Point",
        "coordinates": [
          113.146311,
          23.037656
        ]
      },
      "properties": {
        "id": "",
        "name": "佛山大任文化传播有限公司",
        "town": "桂城街道",
        "rev_count": 12654,
        "avg_rate": 0,
        "pos_rate": 0,
        "neg_rate": 0,
        "sources": "去哪儿|携程|马蜂窝"
      }
    },
    {
      "type": "Feature",
      "geometry": {
        "type": "Point",
        "coordinates": [
          113.183288,
          23.042699
        ]
      },
      "properties": {
        "id": "",
        "name": "创越时代文化创意园-3栋",
        "town": "桂城街道",
        "rev_count": 12654,
        "avg_rate": 0,
        "pos_rate": 0,
        "neg_rate": 0,
        "sources": "去哪儿|携程|马蜂窝"
      }
    },
    {
      "type": "Feature",
      "geometry": {
        "type": "Point",
        "coordinates": [
          113.183529,
          23.041928
        ]
      },
      "properties": {
        "id": "",
        "name": "创越时代文化创意园-东门",
        "town": "桂城街道",
        "rev_count": 12654,
        "avg_rate": 0,
        "pos_rate": 0,
        "neg_rate": 0,
        "sources": "去哪儿|携程|马蜂窝"
      }
    },
    {
      "type": "Feature",
      "geometry": {
        "type": "Point",
        "coordinates": [
          113.182637,
          23.04304
        ]
      },
      "properties": {
        "id": "",
        "name": "创越时代文化创意园-4栋",
        "town": "桂城街道",
        "rev_count": 12654,
        "avg_rate": 0,
        "pos_rate": 0,
        "neg_rate": 0,
        "sources": "去哪儿|携程|马蜂窝"
      }
    },
    {
      "type": "Feature",
      "geometry": {
        "type": "Point",
        "coordinates": [
          113.175839,
          23.026249
        ]
      },
      "properties": {
        "id": "",
        "name": "乐怡海创大厦",
        "town": "桂城街道",
        "rev_count": 12654,
        "avg_rate": 0,
        "pos_rate": 0,
        "neg_rate": 0,
        "sources": "去哪儿|携程|马蜂窝"
      }
    },
    {
      "type": "Feature",
      "geometry": {
        "type": "Point",
        "coordinates": [
          113.151623,
          23.014947
        ]
      },
      "properties": {
        "id": "",
        "name": "草堂书画(怡翠玫瑰园校区)",
        "town": "桂城街道",
        "rev_count": 12654,
        "avg_rate": 0,
        "pos_rate": 0,
        "neg_rate": 0,
        "sources": "去哪儿|携程|马蜂窝"
      }
    },
    {
      "type": "Feature",
      "geometry": {
        "type": "Point",
        "coordinates": [
          113.131565,
          23.060409
        ]
      },
      "properties": {
        "id": "",
        "name": "文华大厦(文华北路)",
        "town": "桂城街道",
        "rev_count": 12654,
        "avg_rate": 0,
        "pos_rate": 0,
        "neg_rate": 0,
        "sources": "去哪儿|携程|马蜂窝"
      }
    },
    {
      "type": "Feature",
      "geometry": {
        "type": "Point",
        "coordinates": [
          113.187149,
          23.059399
        ]
      },
      "properties": {
        "id": "",
        "name": "昆山梁公祠",
        "town": "桂城街道",
        "rev_count": 12654,
        "avg_rate": 0,
        "pos_rate": 0,
        "neg_rate": 0,
        "sources": "去哪儿|携程|马蜂窝"
      }
    },
    {
      "type": "Feature",
      "geometry": {
        "type": "Point",
        "coordinates": [
          113.154664,
          23.060983
        ]
      },
      "properties": {
        "id": "",
        "name": "吟唱塔",
        "town": "桂城街道",
        "rev_count": 12654,
        "avg_rate": 0,
        "pos_rate": 0,
        "neg_rate": 0,
        "sources": "去哪儿|携程|马蜂窝"
      }
    },
    {
      "type": "Feature",
      "geometry": {
        "type": "Point",
        "coordinates": [
          113.152509,
          23.054081
        ]
      },
      "properties": {
        "id": "",
        "name": "千灯湖-花塔",
        "town": "桂城街道",
        "rev_count": 12654,
        "avg_rate": 0,
        "pos_rate": 0,
        "neg_rate": 0,
        "sources": "去哪儿|携程|马蜂窝"
      }
    },
    {
      "type": "Feature",
      "geometry": {
        "type": "Point",
        "coordinates": [
          113.172085,
          23.032109
        ]
      },
      "properties": {
        "id": "",
        "name": "拉普塔儿童成长空间",
        "town": "桂城街道",
        "rev_count": 12654,
        "avg_rate": 0,
        "pos_rate": 0,
        "neg_rate": 0,
        "sources": "去哪儿|携程|马蜂窝"
      }
    },
    {
      "type": "Feature",
      "geometry": {
        "type": "Point",
        "coordinates": [
          113.171863,
          23.039491
        ]
      },
      "properties": {
        "id": "",
        "name": "谦谦书院(佳盛国际广场店)",
        "town": "桂城街道",
        "rev_count": 12654,
        "avg_rate": 0,
        "pos_rate": 0,
        "neg_rate": 0,
        "sources": "去哪儿|携程|马蜂窝"
      }
    },
    {
      "type": "Feature",
      "geometry": {
        "type": "Point",
        "coordinates": [
          113.155643,
          23.02934
        ]
      },
      "properties": {
        "id": "",
        "name": "萌缘儿童成长馆",
        "town": "桂城街道",
        "rev_count": 12654,
        "avg_rate": 0,
        "pos_rate": 0,
        "neg_rate": 0,
        "sources": "去哪儿|携程|马蜂窝"
      }
    },
    {
      "type": "Feature",
      "geometry": {
        "type": "Point",
        "coordinates": [
          113.173849,
          23.029969
        ]
      },
      "properties": {
        "id": "",
        "name": "几多趣美术馆(怡海港店)",
        "town": "桂城街道",
        "rev_count": 12654,
        "avg_rate": 0,
        "pos_rate": 0,
        "neg_rate": 0,
        "sources": "去哪儿|携程|马蜂窝"
      }
    },
    {
      "type": "Feature",
      "geometry": {
        "type": "Point",
        "coordinates": [
          113.167297,
          23.026502
        ]
      },
      "properties": {
        "id": "",
        "name": "传统南狮文化艺术馆",
        "town": "桂城街道",
        "rev_count": 12654,
        "avg_rate": 0,
        "pos_rate": 0,
        "neg_rate": 0,
        "sources": "去哪儿|携程|马蜂窝"
      }
    },
    {
      "type": "Feature",
      "geometry": {
        "type": "Point",
        "coordinates": [
          113.144291,
          23.040598
        ]
      },
      "properties": {
        "id": "",
        "name": "雨田书画馆(丹桂苑店)",
        "town": "桂城街道",
        "rev_count": 12654,
        "avg_rate": 0,
        "pos_rate": 0,
        "neg_rate": 0,
        "sources": "去哪儿|携程|马蜂窝"
      }
    },
    {
      "type": "Feature",
      "geometry": {
        "type": "Point",
        "coordinates": [
          113.158383,
          23.015836
        ]
      },
      "properties": {
        "id": "",
        "name": "童奥艺术馆(怡翠世嘉分店)",
        "town": "桂城街道",
        "rev_count": 12654,
        "avg_rate": 0,
        "pos_rate": 0,
        "neg_rate": 0,
        "sources": "去哪儿|携程|马蜂窝"
      }
    },
    {
      "type": "Feature",
      "geometry": {
        "type": "Point",
        "coordinates": [
          113.142608,
          23.071977
        ]
      },
      "properties": {
        "id": "",
        "name": "红树林艺术馆",
        "town": "桂城街道",
        "rev_count": 12654,
        "avg_rate": 0,
        "pos_rate": 0,
        "neg_rate": 0,
        "sources": "去哪儿|携程|马蜂窝"
      }
    },
    {
      "type": "Feature",
      "geometry": {
        "type": "Point",
        "coordinates": [
          113.160747,
          23.043357
        ]
      },
      "properties": {
        "id": "",
        "name": "77cnLLERY原创艺术衍生收藏馆",
        "town": "桂城街道",
        "rev_count": 12654,
        "avg_rate": 0,
        "pos_rate": 0,
        "neg_rate": 0,
        "sources": "去哪儿|携程|马蜂窝"
      }
    },
    {
      "type": "Feature",
      "geometry": {
        "type": "Point",
        "coordinates": [
          113.147109,
          23.068451
        ]
      },
      "properties": {
        "id": "",
        "name": "黄志伟艺术馆·DIY玩陶艺(中建广场店)",
        "town": "桂城街道",
        "rev_count": 12654,
        "avg_rate": 0,
        "pos_rate": 0,
        "neg_rate": 0,
        "sources": "去哪儿|携程|马蜂窝"
      }
    },
    {
      "type": "Feature",
      "geometry": {
        "type": "Point",
        "coordinates": [
          113.165556,
          23.049648
        ]
      },
      "properties": {
        "id": "",
        "name": "画画鸭艺术创作馆",
        "town": "桂城街道",
        "rev_count": 12654,
        "avg_rate": 0,
        "pos_rate": 0,
        "neg_rate": 0,
        "sources": "去哪儿|携程|马蜂窝"
      }
    },
    {
      "type": "Feature",
      "geometry": {
        "type": "Point",
        "coordinates": [
          113.144077,
          23.069184
        ]
      },
      "properties": {
        "id": "",
        "name": "童乐嘉美学馆(海七路店)",
        "town": "桂城街道",
        "rev_count": 12654,
        "avg_rate": 0,
        "pos_rate": 0,
        "neg_rate": 0,
        "sources": "去哪儿|携程|马蜂窝"
      }
    },
    {
      "type": "Feature",
      "geometry": {
        "type": "Point",
        "coordinates": [
          113.141621,
          23.068644
        ]
      },
      "properties": {
        "id": "",
        "name": "艺想美学馆",
        "town": "桂城街道",
        "rev_count": 12654,
        "avg_rate": 0,
        "pos_rate": 0,
        "neg_rate": 0,
        "sources": "去哪儿|携程|马蜂窝"
      }
    },
    {
      "type": "Feature",
      "geometry": {
        "type": "Point",
        "coordinates": [
          113.155067,
          23.066686
        ]
      },
      "properties": {
        "id": "",
        "name": "千美术创意馆(保利水城购物中心店)",
        "town": "桂城街道",
        "rev_count": 12654,
        "avg_rate": 0,
        "pos_rate": 0,
        "neg_rate": 0,
        "sources": "去哪儿|携程|马蜂窝"
      }
    },
    {
      "type": "Feature",
      "geometry": {
        "type": "Point",
        "coordinates": [
          113.163236,
          23.068343
        ]
      },
      "properties": {
        "id": "",
        "name": "卓跃儿童运动馆(IPARK花园城店)",
        "town": "桂城街道",
        "rev_count": 12654,
        "avg_rate": 0,
        "pos_rate": 0,
        "neg_rate": 0,
        "sources": "去哪儿|携程|马蜂窝"
      }
    },
    {
      "type": "Feature",
      "geometry": {
        "type": "Point",
        "coordinates": [
          113.166473,
          23.03127
        ]
      },
      "properties": {
        "id": "",
        "name": "嘉欣照相馆",
        "town": "桂城街道",
        "rev_count": 12654,
        "avg_rate": 0,
        "pos_rate": 0,
        "neg_rate": 0,
        "sources": "去哪儿|携程|马蜂窝"
      }
    },
    {
      "type": "Feature",
      "geometry": {
        "type": "Point",
        "coordinates": [
          113.162903,
          23.069535
        ]
      },
      "properties": {
        "id": "",
        "name": "海马体照相馆(佛山南海万达广场店)",
        "town": "桂城街道",
        "rev_count": 12654,
        "avg_rate": 0,
        "pos_rate": 0,
        "neg_rate": 0,
        "sources": "去哪儿|携程|马蜂窝"
      }
    },
    {
      "type": "Feature",
      "geometry": {
        "type": "Point",
        "coordinates": [
          113.170857,
          23.020007
        ]
      },
      "properties": {
        "id": "",
        "name": "贰壹八烘焙教学体验馆&Flour bakery studio",
        "town": "桂城街道",
        "rev_count": 12654,
        "avg_rate": 0,
        "pos_rate": 0,
        "neg_rate": 0,
        "sources": "去哪儿|携程|马蜂窝"
      }
    },
    {
      "type": "Feature",
      "geometry": {
        "type": "Point",
        "coordinates": [
          113.147113,
          23.053722
        ]
      },
      "properties": {
        "id": "",
        "name": "嘉极少儿体适能嘉极空手道(南海体育馆校区)",
        "town": "桂城街道",
        "rev_count": 12654,
        "avg_rate": 0,
        "pos_rate": 0,
        "neg_rate": 0,
        "sources": "去哪儿|携程|马蜂窝"
      }
    },
    {
      "type": "Feature",
      "geometry": {
        "type": "Point",
        "coordinates": [
          113.166209,
          23.033506
        ]
      },
      "properties": {
        "id": "",
        "name": "东福棋馆",
        "town": "桂城街道",
        "rev_count": 12654,
        "avg_rate": 0,
        "pos_rate": 0,
        "neg_rate": 0,
        "sources": "去哪儿|携程|马蜂窝"
      }
    },
    {
      "type": "Feature",
      "geometry": {
        "type": "Point",
        "coordinates": [
          113.166865,
          23.046607
        ]
      },
      "properties": {
        "id": "",
        "name": "与萌美学馆",
        "town": "桂城街道",
        "rev_count": 12654,
        "avg_rate": 0,
        "pos_rate": 0,
        "neg_rate": 0,
        "sources": "去哪儿|携程|马蜂窝"
      }
    },
    {
      "type": "Feature",
      "geometry": {
        "type": "Point",
        "coordinates": [
          113.145671,
          23.069988
        ]
      },
      "properties": {
        "id": "",
        "name": "超能星球智能运动馆·体能·篮球(南海景裕豪园店)",
        "town": "桂城街道",
        "rev_count": 12654,
        "avg_rate": 0,
        "pos_rate": 0,
        "neg_rate": 0,
        "sources": "去哪儿|携程|马蜂窝"
      }
    },
    {
      "type": "Feature",
      "geometry": {
        "type": "Point",
        "coordinates": [
          113.170315,
          23.072474
        ]
      },
      "properties": {
        "id": "",
        "name": "EVAMOW写真摄影私人定制馆(A32万科里店)",
        "town": "桂城街道",
        "rev_count": 12654,
        "avg_rate": 0,
        "pos_rate": 0,
        "neg_rate": 0,
        "sources": "去哪儿|携程|马蜂窝"
      }
    },
    {
      "type": "Feature",
      "geometry": {
        "type": "Point",
        "coordinates": [
          113.152358,
          23.035058
        ]
      },
      "properties": {
        "id": "",
        "name": "佛山市南海区图片档案展览室",
        "town": "桂城街道",
        "rev_count": 12654,
        "avg_rate": 0,
        "pos_rate": 0,
        "neg_rate": 0,
        "sources": "去哪儿|携程|马蜂窝"
      }
    },
    {
      "type": "Feature",
      "geometry": {
        "type": "Point",
        "coordinates": [
          113.159593,
          23.052029
        ]
      },
      "properties": {
        "id": "",
        "name": "活水展览馆",
        "town": "桂城街道",
        "rev_count": 12654,
        "avg_rate": 0,
        "pos_rate": 0,
        "neg_rate": 0,
        "sources": "去哪儿|携程|马蜂窝"
      }
    },
    {
      "type": "Feature",
      "geometry": {
        "type": "Point",
        "coordinates": [
          113.160797,
          23.046835
        ]
      },
      "properties": {
        "id": "",
        "name": "博览馆",
        "town": "桂城街道",
        "rev_count": 12654,
        "avg_rate": 0,
        "pos_rate": 0,
        "neg_rate": 0,
        "sources": "去哪儿|携程|马蜂窝"
      }
    },
    {
      "type": "Feature",
      "geometry": {
        "type": "Point",
        "coordinates": [
          113.139519,
          23.062611
        ]
      },
      "properties": {
        "id": "",
        "name": "江头村史馆",
        "town": "桂城街道",
        "rev_count": 12654,
        "avg_rate": 0,
        "pos_rate": 0,
        "neg_rate": 0,
        "sources": "去哪儿|携程|马蜂窝"
      }
    },
    {
      "type": "Feature",
      "geometry": {
        "type": "Point",
        "coordinates": [
          113.171627,
          23.039632
        ]
      },
      "properties": {
        "id": "",
        "name": "佳盛国际广场-展厅",
        "town": "桂城街道",
        "rev_count": 12654,
        "avg_rate": 0,
        "pos_rate": 0,
        "neg_rate": 0,
        "sources": "去哪儿|携程|马蜂窝"
      }
    },
    {
      "type": "Feature",
      "geometry": {
        "type": "Point",
        "coordinates": [
          113.148636,
          23.052774
        ]
      },
      "properties": {
        "id": "",
        "name": "广东省中西医结合医院院史馆",
        "town": "桂城街道",
        "rev_count": 12654,
        "avg_rate": 0,
        "pos_rate": 0,
        "neg_rate": 0,
        "sources": "去哪儿|携程|马蜂窝"
      }
    },
    {
      "type": "Feature",
      "geometry": {
        "type": "Point",
        "coordinates": [
          113.184262,
          23.031484
        ]
      },
      "properties": {
        "id": "",
        "name": "南海区安全技术体验馆",
        "town": "桂城街道",
        "rev_count": 12654,
        "avg_rate": 0,
        "pos_rate": 0,
        "neg_rate": 0,
        "sources": "去哪儿|携程|马蜂窝"
      }
    },
    {
      "type": "Feature",
      "geometry": {
        "type": "Point",
        "coordinates": [
          113.163711,
          23.073661
        ]
      },
      "properties": {
        "id": "",
        "name": "珠三角工匠精神展示馆·佛山洛客城市设计中心",
        "town": "桂城街道",
        "rev_count": 12654,
        "avg_rate": 0,
        "pos_rate": 0,
        "neg_rate": 0,
        "sources": "去哪儿|携程|马蜂窝"
      }
    },
    {
      "type": "Feature",
      "geometry": {
        "type": "Point",
        "coordinates": [
          113.16426,
          23.073664
        ]
      },
      "properties": {
        "id": "",
        "name": "珠三角工匠精神展示馆志高智能云体验馆",
        "town": "桂城街道",
        "rev_count": 12654,
        "avg_rate": 0,
        "pos_rate": 0,
        "neg_rate": 0,
        "sources": "去哪儿|携程|马蜂窝"
      }
    },
    {
      "type": "Feature",
      "geometry": {
        "type": "Point",
        "coordinates": [
          113.152673,
          23.032358
        ]
      },
      "properties": {
        "id": "",
        "name": "规划公示栏",
        "town": "桂城街道",
        "rev_count": 12654,
        "avg_rate": 0,
        "pos_rate": 0,
        "neg_rate": 0,
        "sources": "去哪儿|携程|马蜂窝"
      }
    },
    {
      "type": "Feature",
      "geometry": {
        "type": "Point",
        "coordinates": [
          113.182387,
          23.034641
        ]
      },
      "properties": {
        "id": "",
        "name": "国家环境服务业华南集聚区展示中心",
        "town": "桂城街道",
        "rev_count": 12654,
        "avg_rate": 0,
        "pos_rate": 0,
        "neg_rate": 0,
        "sources": "去哪儿|携程|马蜂窝"
      }
    },
    {
      "type": "Feature",
      "geometry": {
        "type": "Point",
        "coordinates": [
          113.194875,
          23.03912
        ]
      },
      "properties": {
        "id": "",
        "name": "UNI知趣科普馆(映月湖环宇城店)",
        "town": "桂城街道",
        "rev_count": 12654,
        "avg_rate": 0,
        "pos_rate": 0,
        "neg_rate": 0,
        "sources": "去哪儿|携程|马蜂窝"
      }
    },
    {
      "type": "Feature",
      "geometry": {
        "type": "Point",
        "coordinates": [
          112.961979,
          22.948486
        ]
      },
      "properties": {
        "id": "",
        "name": "广东千古情景区",
        "town": "西樵镇",
        "rev_count": 12654,
        "avg_rate": 0,
        "pos_rate": 0,
        "neg_rate": 0,
        "sources": "去哪儿|携程|马蜂窝"
      }
    },
    {
      "type": "Feature",
      "geometry": {
        "type": "Point",
        "coordinates": [
          112.971259,
          22.937579
        ]
      },
      "properties": {
        "id": "",
        "name": "飞流千尺",
        "town": "西樵镇",
        "rev_count": 12654,
        "avg_rate": 0,
        "pos_rate": 0,
        "neg_rate": 0,
        "sources": "去哪儿|携程|马蜂窝"
      }
    },
    {
      "type": "Feature",
      "geometry": {
        "type": "Point",
        "coordinates": [
          112.991854,
          22.978465
        ]
      },
      "properties": {
        "id": "",
        "name": "西樵镇金巴利交通运动公园",
        "town": "西樵镇",
        "rev_count": 12654,
        "avg_rate": 0,
        "pos_rate": 0,
        "neg_rate": 0,
        "sources": "去哪儿|携程|马蜂窝"
      }
    },
    {
      "type": "Feature",
      "geometry": {
        "type": "Point",
        "coordinates": [
          112.968041,
          22.942378
        ]
      },
      "properties": {
        "id": "",
        "name": "听音湖",
        "town": "西樵镇",
        "rev_count": 12654,
        "avg_rate": 0,
        "pos_rate": 0,
        "neg_rate": 0,
        "sources": "去哪儿|携程|马蜂窝"
      }
    },
    {
      "type": "Feature",
      "geometry": {
        "type": "Point",
        "coordinates": [
          112.983678,
          22.940558
        ]
      },
      "properties": {
        "id": "",
        "name": "西樵山宝峰寺-观景平台",
        "town": "西樵镇",
        "rev_count": 12654,
        "avg_rate": 0,
        "pos_rate": 0,
        "neg_rate": 0,
        "sources": "去哪儿|携程|马蜂窝"
      }
    },
    {
      "type": "Feature",
      "geometry": {
        "type": "Point",
        "coordinates": [
          112.984248,
          22.938229
        ]
      },
      "properties": {
        "id": "",
        "name": "西樵山宝峰寺-四面佛",
        "town": "西樵镇",
        "rev_count": 12654,
        "avg_rate": 0,
        "pos_rate": 0,
        "neg_rate": 0,
        "sources": "去哪儿|携程|马蜂窝"
      }
    },
    {
      "type": "Feature",
      "geometry": {
        "type": "Point",
        "coordinates": [
          112.972113,
          22.939326
        ]
      },
      "properties": {
        "id": "",
        "name": "西樵山云泉仙馆",
        "town": "西樵镇",
        "rev_count": 12654,
        "avg_rate": 0,
        "pos_rate": 0,
        "neg_rate": 0,
        "sources": "去哪儿|携程|马蜂窝"
      }
    },
    {
      "type": "Feature",
      "geometry": {
        "type": "Point",
        "coordinates": [
          112.975608,
          22.934941
        ]
      },
      "properties": {
        "id": "",
        "name": "西樵山风景名胜区天湖公园-天湖",
        "town": "西樵镇",
        "rev_count": 12654,
        "avg_rate": 0,
        "pos_rate": 0,
        "neg_rate": 0,
        "sources": "去哪儿|携程|马蜂窝"
      }
    },
    {
      "type": "Feature",
      "geometry": {
        "type": "Point",
        "coordinates": [
          112.970921,
          22.939658
        ]
      },
      "properties": {
        "id": "",
        "name": "西樵山白云古寺",
        "town": "西樵镇",
        "rev_count": 12654,
        "avg_rate": 0,
        "pos_rate": 0,
        "neg_rate": 0,
        "sources": "去哪儿|携程|马蜂窝"
      }
    },
    {
      "type": "Feature",
      "geometry": {
        "type": "Point",
        "coordinates": [
          112.974069,
          22.987882
        ]
      },
      "properties": {
        "id": "",
        "name": "大岸南坊村南泉何公祠",
        "town": "丹灶镇",
        "rev_count": 12654,
        "avg_rate": 0,
        "pos_rate": 0,
        "neg_rate": 0,
        "sources": "去哪儿|携程|马蜂窝"
      }
    },
    {
      "type": "Feature",
      "geometry": {
        "type": "Point",
        "coordinates": [
          112.971761,
          22.942465
        ]
      },
      "properties": {
        "id": "",
        "name": "白云洞景区-樵园公园",
        "town": "西樵镇",
        "rev_count": 12654,
        "avg_rate": 0,
        "pos_rate": 0,
        "neg_rate": 0,
        "sources": "去哪儿|携程|马蜂窝"
      }
    },
    {
      "type": "Feature",
      "geometry": {
        "type": "Point",
        "coordinates": [
          112.98808,
          22.936394
        ]
      },
      "properties": {
        "id": "",
        "name": "翠岩",
        "town": "西樵镇",
        "rev_count": 12654,
        "avg_rate": 0,
        "pos_rate": 0,
        "neg_rate": 0,
        "sources": "去哪儿|携程|马蜂窝"
      }
    },
    {
      "type": "Feature",
      "geometry": {
        "type": "Point",
        "coordinates": [
          112.983795,
          22.935105
        ]
      },
      "properties": {
        "id": "",
        "name": "西樵山宝峰寺-放生池",
        "town": "西樵镇",
        "rev_count": 12654,
        "avg_rate": 0,
        "pos_rate": 0,
        "neg_rate": 0,
        "sources": "去哪儿|携程|马蜂窝"
      }
    },
    {
      "type": "Feature",
      "geometry": {
        "type": "Point",
        "coordinates": [
          112.970495,
          22.938953
        ]
      },
      "properties": {
        "id": "",
        "name": "福地",
        "town": "西樵镇",
        "rev_count": 12654,
        "avg_rate": 0,
        "pos_rate": 0,
        "neg_rate": 0,
        "sources": "去哪儿|携程|马蜂窝"
      }
    },
    {
      "type": "Feature",
      "geometry": {
        "type": "Point",
        "coordinates": [
          112.983743,
          22.935622
        ]
      },
      "properties": {
        "id": "",
        "name": "大慈大悲牌坊",
        "town": "西樵镇",
        "rev_count": 12654,
        "avg_rate": 0,
        "pos_rate": 0,
        "neg_rate": 0,
        "sources": "去哪儿|携程|马蜂窝"
      }
    },
    {
      "type": "Feature",
      "geometry": {
        "type": "Point",
        "coordinates": [
          112.98877,
          22.943175
        ]
      },
      "properties": {
        "id": "",
        "name": "西樵山旅游度假区",
        "town": "西樵镇",
        "rev_count": 12654,
        "avg_rate": 0,
        "pos_rate": 0,
        "neg_rate": 0,
        "sources": "去哪儿|携程|马蜂窝"
      }
    },
    {
      "type": "Feature",
      "geometry": {
        "type": "Point",
        "coordinates": [
          113.003022,
          22.952411
        ]
      },
      "properties": {
        "id": "",
        "name": "官山",
        "town": "西樵镇",
        "rev_count": 12654,
        "avg_rate": 0,
        "pos_rate": 0,
        "neg_rate": 0,
        "sources": "去哪儿|携程|马蜂窝"
      }
    },
    {
      "type": "Feature",
      "geometry": {
        "type": "Point",
        "coordinates": [
          112.973323,
          22.988431
        ]
      },
      "properties": {
        "id": "",
        "name": "何氏世祠",
        "town": "丹灶镇",
        "rev_count": 12654,
        "avg_rate": 0,
        "pos_rate": 0,
        "neg_rate": 0,
        "sources": "去哪儿|携程|马蜂窝"
      }
    },
    {
      "type": "Feature",
      "geometry": {
        "type": "Point",
        "coordinates": [
          112.97632,
          22.934524
        ]
      },
      "properties": {
        "id": "",
        "name": "西樵山风景名胜区天湖公园-鸳鸯亭",
        "town": "西樵镇",
        "rev_count": 12654,
        "avg_rate": 0,
        "pos_rate": 0,
        "neg_rate": 0,
        "sources": "去哪儿|携程|马蜂窝"
      }
    },
    {
      "type": "Feature",
      "geometry": {
        "type": "Point",
        "coordinates": [
          112.971392,
          22.938122
        ]
      },
      "properties": {
        "id": "",
        "name": "西山胜景牌坊",
        "town": "西樵镇",
        "rev_count": 12654,
        "avg_rate": 0,
        "pos_rate": 0,
        "neg_rate": 0,
        "sources": "去哪儿|携程|马蜂窝"
      }
    },
    {
      "type": "Feature",
      "geometry": {
        "type": "Point",
        "coordinates": [
          112.987418,
          22.934116
        ]
      },
      "properties": {
        "id": "",
        "name": "西樵山风景名胜区-无叶井",
        "town": "西樵镇",
        "rev_count": 12654,
        "avg_rate": 0,
        "pos_rate": 0,
        "neg_rate": 0,
        "sources": "去哪儿|携程|马蜂窝"
      }
    },
    {
      "type": "Feature",
      "geometry": {
        "type": "Point",
        "coordinates": [
          112.982179,
          22.938895
        ]
      },
      "properties": {
        "id": "",
        "name": "梅花古道",
        "town": "西樵镇",
        "rev_count": 12654,
        "avg_rate": 0,
        "pos_rate": 0,
        "neg_rate": 0,
        "sources": "去哪儿|携程|马蜂窝"
      }
    },
    {
      "type": "Feature",
      "geometry": {
        "type": "Point",
        "coordinates": [
          112.971053,
          22.93949
        ]
      },
      "properties": {
        "id": "",
        "name": "字祖庙",
        "town": "西樵镇",
        "rev_count": 12654,
        "avg_rate": 0,
        "pos_rate": 0,
        "neg_rate": 0,
        "sources": "去哪儿|携程|马蜂窝"
      }
    },
    {
      "type": "Feature",
      "geometry": {
        "type": "Point",
        "coordinates": [
          112.941246,
          22.977414
        ]
      },
      "properties": {
        "id": "",
        "name": "西樵香云纱丝绸博物馆",
        "town": "西樵镇",
        "rev_count": 12654,
        "avg_rate": 0,
        "pos_rate": 0,
        "neg_rate": 0,
        "sources": "去哪儿|携程|马蜂窝"
      }
    },
    {
      "type": "Feature",
      "geometry": {
        "type": "Point",
        "coordinates": [
          112.983459,
          22.937072
        ]
      },
      "properties": {
        "id": "",
        "name": "西樵山宝峰寺-观音殿",
        "town": "西樵镇",
        "rev_count": 12654,
        "avg_rate": 0,
        "pos_rate": 0,
        "neg_rate": 0,
        "sources": "去哪儿|携程|马蜂窝"
      }
    },
    {
      "type": "Feature",
      "geometry": {
        "type": "Point",
        "coordinates": [
          112.987126,
          22.940401
        ]
      },
      "properties": {
        "id": "",
        "name": "西樵山红色文化长廊",
        "town": "西樵镇",
        "rev_count": 12654,
        "avg_rate": 0,
        "pos_rate": 0,
        "neg_rate": 0,
        "sources": "去哪儿|携程|马蜂窝"
      }
    },
    {
      "type": "Feature",
      "geometry": {
        "type": "Point",
        "coordinates": [
          112.981311,
          22.945634
        ]
      },
      "properties": {
        "id": "",
        "name": "天镇峰公园",
        "town": "丹灶镇",
        "rev_count": 12654,
        "avg_rate": 0,
        "pos_rate": 0,
        "neg_rate": 0,
        "sources": "去哪儿|携程|马蜂窝"
      }
    },
    {
      "type": "Feature",
      "geometry": {
        "type": "Point",
        "coordinates": [
          112.975996,
          22.933481
        ]
      },
      "properties": {
        "id": "",
        "name": "西樵山地质博物馆",
        "town": "西樵镇",
        "rev_count": 12654,
        "avg_rate": 0,
        "pos_rate": 0,
        "neg_rate": 0,
        "sources": "去哪儿|携程|马蜂窝"
      }
    },
    {
      "type": "Feature",
      "geometry": {
        "type": "Point",
        "coordinates": [
          112.987224,
          22.941629
        ]
      },
      "properties": {
        "id": "",
        "name": "百步梯",
        "town": "西樵镇",
        "rev_count": 12654,
        "avg_rate": 0,
        "pos_rate": 0,
        "neg_rate": 0,
        "sources": "去哪儿|携程|马蜂窝"
      }
    },
    {
      "type": "Feature",
      "geometry": {
        "type": "Point",
        "coordinates": [
          112.987374,
          22.935638
        ]
      },
      "properties": {
        "id": "",
        "name": "西樵山风景名胜区-半月泉",
        "town": "西樵镇",
        "rev_count": 12654,
        "avg_rate": 0,
        "pos_rate": 0,
        "neg_rate": 0,
        "sources": "去哪儿|携程|马蜂窝"
      }
    },
    {
      "type": "Feature",
      "geometry": {
        "type": "Point",
        "coordinates": [
          112.976004,
          22.935755
        ]
      },
      "properties": {
        "id": "",
        "name": "西樵山风景名胜区天湖公园-九曲桥",
        "town": "西樵镇",
        "rev_count": 12654,
        "avg_rate": 0,
        "pos_rate": 0,
        "neg_rate": 0,
        "sources": "去哪儿|携程|马蜂窝"
      }
    },
    {
      "type": "Feature",
      "geometry": {
        "type": "Point",
        "coordinates": [
          112.985165,
          22.936321
        ]
      },
      "properties": {
        "id": "",
        "name": "西樵山宝峰寺-舍利塔",
        "town": "西樵镇",
        "rev_count": 12654,
        "avg_rate": 0,
        "pos_rate": 0,
        "neg_rate": 0,
        "sources": "去哪儿|携程|马蜂窝"
      }
    },
    {
      "type": "Feature",
      "geometry": {
        "type": "Point",
        "coordinates": [
          112.977172,
          22.934898
        ]
      },
      "properties": {
        "id": "",
        "name": "西樵山风景名胜区-龙涎泉",
        "town": "西樵镇",
        "rev_count": 12654,
        "avg_rate": 0,
        "pos_rate": 0,
        "neg_rate": 0,
        "sources": "去哪儿|携程|马蜂窝"
      }
    },
    {
      "type": "Feature",
      "geometry": {
        "type": "Point",
        "coordinates": [
          112.983779,
          22.936537
        ]
      },
      "properties": {
        "id": "",
        "name": "西樵山宝峰寺-法堂",
        "town": "西樵镇",
        "rev_count": 12654,
        "avg_rate": 0,
        "pos_rate": 0,
        "neg_rate": 0,
        "sources": "去哪儿|携程|马蜂窝"
      }
    },
    {
      "type": "Feature",
      "geometry": {
        "type": "Point",
        "coordinates": [
          112.983457,
          22.983691
        ]
      },
      "properties": {
        "id": "",
        "name": "西樵山水上练习场",
        "town": "西樵镇",
        "rev_count": 12654,
        "avg_rate": 0,
        "pos_rate": 0,
        "neg_rate": 0,
        "sources": "去哪儿|携程|马蜂窝"
      }
    },
    {
      "type": "Feature",
      "geometry": {
        "type": "Point",
        "coordinates": [
          112.98344,
          22.936876
        ]
      },
      "properties": {
        "id": "",
        "name": "西樵山宝峰寺-文殊殿",
        "town": "西樵镇",
        "rev_count": 12654,
        "avg_rate": 0,
        "pos_rate": 0,
        "neg_rate": 0,
        "sources": "去哪儿|携程|马蜂窝"
      }
    },
    {
      "type": "Feature",
      "geometry": {
        "type": "Point",
        "coordinates": [
          112.987448,
          22.935296
        ]
      },
      "properties": {
        "id": "",
        "name": "西樵山风景名胜区-摩崖石刻",
        "town": "西樵镇",
        "rev_count": 12654,
        "avg_rate": 0,
        "pos_rate": 0,
        "neg_rate": 0,
        "sources": "去哪儿|携程|马蜂窝"
      }
    },
    {
      "type": "Feature",
      "geometry": {
        "type": "Point",
        "coordinates": [
          112.982372,
          22.943682
        ]
      },
      "properties": {
        "id": "",
        "name": "潮水古庙",
        "town": "丹灶镇",
        "rev_count": 12654,
        "avg_rate": 0,
        "pos_rate": 0,
        "neg_rate": 0,
        "sources": "去哪儿|携程|马蜂窝"
      }
    },
    {
      "type": "Feature",
      "geometry": {
        "type": "Point",
        "coordinates": [
          112.984137,
          22.937022
        ]
      },
      "properties": {
        "id": "",
        "name": "西樵山宝峰寺-地藏殿",
        "town": "西樵镇",
        "rev_count": 12654,
        "avg_rate": 0,
        "pos_rate": 0,
        "neg_rate": 0,
        "sources": "去哪儿|携程|马蜂窝"
      }
    },
    {
      "type": "Feature",
      "geometry": {
        "type": "Point",
        "coordinates": [
          112.986445,
          22.939548
        ]
      },
      "properties": {
        "id": "",
        "name": "东天湖",
        "town": "西樵镇",
        "rev_count": 12654,
        "avg_rate": 0,
        "pos_rate": 0,
        "neg_rate": 0,
        "sources": "去哪儿|携程|马蜂窝"
      }
    },
    {
      "type": "Feature",
      "geometry": {
        "type": "Point",
        "coordinates": [
          112.987922,
          22.940443
        ]
      },
      "properties": {
        "id": "",
        "name": "西樵山抗日阵亡将士暨死难同胞纪念碑",
        "town": "西樵镇",
        "rev_count": 12654,
        "avg_rate": 0,
        "pos_rate": 0,
        "neg_rate": 0,
        "sources": "去哪儿|携程|马蜂窝"
      }
    },
    {
      "type": "Feature",
      "geometry": {
        "type": "Point",
        "coordinates": [
          112.983801,
          22.937807
        ]
      },
      "properties": {
        "id": "",
        "name": "西樵山宝峰寺-天王殿",
        "town": "西樵镇",
        "rev_count": 12654,
        "avg_rate": 0,
        "pos_rate": 0,
        "neg_rate": 0,
        "sources": "去哪儿|携程|马蜂窝"
      }
    },
    {
      "type": "Feature",
      "geometry": {
        "type": "Point",
        "coordinates": [
          113.000015,
          22.956776
        ]
      },
      "properties": {
        "id": "",
        "name": "樵高路北帝庙",
        "town": "丹灶镇",
        "rev_count": 12654,
        "avg_rate": 0,
        "pos_rate": 0,
        "neg_rate": 0,
        "sources": "去哪儿|携程|马蜂窝"
      }
    },
    {
      "type": "Feature",
      "geometry": {
        "type": "Point",
        "coordinates": [
          112.984278,
          22.937391
        ]
      },
      "properties": {
        "id": "",
        "name": "西樵山宝峰寺-祖殿",
        "town": "西樵镇",
        "rev_count": 12654,
        "avg_rate": 0,
        "pos_rate": 0,
        "neg_rate": 0,
        "sources": "去哪儿|携程|马蜂窝"
      }
    },
    {
      "type": "Feature",
      "geometry": {
        "type": "Point",
        "coordinates": [
          112.983189,
          22.937114
        ]
      },
      "properties": {
        "id": "",
        "name": "五观堂",
        "town": "西樵镇",
        "rev_count": 12654,
        "avg_rate": 0,
        "pos_rate": 0,
        "neg_rate": 0,
        "sources": "去哪儿|携程|马蜂窝"
      }
    },
    {
      "type": "Feature",
      "geometry": {
        "type": "Point",
        "coordinates": [
          112.971039,
          22.939678
        ]
      },
      "properties": {
        "id": "",
        "name": "西樵山风景名胜区-大雄宝殿",
        "town": "西樵镇",
        "rev_count": 12654,
        "avg_rate": 0,
        "pos_rate": 0,
        "neg_rate": 0,
        "sources": "去哪儿|携程|马蜂窝"
      }
    },
    {
      "type": "Feature",
      "geometry": {
        "type": "Point",
        "coordinates": [
          112.97123,
          22.939664
        ]
      },
      "properties": {
        "id": "",
        "name": "西樵山风景名胜区-功德堂",
        "town": "西樵镇",
        "rev_count": 12654,
        "avg_rate": 0,
        "pos_rate": 0,
        "neg_rate": 0,
        "sources": "去哪儿|携程|马蜂窝"
      }
    },
    {
      "type": "Feature",
      "geometry": {
        "type": "Point",
        "coordinates": [
          112.972193,
          22.93857
        ]
      },
      "properties": {
        "id": "",
        "name": "西樵山风景名胜区-祖堂",
        "town": "西樵镇",
        "rev_count": 12654,
        "avg_rate": 0,
        "pos_rate": 0,
        "neg_rate": 0,
        "sources": "去哪儿|携程|马蜂窝"
      }
    },
    {
      "type": "Feature",
      "geometry": {
        "type": "Point",
        "coordinates": [
          112.972216,
          22.938909
        ]
      },
      "properties": {
        "id": "",
        "name": "西樵山风景名胜区-慈云宫",
        "town": "西樵镇",
        "rev_count": 12654,
        "avg_rate": 0,
        "pos_rate": 0,
        "neg_rate": 0,
        "sources": "去哪儿|携程|马蜂窝"
      }
    },
    {
      "type": "Feature",
      "geometry": {
        "type": "Point",
        "coordinates": [
          112.970931,
          22.939698
        ]
      },
      "properties": {
        "id": "",
        "name": "西樵山风景名胜区-韦驮殿",
        "town": "西樵镇",
        "rev_count": 12654,
        "avg_rate": 0,
        "pos_rate": 0,
        "neg_rate": 0,
        "sources": "去哪儿|携程|马蜂窝"
      }
    },
    {
      "type": "Feature",
      "geometry": {
        "type": "Point",
        "coordinates": [
          112.987498,
          22.935569
        ]
      },
      "properties": {
        "id": "",
        "name": "功德善祠",
        "town": "西樵镇",
        "rev_count": 12654,
        "avg_rate": 0,
        "pos_rate": 0,
        "neg_rate": 0,
        "sources": "去哪儿|携程|马蜂窝"
      }
    },
    {
      "type": "Feature",
      "geometry": {
        "type": "Point",
        "coordinates": [
          112.99577,
          22.951936
        ]
      },
      "properties": {
        "id": "",
        "name": "西樵消防主题公园",
        "town": "西樵镇",
        "rev_count": 12654,
        "avg_rate": 0,
        "pos_rate": 0,
        "neg_rate": 0,
        "sources": "去哪儿|携程|马蜂窝"
      }
    },
    {
      "type": "Feature",
      "geometry": {
        "type": "Point",
        "coordinates": [
          112.970742,
          22.945764
        ]
      },
      "properties": {
        "id": "",
        "name": "杏丰公园",
        "town": "西樵镇",
        "rev_count": 12654,
        "avg_rate": 0,
        "pos_rate": 0,
        "neg_rate": 0,
        "sources": "去哪儿|携程|马蜂窝"
      }
    },
    {
      "type": "Feature",
      "geometry": {
        "type": "Point",
        "coordinates": [
          112.998993,
          22.941775
        ]
      },
      "properties": {
        "id": "",
        "name": "西樵镇健康主题公园",
        "town": "西樵镇",
        "rev_count": 12654,
        "avg_rate": 0,
        "pos_rate": 0,
        "neg_rate": 0,
        "sources": "去哪儿|携程|马蜂窝"
      }
    },
    {
      "type": "Feature",
      "geometry": {
        "type": "Point",
        "coordinates": [
          112.984128,
          22.936884
        ]
      },
      "properties": {
        "id": "",
        "name": "西樵山宝峰寺-普贤殿",
        "town": "西樵镇",
        "rev_count": 12654,
        "avg_rate": 0,
        "pos_rate": 0,
        "neg_rate": 0,
        "sources": "去哪儿|携程|马蜂窝"
      }
    },
    {
      "type": "Feature",
      "geometry": {
        "type": "Point",
        "coordinates": [
          112.964811,
          22.97704
        ]
      },
      "properties": {
        "id": "",
        "name": "联新社区北塱文化楼",
        "town": "西樵镇",
        "rev_count": 12654,
        "avg_rate": 0,
        "pos_rate": 0,
        "neg_rate": 0,
        "sources": "去哪儿|携程|马蜂窝"
      }
    },
    {
      "type": "Feature",
      "geometry": {
        "type": "Point",
        "coordinates": [
          112.994642,
          22.973328
        ]
      },
      "properties": {
        "id": "",
        "name": "崇南社区基层综合性文化服务中心",
        "town": "丹灶镇",
        "rev_count": 12654,
        "avg_rate": 0,
        "pos_rate": 0,
        "neg_rate": 0,
        "sources": "去哪儿|携程|马蜂窝"
      }
    },
    {
      "type": "Feature",
      "geometry": {
        "type": "Point",
        "coordinates": [
          112.982316,
          22.946229
        ]
      },
      "properties": {
        "id": "",
        "name": "中共佛山市南海区西樵文化体育联合支部委员会",
        "town": "西樵镇",
        "rev_count": 12654,
        "avg_rate": 0,
        "pos_rate": 0,
        "neg_rate": 0,
        "sources": "去哪儿|携程|马蜂窝"
      }
    },
    {
      "type": "Feature",
      "geometry": {
        "type": "Point",
        "coordinates": [
          112.999009,
          22.966268
        ]
      },
      "properties": {
        "id": "",
        "name": "佛山市南海区西樵樵江社区基层综合性文化服务中心",
        "town": "西樵镇",
        "rev_count": 12654,
        "avg_rate": 0,
        "pos_rate": 0,
        "neg_rate": 0,
        "sources": "去哪儿|携程|马蜂窝"
      }
    },
    {
      "type": "Feature",
      "geometry": {
        "type": "Point",
        "coordinates": [
          112.95316,
          22.962793
        ]
      },
      "properties": {
        "id": "",
        "name": "西樵成人文化技术学校(民乐分教点)-北门",
        "town": "西樵镇",
        "rev_count": 12654,
        "avg_rate": 0,
        "pos_rate": 0,
        "neg_rate": 0,
        "sources": "去哪儿|携程|马蜂窝"
      }
    },
    {
      "type": "Feature",
      "geometry": {
        "type": "Point",
        "coordinates": [
          112.97638,
          22.946761
        ]
      },
      "properties": {
        "id": "",
        "name": "金凤凰茶艺·私房菜(西樵岭南文化苑店)",
        "town": "西樵镇",
        "rev_count": 12654,
        "avg_rate": 0,
        "pos_rate": 0,
        "neg_rate": 0,
        "sources": "去哪儿|携程|马蜂窝"
      }
    },
    {
      "type": "Feature",
      "geometry": {
        "type": "Point",
        "coordinates": [
          112.992919,
          22.942713
        ]
      },
      "properties": {
        "id": "",
        "name": "西樵山文化娱乐广场-地上停车场",
        "town": "西樵镇",
        "rev_count": 12654,
        "avg_rate": 0,
        "pos_rate": 0,
        "neg_rate": 0,
        "sources": "去哪儿|携程|马蜂窝"
      }
    },
    {
      "type": "Feature",
      "geometry": {
        "type": "Point",
        "coordinates": [
          112.993782,
          22.942736
        ]
      },
      "properties": {
        "id": "",
        "name": "西樵山文化娱乐广场-东北门",
        "town": "西樵镇",
        "rev_count": 12654,
        "avg_rate": 0,
        "pos_rate": 0,
        "neg_rate": 0,
        "sources": "去哪儿|携程|马蜂窝"
      }
    },
    {
      "type": "Feature",
      "geometry": {
        "type": "Point",
        "coordinates": [
          112.968715,
          22.945305
        ]
      },
      "properties": {
        "id": "",
        "name": "爱国社区杏头村文化楼公厕",
        "town": "西樵镇",
        "rev_count": 12654,
        "avg_rate": 0,
        "pos_rate": 0,
        "neg_rate": 0,
        "sources": "去哪儿|携程|马蜂窝"
      }
    },
    {
      "type": "Feature",
      "geometry": {
        "type": "Point",
        "coordinates": [
          112.949855,
          22.960498
        ]
      },
      "properties": {
        "id": "",
        "name": "敦伦村文化楼南侧-停车场",
        "town": "丹灶镇",
        "rev_count": 12654,
        "avg_rate": 0,
        "pos_rate": 0,
        "neg_rate": 0,
        "sources": "去哪儿|携程|马蜂窝"
      }
    },
    {
      "type": "Feature",
      "geometry": {
        "type": "Point",
        "coordinates": [
          112.991307,
          22.978574
        ]
      },
      "properties": {
        "id": "",
        "name": "正嘢私房菜",
        "town": "西樵镇",
        "rev_count": 12654,
        "avg_rate": 0,
        "pos_rate": 0,
        "neg_rate": 0,
        "sources": "去哪儿|携程|马蜂窝"
      }
    },
    {
      "type": "Feature",
      "geometry": {
        "type": "Point",
        "coordinates": [
          112.993687,
          22.94222
        ]
      },
      "properties": {
        "id": "",
        "name": "西樵山北门游客服务中心",
        "town": "西樵镇",
        "rev_count": 12654,
        "avg_rate": 0,
        "pos_rate": 0,
        "neg_rate": 0,
        "sources": "去哪儿|携程|马蜂窝"
      }
    },
    {
      "type": "Feature",
      "geometry": {
        "type": "Point",
        "coordinates": [
          112.947848,
          23.005536
        ]
      },
      "properties": {
        "id": "",
        "name": "昌辉纺织",
        "town": "西樵镇",
        "rev_count": 12654,
        "avg_rate": 0,
        "pos_rate": 0,
        "neg_rate": 0,
        "sources": "去哪儿|携程|马蜂窝"
      }
    },
    {
      "type": "Feature",
      "geometry": {
        "type": "Point",
        "coordinates": [
          112.991673,
          22.977643
        ]
      },
      "properties": {
        "id": "",
        "name": "佛山市南海区中耀五金制品厂",
        "town": "丹灶镇",
        "rev_count": 12654,
        "avg_rate": 0,
        "pos_rate": 0,
        "neg_rate": 0,
        "sources": "去哪儿|携程|马蜂窝"
      }
    },
    {
      "type": "Feature",
      "geometry": {
        "type": "Point",
        "coordinates": [
          112.968638,
          22.945047
        ]
      },
      "properties": {
        "id": "",
        "name": "南方电网充电站(佛山南海西樵爱国村站)",
        "town": "西樵镇",
        "rev_count": 12654,
        "avg_rate": 0,
        "pos_rate": 0,
        "neg_rate": 0,
        "sources": "去哪儿|携程|马蜂窝"
      }
    },
    {
      "type": "Feature",
      "geometry": {
        "type": "Point",
        "coordinates": [
          112.946825,
          22.99534
        ]
      },
      "properties": {
        "id": "",
        "name": "碧仰冯公祠",
        "town": "丹灶镇",
        "rev_count": 12654,
        "avg_rate": 0,
        "pos_rate": 0,
        "neg_rate": 0,
        "sources": "去哪儿|携程|马蜂窝"
      }
    },
    {
      "type": "Feature",
      "geometry": {
        "type": "Point",
        "coordinates": [
          112.987483,
          22.937557
        ]
      },
      "properties": {
        "id": "",
        "name": "石泉书院",
        "town": "西樵镇",
        "rev_count": 12654,
        "avg_rate": 0,
        "pos_rate": 0,
        "neg_rate": 0,
        "sources": "去哪儿|携程|马蜂窝"
      }
    },
    {
      "type": "Feature",
      "geometry": {
        "type": "Point",
        "coordinates": [
          112.963346,
          22.942581
        ]
      },
      "properties": {
        "id": "",
        "name": "有为馆(西樵山美术馆)",
        "town": "西樵镇",
        "rev_count": 12654,
        "avg_rate": 0,
        "pos_rate": 0,
        "neg_rate": 0,
        "sources": "去哪儿|携程|马蜂窝"
      }
    },
    {
      "type": "Feature",
      "geometry": {
        "type": "Point",
        "coordinates": [
          112.953303,
          22.940655
        ]
      },
      "properties": {
        "id": "",
        "name": "敖丙艺术馆",
        "town": "西樵镇",
        "rev_count": 12654,
        "avg_rate": 0,
        "pos_rate": 0,
        "neg_rate": 0,
        "sources": "去哪儿|携程|马蜂窝"
      }
    },
    {
      "type": "Feature",
      "geometry": {
        "type": "Point",
        "coordinates": [
          113.000098,
          22.956646
        ]
      },
      "properties": {
        "id": "",
        "name": "吴氏聚会堂",
        "town": "西樵镇",
        "rev_count": 12654,
        "avg_rate": 0,
        "pos_rate": 0,
        "neg_rate": 0,
        "sources": "去哪儿|携程|马蜂窝"
      }
    },
    {
      "type": "Feature",
      "geometry": {
        "type": "Point",
        "coordinates": [
          112.981878,
          22.945739
        ]
      },
      "properties": {
        "id": "",
        "name": "西樵展览馆",
        "town": "西樵镇",
        "rev_count": 12654,
        "avg_rate": 0,
        "pos_rate": 0,
        "neg_rate": 0,
        "sources": "去哪儿|携程|马蜂窝"
      }
    },
    {
      "type": "Feature",
      "geometry": {
        "type": "Point",
        "coordinates": [
          112.969028,
          22.944549
        ]
      },
      "properties": {
        "id": "",
        "name": "观心博览馆",
        "town": "西樵镇",
        "rev_count": 12654,
        "avg_rate": 0,
        "pos_rate": 0,
        "neg_rate": 0,
        "sources": "去哪儿|携程|马蜂窝"
      }
    },
    {
      "type": "Feature",
      "geometry": {
        "type": "Point",
        "coordinates": [
          112.959872,
          22.951049
        ]
      },
      "properties": {
        "id": "",
        "name": "陈启沅生平名迹展览",
        "town": "狮山镇",
        "rev_count": 12654,
        "avg_rate": 0,
        "pos_rate": 0,
        "neg_rate": 0,
        "sources": "去哪儿|携程|马蜂窝"
      }
    },
    {
      "type": "Feature",
      "geometry": {
        "type": "Point",
        "coordinates": [
          112.965801,
          22.944386
        ]
      },
      "properties": {
        "id": "",
        "name": "西樵文联展览基地",
        "town": "西樵镇",
        "rev_count": 12654,
        "avg_rate": 0,
        "pos_rate": 0,
        "neg_rate": 0,
        "sources": "去哪儿|携程|马蜂窝"
      }
    },
    {
      "type": "Feature",
      "geometry": {
        "type": "Point",
        "coordinates": [
          112.982004,
          22.945932
        ]
      },
      "properties": {
        "id": "",
        "name": "西樵老年诗书画摄影协会作品展示室",
        "town": "西樵镇",
        "rev_count": 12654,
        "avg_rate": 0,
        "pos_rate": 0,
        "neg_rate": 0,
        "sources": "去哪儿|携程|马蜂窝"
      }
    },
    {
      "type": "Feature",
      "geometry": {
        "type": "Point",
        "coordinates": [
          113.001672,
          22.836153
        ]
      },
      "properties": {
        "id": "",
        "name": "南海健康主题公园",
        "town": "丹灶镇",
        "rev_count": 12654,
        "avg_rate": 0,
        "pos_rate": 0,
        "neg_rate": 0,
        "sources": "去哪儿|携程|马蜂窝"
      }
    },
    {
      "type": "Feature",
      "geometry": {
        "type": "Point",
        "coordinates": [
          112.990238,
          22.837638
        ]
      },
      "properties": {
        "id": "",
        "name": "九江镇西江外滩湿地公园",
        "town": "九江镇",
        "rev_count": 12654,
        "avg_rate": 0,
        "pos_rate": 0,
        "neg_rate": 0,
        "sources": "去哪儿|携程|马蜂窝"
      }
    },
    {
      "type": "Feature",
      "geometry": {
        "type": "Point",
        "coordinates": [
          112.988238,
          22.837701
        ]
      },
      "properties": {
        "id": "",
        "name": "九江沙雕艺术公园",
        "town": "九江镇",
        "rev_count": 12654,
        "avg_rate": 0,
        "pos_rate": 0,
        "neg_rate": 0,
        "sources": "去哪儿|携程|马蜂窝"
      }
    },
    {
      "type": "Feature",
      "geometry": {
        "type": "Point",
        "coordinates": [
          112.973473,
          22.864832
        ]
      },
      "properties": {
        "id": "",
        "name": "松桂公园",
        "town": "西樵镇",
        "rev_count": 12654,
        "avg_rate": 0,
        "pos_rate": 0,
        "neg_rate": 0,
        "sources": "去哪儿|携程|马蜂窝"
      }
    },
    {
      "type": "Feature",
      "geometry": {
        "type": "Point",
        "coordinates": [
          113.013294,
          22.835913
        ]
      },
      "properties": {
        "id": "",
        "name": "九江镇朱九江纪念公园",
        "town": "九江镇",
        "rev_count": 12654,
        "avg_rate": 0,
        "pos_rate": 0,
        "neg_rate": 0,
        "sources": "去哪儿|携程|马蜂窝"
      }
    },
    {
      "type": "Feature",
      "geometry": {
        "type": "Point",
        "coordinates": [
          112.996437,
          22.846044
        ]
      },
      "properties": {
        "id": "",
        "name": "相府四队-绿蚕房",
        "town": "九江镇",
        "rev_count": 12654,
        "avg_rate": 0,
        "pos_rate": 0,
        "neg_rate": 0,
        "sources": "去哪儿|携程|马蜂窝"
      }
    },
    {
      "type": "Feature",
      "geometry": {
        "type": "Point",
        "coordinates": [
          113.002883,
          22.814159
        ]
      },
      "properties": {
        "id": "",
        "name": "海寿岛方舟营地",
        "town": "九江镇",
        "rev_count": 12654,
        "avg_rate": 0,
        "pos_rate": 0,
        "neg_rate": 0,
        "sources": "去哪儿|携程|马蜂窝"
      }
    },
    {
      "type": "Feature",
      "geometry": {
        "type": "Point",
        "coordinates": [
          113.016311,
          22.853644
        ]
      },
      "properties": {
        "id": "",
        "name": "无忧营地",
        "town": "九江镇",
        "rev_count": 12654,
        "avg_rate": 0,
        "pos_rate": 0,
        "neg_rate": 0,
        "sources": "去哪儿|携程|马蜂窝"
      }
    },
    {
      "type": "Feature",
      "geometry": {
        "type": "Point",
        "coordinates": [
          113.001017,
          22.891181
        ]
      },
      "properties": {
        "id": "",
        "name": "太涵程公祠",
        "town": "丹灶镇",
        "rev_count": 12654,
        "avg_rate": 0,
        "pos_rate": 0,
        "neg_rate": 0,
        "sources": "去哪儿|携程|马蜂窝"
      }
    },
    {
      "type": "Feature",
      "geometry": {
        "type": "Point",
        "coordinates": [
          112.993446,
          22.886768
        ]
      },
      "properties": {
        "id": "",
        "name": "政夫郭公祠",
        "town": "西樵镇",
        "rev_count": 12654,
        "avg_rate": 0,
        "pos_rate": 0,
        "neg_rate": 0,
        "sources": "去哪儿|携程|马蜂窝"
      }
    },
    {
      "type": "Feature",
      "geometry": {
        "type": "Point",
        "coordinates": [
          113.021381,
          22.848767
        ]
      },
      "properties": {
        "id": "",
        "name": "123快乐树",
        "town": "九江镇",
        "rev_count": 12654,
        "avg_rate": 0,
        "pos_rate": 0,
        "neg_rate": 0,
        "sources": "去哪儿|携程|马蜂窝"
      }
    },
    {
      "type": "Feature",
      "geometry": {
        "type": "Point",
        "coordinates": [
          113.030453,
          22.847886
        ]
      },
      "properties": {
        "id": "",
        "name": "魁星塔",
        "town": "九江镇",
        "rev_count": 12654,
        "avg_rate": 0,
        "pos_rate": 0,
        "neg_rate": 0,
        "sources": "去哪儿|携程|马蜂窝"
      }
    },
    {
      "type": "Feature",
      "geometry": {
        "type": "Point",
        "coordinates": [
          113.026758,
          22.842008
        ]
      },
      "properties": {
        "id": "",
        "name": "朱九江先生纪念堂",
        "town": "九江镇",
        "rev_count": 12654,
        "avg_rate": 0,
        "pos_rate": 0,
        "neg_rate": 0,
        "sources": "去哪儿|携程|马蜂窝"
      }
    },
    {
      "type": "Feature",
      "geometry": {
        "type": "Point",
        "coordinates": [
          113.000409,
          22.893316
        ]
      },
      "properties": {
        "id": "",
        "name": "南涧程公祠",
        "town": "丹灶镇",
        "rev_count": 12654,
        "avg_rate": 0,
        "pos_rate": 0,
        "neg_rate": 0,
        "sources": "去哪儿|携程|马蜂窝"
      }
    },
    {
      "type": "Feature",
      "geometry": {
        "type": "Point",
        "coordinates": [
          113.008814,
          22.871329
        ]
      },
      "properties": {
        "id": "",
        "name": "朝阳里福德祠",
        "town": "丹灶镇",
        "rev_count": 12654,
        "avg_rate": 0,
        "pos_rate": 0,
        "neg_rate": 0,
        "sources": "去哪儿|携程|马蜂窝"
      }
    },
    {
      "type": "Feature",
      "geometry": {
        "type": "Point",
        "coordinates": [
          113.010236,
          22.837949
        ]
      },
      "properties": {
        "id": "",
        "name": "周记园林",
        "town": "丹灶镇",
        "rev_count": 12654,
        "avg_rate": 0,
        "pos_rate": 0,
        "neg_rate": 0,
        "sources": "去哪儿|携程|马蜂窝"
      }
    },
    {
      "type": "Feature",
      "geometry": {
        "type": "Point",
        "coordinates": [
          113.00398,
          22.81297
        ]
      },
      "properties": {
        "id": "",
        "name": "绿之岛亲水户外露营地",
        "town": "九江镇",
        "rev_count": 12654,
        "avg_rate": 0,
        "pos_rate": 0,
        "neg_rate": 0,
        "sources": "去哪儿|携程|马蜂窝"
      }
    },
    {
      "type": "Feature",
      "geometry": {
        "type": "Point",
        "coordinates": [
          113.005564,
          22.844907
        ]
      },
      "properties": {
        "id": "",
        "name": "稔二文化中心",
        "town": "九江镇",
        "rev_count": 12654,
        "avg_rate": 0,
        "pos_rate": 0,
        "neg_rate": 0,
        "sources": "去哪儿|携程|马蜂窝"
      }
    },
    {
      "type": "Feature",
      "geometry": {
        "type": "Point",
        "coordinates": [
          113.009411,
          22.842238
        ]
      },
      "properties": {
        "id": "",
        "name": "上基文化楼",
        "town": "丹灶镇",
        "rev_count": 12654,
        "avg_rate": 0,
        "pos_rate": 0,
        "neg_rate": 0,
        "sources": "去哪儿|携程|马蜂窝"
      }
    },
    {
      "type": "Feature",
      "geometry": {
        "type": "Point",
        "coordinates": [
          113.003455,
          22.853111
        ]
      },
      "properties": {
        "id": "",
        "name": "佛山市南海区九江镇下西社区桑蚕文化体验馆",
        "town": "九江镇",
        "rev_count": 12654,
        "avg_rate": 0,
        "pos_rate": 0,
        "neg_rate": 0,
        "sources": "去哪儿|携程|马蜂窝"
      }
    },
    {
      "type": "Feature",
      "geometry": {
        "type": "Point",
        "coordinates": [
          112.996222,
          22.845169
        ]
      },
      "properties": {
        "id": "",
        "name": "上西相府村四队-文化楼",
        "town": "九江镇",
        "rev_count": 12654,
        "avg_rate": 0,
        "pos_rate": 0,
        "neg_rate": 0,
        "sources": "去哪儿|携程|马蜂窝"
      }
    },
    {
      "type": "Feature",
      "geometry": {
        "type": "Point",
        "coordinates": [
          112.993885,
          22.837944
        ]
      },
      "properties": {
        "id": "",
        "name": "华尔发文化",
        "town": "丹灶镇",
        "rev_count": 12654,
        "avg_rate": 0,
        "pos_rate": 0,
        "neg_rate": 0,
        "sources": "去哪儿|携程|马蜂窝"
      }
    },
    {
      "type": "Feature",
      "geometry": {
        "type": "Point",
        "coordinates": [
          112.985794,
          22.842515
        ]
      },
      "properties": {
        "id": "",
        "name": "佛山市文萃文化传播有限公司",
        "town": "丹灶镇",
        "rev_count": 12654,
        "avg_rate": 0,
        "pos_rate": 0,
        "neg_rate": 0,
        "sources": "去哪儿|携程|马蜂窝"
      }
    },
    {
      "type": "Feature",
      "geometry": {
        "type": "Point",
        "coordinates": [
          113.008763,
          22.845174
        ]
      },
      "properties": {
        "id": "",
        "name": "稔一文化楼",
        "town": "丹灶镇",
        "rev_count": 12654,
        "avg_rate": 0,
        "pos_rate": 0,
        "neg_rate": 0,
        "sources": "去哪儿|携程|马蜂窝"
      }
    },
    {
      "type": "Feature",
      "geometry": {
        "type": "Point",
        "coordinates": [
          113.002854,
          22.839741
        ]
      },
      "properties": {
        "id": "",
        "name": "西山老人活动中心",
        "town": "丹灶镇",
        "rev_count": 12654,
        "avg_rate": 0,
        "pos_rate": 0,
        "neg_rate": 0,
        "sources": "去哪儿|携程|马蜂窝"
      }
    },
    {
      "type": "Feature",
      "geometry": {
        "type": "Point",
        "coordinates": [
          112.985639,
          22.842651
        ]
      },
      "properties": {
        "id": "",
        "name": "小柔扬文化艺术",
        "town": "九江镇",
        "rev_count": 12654,
        "avg_rate": 0,
        "pos_rate": 0,
        "neg_rate": 0,
        "sources": "去哪儿|携程|马蜂窝"
      }
    },
    {
      "type": "Feature",
      "geometry": {
        "type": "Point",
        "coordinates": [
          113.013443,
          22.836887
        ]
      },
      "properties": {
        "id": "",
        "name": "佛山市南海区苏醒树文化活动策划中心",
        "town": "九江镇",
        "rev_count": 12654,
        "avg_rate": 0,
        "pos_rate": 0,
        "neg_rate": 0,
        "sources": "去哪儿|携程|马蜂窝"
      }
    },
    {
      "type": "Feature",
      "geometry": {
        "type": "Point",
        "coordinates": [
          113.021808,
          22.839884
        ]
      },
      "properties": {
        "id": "",
        "name": "长兴文化楼",
        "town": "丹灶镇",
        "rev_count": 12654,
        "avg_rate": 0,
        "pos_rate": 0,
        "neg_rate": 0,
        "sources": "去哪儿|携程|马蜂窝"
      }
    },
    {
      "type": "Feature",
      "geometry": {
        "type": "Point",
        "coordinates": [
          112.965725,
          22.854576
        ]
      },
      "properties": {
        "id": "",
        "name": "河清四村中区文化楼",
        "town": "西樵镇",
        "rev_count": 12654,
        "avg_rate": 0,
        "pos_rate": 0,
        "neg_rate": 0,
        "sources": "去哪儿|携程|马蜂窝"
      }
    },
    {
      "type": "Feature",
      "geometry": {
        "type": "Point",
        "coordinates": [
          112.995194,
          22.890741
        ]
      },
      "properties": {
        "id": "",
        "name": "腾龙村文化楼",
        "town": "丹灶镇",
        "rev_count": 12654,
        "avg_rate": 0,
        "pos_rate": 0,
        "neg_rate": 0,
        "sources": "去哪儿|携程|马蜂窝"
      }
    },
    {
      "type": "Feature",
      "geometry": {
        "type": "Point",
        "coordinates": [
          112.984562,
          22.888471
        ]
      },
      "properties": {
        "id": "",
        "name": "朝山村北队文化楼",
        "town": "丹灶镇",
        "rev_count": 12654,
        "avg_rate": 0,
        "pos_rate": 0,
        "neg_rate": 0,
        "sources": "去哪儿|携程|马蜂窝"
      }
    },
    {
      "type": "Feature",
      "geometry": {
        "type": "Point",
        "coordinates": [
          113.021537,
          22.833097
        ]
      },
      "properties": {
        "id": "",
        "name": "文化艺术培训中心",
        "town": "丹灶镇",
        "rev_count": 12654,
        "avg_rate": 0,
        "pos_rate": 0,
        "neg_rate": 0,
        "sources": "去哪儿|携程|马蜂窝"
      }
    },
    {
      "type": "Feature",
      "geometry": {
        "type": "Point",
        "coordinates": [
          113.02176,
          22.839395
        ]
      },
      "properties": {
        "id": "",
        "name": "长兴文化楼-西南门",
        "town": "丹灶镇",
        "rev_count": 12654,
        "avg_rate": 0,
        "pos_rate": 0,
        "neg_rate": 0,
        "sources": "去哪儿|携程|马蜂窝"
      }
    },
    {
      "type": "Feature",
      "geometry": {
        "type": "Point",
        "coordinates": [
          112.994862,
          22.888378
        ]
      },
      "properties": {
        "id": "",
        "name": "新社村文化楼",
        "town": "丹灶镇",
        "rev_count": 12654,
        "avg_rate": 0,
        "pos_rate": 0,
        "neg_rate": 0,
        "sources": "去哪儿|携程|马蜂窝"
      }
    },
    {
      "type": "Feature",
      "geometry": {
        "type": "Point",
        "coordinates": [
          112.950837,
          22.858347
        ]
      },
      "properties": {
        "id": "",
        "name": "九江镇河清一村文化楼",
        "town": "九江镇",
        "rev_count": 12654,
        "avg_rate": 0,
        "pos_rate": 0,
        "neg_rate": 0,
        "sources": "去哪儿|携程|马蜂窝"
      }
    },
    {
      "type": "Feature",
      "geometry": {
        "type": "Point",
        "coordinates": [
          112.958027,
          22.862113
        ]
      },
      "properties": {
        "id": "",
        "name": "河清二村文化楼-北门",
        "town": "九江镇",
        "rev_count": 12654,
        "avg_rate": 0,
        "pos_rate": 0,
        "neg_rate": 0,
        "sources": "去哪儿|携程|马蜂窝"
      }
    },
    {
      "type": "Feature",
      "geometry": {
        "type": "Point",
        "coordinates": [
          113.007284,
          22.839369
        ]
      },
      "properties": {
        "id": "",
        "name": "广东广电网络(九江营业厅)",
        "town": "九江镇",
        "rev_count": 12654,
        "avg_rate": 0,
        "pos_rate": 0,
        "neg_rate": 0,
        "sources": "去哪儿|携程|马蜂窝"
      }
    },
    {
      "type": "Feature",
      "geometry": {
        "type": "Point",
        "coordinates": [
          113.013568,
          22.829853
        ]
      },
      "properties": {
        "id": "",
        "name": "大成文化传播",
        "town": "九江镇",
        "rev_count": 12654,
        "avg_rate": 0,
        "pos_rate": 0,
        "neg_rate": 0,
        "sources": "去哪儿|携程|马蜂窝"
      }
    },
    {
      "type": "Feature",
      "geometry": {
        "type": "Point",
        "coordinates": [
          112.964119,
          22.879113
        ]
      },
      "properties": {
        "id": "",
        "name": "烟南文化楼",
        "town": "西樵镇",
        "rev_count": 12654,
        "avg_rate": 0,
        "pos_rate": 0,
        "neg_rate": 0,
        "sources": "去哪儿|携程|马蜂窝"
      }
    },
    {
      "type": "Feature",
      "geometry": {
        "type": "Point",
        "coordinates": [
          113.016498,
          22.846969
        ]
      },
      "properties": {
        "id": "",
        "name": "卓阳教育",
        "town": "丹灶镇",
        "rev_count": 12654,
        "avg_rate": 0,
        "pos_rate": 0,
        "neg_rate": 0,
        "sources": "去哪儿|携程|马蜂窝"
      }
    },
    {
      "type": "Feature",
      "geometry": {
        "type": "Point",
        "coordinates": [
          113.020246,
          22.839105
        ]
      },
      "properties": {
        "id": "",
        "name": "九江成人学校",
        "town": "九江镇",
        "rev_count": 12654,
        "avg_rate": 0,
        "pos_rate": 0,
        "neg_rate": 0,
        "sources": "去哪儿|携程|马蜂窝"
      }
    },
    {
      "type": "Feature",
      "geometry": {
        "type": "Point",
        "coordinates": [
          112.990998,
          22.885899
        ]
      },
      "properties": {
        "id": "",
        "name": "柏山村大会堂",
        "town": "丹灶镇",
        "rev_count": 12654,
        "avg_rate": 0,
        "pos_rate": 0,
        "neg_rate": 0,
        "sources": "去哪儿|携程|马蜂窝"
      }
    },
    {
      "type": "Feature",
      "geometry": {
        "type": "Point",
        "coordinates": [
          113.024045,
          22.838818
        ]
      },
      "properties": {
        "id": "",
        "name": "九江侨刊社",
        "town": "九江镇",
        "rev_count": 12654,
        "avg_rate": 0,
        "pos_rate": 0,
        "neg_rate": 0,
        "sources": "去哪儿|携程|马蜂窝"
      }
    },
    {
      "type": "Feature",
      "geometry": {
        "type": "Point",
        "coordinates": [
          112.990849,
          22.842199
        ]
      },
      "properties": {
        "id": "",
        "name": "特来电充电站(佛山九江长龄村爱地球交流充电站)",
        "town": "九江镇",
        "rev_count": 12654,
        "avg_rate": 0,
        "pos_rate": 0,
        "neg_rate": 0,
        "sources": "去哪儿|携程|马蜂窝"
      }
    },
    {
      "type": "Feature",
      "geometry": {
        "type": "Point",
        "coordinates": [
          113.024898,
          22.840208
        ]
      },
      "properties": {
        "id": "",
        "name": "佛山传媒集团九江广播电视站",
        "town": "九江镇",
        "rev_count": 12654,
        "avg_rate": 0,
        "pos_rate": 0,
        "neg_rate": 0,
        "sources": "去哪儿|携程|马蜂窝"
      }
    },
    {
      "type": "Feature",
      "geometry": {
        "type": "Point",
        "coordinates": [
          112.990852,
          22.842156
        ]
      },
      "properties": {
        "id": "",
        "name": "特来电充电站(佛山九江长龄村爱地球二期充电站)",
        "town": "九江镇",
        "rev_count": 12654,
        "avg_rate": 0,
        "pos_rate": 0,
        "neg_rate": 0,
        "sources": "去哪儿|携程|马蜂窝"
      }
    },
    {
      "type": "Feature",
      "geometry": {
        "type": "Point",
        "coordinates": [
          113.019692,
          22.83345
        ]
      },
      "properties": {
        "id": "",
        "name": "民韵创艺教育",
        "town": "九江镇",
        "rev_count": 12654,
        "avg_rate": 0,
        "pos_rate": 0,
        "neg_rate": 0,
        "sources": "去哪儿|携程|马蜂窝"
      }
    },
    {
      "type": "Feature",
      "geometry": {
        "type": "Point",
        "coordinates": [
          113.003027,
          22.839448
        ]
      },
      "properties": {
        "id": "",
        "name": "蔚景云充电站(爱地球充电站(南海九江西山村站))",
        "town": "九江镇",
        "rev_count": 12654,
        "avg_rate": 0,
        "pos_rate": 0,
        "neg_rate": 0,
        "sources": "去哪儿|携程|马蜂窝"
      }
    },
    {
      "type": "Feature",
      "geometry": {
        "type": "Point",
        "coordinates": [
          113.008691,
          22.863867
        ]
      },
      "properties": {
        "id": "",
        "name": "两广自选快餐",
        "town": "丹灶镇",
        "rev_count": 12654,
        "avg_rate": 0,
        "pos_rate": 0,
        "neg_rate": 0,
        "sources": "去哪儿|携程|马蜂窝"
      }
    },
    {
      "type": "Feature",
      "geometry": {
        "type": "Point",
        "coordinates": [
          113.015194,
          22.838621
        ]
      },
      "properties": {
        "id": "",
        "name": "禧厨",
        "town": "丹灶镇",
        "rev_count": 12654,
        "avg_rate": 0,
        "pos_rate": 0,
        "neg_rate": 0,
        "sources": "去哪儿|携程|马蜂窝"
      }
    },
    {
      "type": "Feature",
      "geometry": {
        "type": "Point",
        "coordinates": [
          113.038654,
          22.838988
        ]
      },
      "properties": {
        "id": "",
        "name": "南海区上东社区幸福院",
        "town": "九江镇",
        "rev_count": 12654,
        "avg_rate": 0,
        "pos_rate": 0,
        "neg_rate": 0,
        "sources": "去哪儿|携程|马蜂窝"
      }
    },
    {
      "type": "Feature",
      "geometry": {
        "type": "Point",
        "coordinates": [
          112.964397,
          22.875803
        ]
      },
      "properties": {
        "id": "",
        "name": "烟南村",
        "town": "九江镇",
        "rev_count": 12654,
        "avg_rate": 0,
        "pos_rate": 0,
        "neg_rate": 0,
        "sources": "去哪儿|携程|马蜂窝"
      }
    },
    {
      "type": "Feature",
      "geometry": {
        "type": "Point",
        "coordinates": [
          113.027722,
          22.846159
        ]
      },
      "properties": {
        "id": "",
        "name": "古滘村",
        "town": "丹灶镇",
        "rev_count": 12654,
        "avg_rate": 0,
        "pos_rate": 0,
        "neg_rate": 0,
        "sources": "去哪儿|携程|马蜂窝"
      }
    },
    {
      "type": "Feature",
      "geometry": {
        "type": "Point",
        "coordinates": [
          113.022306,
          22.842067
        ]
      },
      "properties": {
        "id": "",
        "name": "抱抱熊早教馆(九江店)",
        "town": "九江镇",
        "rev_count": 12654,
        "avg_rate": 0,
        "pos_rate": 0,
        "neg_rate": 0,
        "sources": "去哪儿|携程|马蜂窝"
      }
    },
    {
      "type": "Feature",
      "geometry": {
        "type": "Point",
        "coordinates": [
          112.988214,
          23.069751
        ]
      },
      "properties": {
        "id": "",
        "name": "北江干流碧道南海区1号段",
        "town": "狮山镇",
        "rev_count": 12654,
        "avg_rate": 0,
        "pos_rate": 0,
        "neg_rate": 0,
        "sources": "去哪儿|携程|马蜂窝"
      }
    },
    {
      "type": "Feature",
      "geometry": {
        "type": "Point",
        "coordinates": [
          112.972834,
          23.086261
        ]
      },
      "properties": {
        "id": "",
        "name": "南海湿地公园",
        "town": "丹灶镇",
        "rev_count": 12654,
        "avg_rate": 0,
        "pos_rate": 0,
        "neg_rate": 0,
        "sources": "去哪儿|携程|马蜂窝"
      }
    },
    {
      "type": "Feature",
      "geometry": {
        "type": "Point",
        "coordinates": [
          113.006144,
          23.073959
        ]
      },
      "properties": {
        "id": "",
        "name": "天子帽公园",
        "town": "狮山镇",
        "rev_count": 12654,
        "avg_rate": 0,
        "pos_rate": 0,
        "neg_rate": 0,
        "sources": "去哪儿|携程|马蜂窝"
      }
    },
    {
      "type": "Feature",
      "geometry": {
        "type": "Point",
        "coordinates": [
          112.972609,
          23.026344
        ]
      },
      "properties": {
        "id": "",
        "name": "上沥古庙",
        "town": "丹灶镇",
        "rev_count": 12654,
        "avg_rate": 0,
        "pos_rate": 0,
        "neg_rate": 0,
        "sources": "去哪儿|携程|马蜂窝"
      }
    },
    {
      "type": "Feature",
      "geometry": {
        "type": "Point",
        "coordinates": [
          112.968937,
          23.080753
        ]
      },
      "properties": {
        "id": "",
        "name": "金沙岛海钓路亚基地",
        "town": "狮山镇",
        "rev_count": 12654,
        "avg_rate": 0,
        "pos_rate": 0,
        "neg_rate": 0,
        "sources": "去哪儿|携程|马蜂窝"
      }
    },
    {
      "type": "Feature",
      "geometry": {
        "type": "Point",
        "coordinates": [
          112.961507,
          23.081693
        ]
      },
      "properties": {
        "id": "",
        "name": "祠公李仁子",
        "town": "丹灶镇",
        "rev_count": 12654,
        "avg_rate": 0,
        "pos_rate": 0,
        "neg_rate": 0,
        "sources": "去哪儿|携程|马蜂窝"
      }
    },
    {
      "type": "Feature",
      "geometry": {
        "type": "Point",
        "coordinates": [
          113.046436,
          23.052576
        ]
      },
      "properties": {
        "id": "",
        "name": "畅乐水上乐园",
        "town": "狮山镇",
        "rev_count": 12654,
        "avg_rate": 0,
        "pos_rate": 0,
        "neg_rate": 0,
        "sources": "去哪儿|携程|马蜂窝"
      }
    },
    {
      "type": "Feature",
      "geometry": {
        "type": "Point",
        "coordinates": [
          113.019184,
          23.056401
        ]
      },
      "properties": {
        "id": "",
        "name": "巢用林公祠",
        "town": "狮山镇",
        "rev_count": 12654,
        "avg_rate": 0,
        "pos_rate": 0,
        "neg_rate": 0,
        "sources": "去哪儿|携程|马蜂窝"
      }
    },
    {
      "type": "Feature",
      "geometry": {
        "type": "Point",
        "coordinates": [
          112.97345,
          23.086977
        ]
      },
      "properties": {
        "id": "",
        "name": "南海大湿地公园-北岛",
        "town": "丹灶镇",
        "rev_count": 12654,
        "avg_rate": 0,
        "pos_rate": 0,
        "neg_rate": 0,
        "sources": "去哪儿|携程|马蜂窝"
      }
    },
    {
      "type": "Feature",
      "geometry": {
        "type": "Point",
        "coordinates": [
          113.002112,
          23.104754
        ]
      },
      "properties": {
        "id": "",
        "name": "听涛亭",
        "town": "狮山镇",
        "rev_count": 12654,
        "avg_rate": 0,
        "pos_rate": 0,
        "neg_rate": 0,
        "sources": "去哪儿|携程|马蜂窝"
      }
    },
    {
      "type": "Feature",
      "geometry": {
        "type": "Point",
        "coordinates": [
          112.980126,
          23.061905
        ]
      },
      "properties": {
        "id": "",
        "name": "南二公园",
        "town": "狮山镇",
        "rev_count": 12654,
        "avg_rate": 0,
        "pos_rate": 0,
        "neg_rate": 0,
        "sources": "去哪儿|携程|马蜂窝"
      }
    },
    {
      "type": "Feature",
      "geometry": {
        "type": "Point",
        "coordinates": [
          113.027536,
          23.061943
        ]
      },
      "properties": {
        "id": "",
        "name": "黄大夫家庙",
        "town": "狮山镇",
        "rev_count": 12654,
        "avg_rate": 0,
        "pos_rate": 0,
        "neg_rate": 0,
        "sources": "去哪儿|携程|马蜂窝"
      }
    },
    {
      "type": "Feature",
      "geometry": {
        "type": "Point",
        "coordinates": [
          113.000541,
          23.103845
        ]
      },
      "properties": {
        "id": "",
        "name": "弥勒佛树节点",
        "town": "狮山镇",
        "rev_count": 12654,
        "avg_rate": 0,
        "pos_rate": 0,
        "neg_rate": 0,
        "sources": "去哪儿|携程|马蜂窝"
      }
    },
    {
      "type": "Feature",
      "geometry": {
        "type": "Point",
        "coordinates": [
          112.989471,
          23.096226
        ]
      },
      "properties": {
        "id": "",
        "name": "爱的港湾雕塑",
        "town": "狮山镇",
        "rev_count": 12654,
        "avg_rate": 0,
        "pos_rate": 0,
        "neg_rate": 0,
        "sources": "去哪儿|携程|马蜂窝"
      }
    },
    {
      "type": "Feature",
      "geometry": {
        "type": "Point",
        "coordinates": [
          113.022824,
          23.097093
        ]
      },
      "properties": {
        "id": "",
        "name": "远秀邵公祠",
        "town": "狮山镇",
        "rev_count": 12654,
        "avg_rate": 0,
        "pos_rate": 0,
        "neg_rate": 0,
        "sources": "去哪儿|携程|马蜂窝"
      }
    },
    {
      "type": "Feature",
      "geometry": {
        "type": "Point",
        "coordinates": [
          113.034535,
          23.093228
        ]
      },
      "properties": {
        "id": "",
        "name": "冼边竹林公园",
        "town": "狮山镇",
        "rev_count": 12654,
        "avg_rate": 0,
        "pos_rate": 0,
        "neg_rate": 0,
        "sources": "去哪儿|携程|马蜂窝"
      }
    },
    {
      "type": "Feature",
      "geometry": {
        "type": "Point",
        "coordinates": [
          112.970286,
          23.089534
        ]
      },
      "properties": {
        "id": "",
        "name": "亲禽园",
        "town": "丹灶镇",
        "rev_count": 12654,
        "avg_rate": 0,
        "pos_rate": 0,
        "neg_rate": 0,
        "sources": "去哪儿|携程|马蜂窝"
      }
    },
    {
      "type": "Feature",
      "geometry": {
        "type": "Point",
        "coordinates": [
          112.973227,
          23.087489
        ]
      },
      "properties": {
        "id": "",
        "name": "激情小火车",
        "town": "丹灶镇",
        "rev_count": 12654,
        "avg_rate": 0,
        "pos_rate": 0,
        "neg_rate": 0,
        "sources": "去哪儿|携程|马蜂窝"
      }
    },
    {
      "type": "Feature",
      "geometry": {
        "type": "Point",
        "coordinates": [
          113.002464,
          23.105796
        ]
      },
      "properties": {
        "id": "",
        "name": "海景森林公园-亚运林",
        "town": "狮山镇",
        "rev_count": 12654,
        "avg_rate": 0,
        "pos_rate": 0,
        "neg_rate": 0,
        "sources": "去哪儿|携程|马蜂窝"
      }
    },
    {
      "type": "Feature",
      "geometry": {
        "type": "Point",
        "coordinates": [
          112.973739,
          23.086013
        ]
      },
      "properties": {
        "id": "",
        "name": "太空飞碟",
        "town": "丹灶镇",
        "rev_count": 12654,
        "avg_rate": 0,
        "pos_rate": 0,
        "neg_rate": 0,
        "sources": "去哪儿|携程|马蜂窝"
      }
    },
    {
      "type": "Feature",
      "geometry": {
        "type": "Point",
        "coordinates": [
          112.974592,
          23.087359
        ]
      },
      "properties": {
        "id": "",
        "name": "南海大湿地公园-公园办公室",
        "town": "丹灶镇",
        "rev_count": 12654,
        "avg_rate": 0,
        "pos_rate": 0,
        "neg_rate": 0,
        "sources": "去哪儿|携程|马蜂窝"
      }
    },
    {
      "type": "Feature",
      "geometry": {
        "type": "Point",
        "coordinates": [
          112.974132,
          23.086693
        ]
      },
      "properties": {
        "id": "",
        "name": "魔幻神奇孵化馆",
        "town": "丹灶镇",
        "rev_count": 12654,
        "avg_rate": 0,
        "pos_rate": 0,
        "neg_rate": 0,
        "sources": "去哪儿|携程|马蜂窝"
      }
    },
    {
      "type": "Feature",
      "geometry": {
        "type": "Point",
        "coordinates": [
          112.97384,
          23.086933
        ]
      },
      "properties": {
        "id": "",
        "name": "神州飞碟",
        "town": "丹灶镇",
        "rev_count": 12654,
        "avg_rate": 0,
        "pos_rate": 0,
        "neg_rate": 0,
        "sources": "去哪儿|携程|马蜂窝"
      }
    },
    {
      "type": "Feature",
      "geometry": {
        "type": "Point",
        "coordinates": [
          113.022354,
          23.039221
        ]
      },
      "properties": {
        "id": "",
        "name": "潭洲水道碧道南海区段",
        "town": "丹灶镇",
        "rev_count": 12654,
        "avg_rate": 0,
        "pos_rate": 0,
        "neg_rate": 0,
        "sources": "去哪儿|携程|马蜂窝"
      }
    },
    {
      "type": "Feature",
      "geometry": {
        "type": "Point",
        "coordinates": [
          112.989301,
          23.09573
        ]
      },
      "properties": {
        "id": "",
        "name": "文化石孝",
        "town": "狮山镇",
        "rev_count": 12654,
        "avg_rate": 0,
        "pos_rate": 0,
        "neg_rate": 0,
        "sources": "去哪儿|携程|马蜂窝"
      }
    },
    {
      "type": "Feature",
      "geometry": {
        "type": "Point",
        "coordinates": [
          112.970578,
          23.089596
        ]
      },
      "properties": {
        "id": "",
        "name": "大湿地北岛农趣园",
        "town": "狮山镇",
        "rev_count": 12654,
        "avg_rate": 0,
        "pos_rate": 0,
        "neg_rate": 0,
        "sources": "去哪儿|携程|马蜂窝"
      }
    },
    {
      "type": "Feature",
      "geometry": {
        "type": "Point",
        "coordinates": [
          112.974716,
          23.086574
        ]
      },
      "properties": {
        "id": "",
        "name": "蝴蝶馆",
        "town": "丹灶镇",
        "rev_count": 12654,
        "avg_rate": 0,
        "pos_rate": 0,
        "neg_rate": 0,
        "sources": "去哪儿|携程|马蜂窝"
      }
    },
    {
      "type": "Feature",
      "geometry": {
        "type": "Point",
        "coordinates": [
          112.988776,
          23.095334
        ]
      },
      "properties": {
        "id": "",
        "name": "快乐童年雕塑",
        "town": "狮山镇",
        "rev_count": 12654,
        "avg_rate": 0,
        "pos_rate": 0,
        "neg_rate": 0,
        "sources": "去哪儿|携程|马蜂窝"
      }
    },
    {
      "type": "Feature",
      "geometry": {
        "type": "Point",
        "coordinates": [
          112.972316,
          23.085527
        ]
      },
      "properties": {
        "id": "",
        "name": "湿地岛芦苇荡-黑水鸡",
        "town": "丹灶镇",
        "rev_count": 12654,
        "avg_rate": 0,
        "pos_rate": 0,
        "neg_rate": 0,
        "sources": "去哪儿|携程|马蜂窝"
      }
    },
    {
      "type": "Feature",
      "geometry": {
        "type": "Point",
        "coordinates": [
          112.974024,
          23.086371
        ]
      },
      "properties": {
        "id": "",
        "name": "太空漫步",
        "town": "丹灶镇",
        "rev_count": 12654,
        "avg_rate": 0,
        "pos_rate": 0,
        "neg_rate": 0,
        "sources": "去哪儿|携程|马蜂窝"
      }
    },
    {
      "type": "Feature",
      "geometry": {
        "type": "Point",
        "coordinates": [
          112.964002,
          23.051023
        ]
      },
      "properties": {
        "id": "",
        "name": "右江高公祠",
        "town": "狮山镇",
        "rev_count": 12654,
        "avg_rate": 0,
        "pos_rate": 0,
        "neg_rate": 0,
        "sources": "去哪儿|携程|马蜂窝"
      }
    },
    {
      "type": "Feature",
      "geometry": {
        "type": "Point",
        "coordinates": [
          112.9732,
          23.08685
        ]
      },
      "properties": {
        "id": "",
        "name": "海盗船(南海湿地主题公园店)",
        "town": "丹灶镇",
        "rev_count": 12654,
        "avg_rate": 0,
        "pos_rate": 0,
        "neg_rate": 0,
        "sources": "去哪儿|携程|马蜂窝"
      }
    },
    {
      "type": "Feature",
      "geometry": {
        "type": "Point",
        "coordinates": [
          112.976127,
          23.082412
        ]
      },
      "properties": {
        "id": "",
        "name": "秋枫园林",
        "town": "丹灶镇",
        "rev_count": 12654,
        "avg_rate": 0,
        "pos_rate": 0,
        "neg_rate": 0,
        "sources": "去哪儿|携程|马蜂窝"
      }
    },
    {
      "type": "Feature",
      "geometry": {
        "type": "Point",
        "coordinates": [
          113.003054,
          23.047942
        ]
      },
      "properties": {
        "id": "",
        "name": "广东省孝美德传统文化推广中心",
        "town": "丹灶镇",
        "rev_count": 12654,
        "avg_rate": 0,
        "pos_rate": 0,
        "neg_rate": 0,
        "sources": "去哪儿|携程|马蜂窝"
      }
    },
    {
      "type": "Feature",
      "geometry": {
        "type": "Point",
        "coordinates": [
          112.978027,
          23.062256
        ]
      },
      "properties": {
        "id": "",
        "name": "南一村文化楼",
        "town": "狮山镇",
        "rev_count": 12654,
        "avg_rate": 0,
        "pos_rate": 0,
        "neg_rate": 0,
        "sources": "去哪儿|携程|马蜂窝"
      }
    },
    {
      "type": "Feature",
      "geometry": {
        "type": "Point",
        "coordinates": [
          113.024638,
          23.075815
        ]
      },
      "properties": {
        "id": "",
        "name": "亨美文化楼",
        "town": "狮山镇",
        "rev_count": 12654,
        "avg_rate": 0,
        "pos_rate": 0,
        "neg_rate": 0,
        "sources": "去哪儿|携程|马蜂窝"
      }
    },
    {
      "type": "Feature",
      "geometry": {
        "type": "Point",
        "coordinates": [
          113.026422,
          23.048784
        ]
      },
      "properties": {
        "id": "",
        "name": "雄星文化楼",
        "town": "丹灶镇",
        "rev_count": 12654,
        "avg_rate": 0,
        "pos_rate": 0,
        "neg_rate": 0,
        "sources": "去哪儿|携程|马蜂窝"
      }
    },
    {
      "type": "Feature",
      "geometry": {
        "type": "Point",
        "coordinates": [
          112.985677,
          23.097498
        ]
      },
      "properties": {
        "id": "",
        "name": "小塘广播电视中心",
        "town": "狮山镇",
        "rev_count": 12654,
        "avg_rate": 0,
        "pos_rate": 0,
        "neg_rate": 0,
        "sources": "去哪儿|携程|马蜂窝"
      }
    },
    {
      "type": "Feature",
      "geometry": {
        "type": "Point",
        "coordinates": [
          112.984372,
          23.097544
        ]
      },
      "properties": {
        "id": "",
        "name": "中国广电",
        "town": "狮山镇",
        "rev_count": 12654,
        "avg_rate": 0,
        "pos_rate": 0,
        "neg_rate": 0,
        "sources": "去哪儿|携程|马蜂窝"
      }
    },
    {
      "type": "Feature",
      "geometry": {
        "type": "Point",
        "coordinates": [
          113.043451,
          23.052659
        ]
      },
      "properties": {
        "id": "",
        "name": "泳之乐恒温游泳馆(狮山店)",
        "town": "狮山镇",
        "rev_count": 12654,
        "avg_rate": 0,
        "pos_rate": 0,
        "neg_rate": 0,
        "sources": "去哪儿|携程|马蜂窝"
      }
    },
    {
      "type": "Feature",
      "geometry": {
        "type": "Point",
        "coordinates": [
          112.978104,
          23.062214
        ]
      },
      "properties": {
        "id": "",
        "name": "佛山市祥友展示制品有限公司",
        "town": "狮山镇",
        "rev_count": 12654,
        "avg_rate": 0,
        "pos_rate": 0,
        "neg_rate": 0,
        "sources": "去哪儿|携程|马蜂窝"
      }
    },
    {
      "type": "Feature",
      "geometry": {
        "type": "Point",
        "coordinates": [
          112.968321,
          23.043683
        ]
      },
      "properties": {
        "id": "",
        "name": "绿兴泉五金配件厂",
        "town": "丹灶镇",
        "rev_count": 12654,
        "avg_rate": 0,
        "pos_rate": 0,
        "neg_rate": 0,
        "sources": "去哪儿|携程|马蜂窝"
      }
    },
    {
      "type": "Feature",
      "geometry": {
        "type": "Point",
        "coordinates": [
          113.046986,
          23.052439
        ]
      },
      "properties": {
        "id": "",
        "name": "裕丰和会客厅(罗村店)",
        "town": "狮山镇",
        "rev_count": 12654,
        "avg_rate": 0,
        "pos_rate": 0,
        "neg_rate": 0,
        "sources": "去哪儿|携程|马蜂窝"
      }
    },
    {
      "type": "Feature",
      "geometry": {
        "type": "Point",
        "coordinates": [
          112.988835,
          23.095879
        ]
      },
      "properties": {
        "id": "",
        "name": "佛山市南海区太极拳协会",
        "town": "狮山镇",
        "rev_count": 12654,
        "avg_rate": 0,
        "pos_rate": 0,
        "neg_rate": 0,
        "sources": "去哪儿|携程|马蜂窝"
      }
    },
    {
      "type": "Feature",
      "geometry": {
        "type": "Point",
        "coordinates": [
          112.991677,
          23.06138
        ]
      },
      "properties": {
        "id": "",
        "name": "万仔百年古建筑材料",
        "town": "狮山镇",
        "rev_count": 12654,
        "avg_rate": 0,
        "pos_rate": 0,
        "neg_rate": 0,
        "sources": "去哪儿|携程|马蜂窝"
      }
    },
    {
      "type": "Feature",
      "geometry": {
        "type": "Point",
        "coordinates": [
          112.96915,
          23.05963
        ]
      },
      "properties": {
        "id": "",
        "name": "读书郎儿童成长馆",
        "town": "狮山镇",
        "rev_count": 12654,
        "avg_rate": 0,
        "pos_rate": 0,
        "neg_rate": 0,
        "sources": "去哪儿|携程|马蜂窝"
      }
    },
    {
      "type": "Feature",
      "geometry": {
        "type": "Point",
        "coordinates": [
          112.968745,
          23.059908
        ]
      },
      "properties": {
        "id": "",
        "name": "绘舞艺树馆",
        "town": "狮山镇",
        "rev_count": 12654,
        "avg_rate": 0,
        "pos_rate": 0,
        "neg_rate": 0,
        "sources": "去哪儿|携程|马蜂窝"
      }
    },
    {
      "type": "Feature",
      "geometry": {
        "type": "Point",
        "coordinates": [
          112.967728,
          23.063521
        ]
      },
      "properties": {
        "id": "",
        "name": "雄泰堂搏击咏春拳",
        "town": "狮山镇",
        "rev_count": 12654,
        "avg_rate": 0,
        "pos_rate": 0,
        "neg_rate": 0,
        "sources": "去哪儿|携程|马蜂窝"
      }
    },
    {
      "type": "Feature",
      "geometry": {
        "type": "Point",
        "coordinates": [
          113.153171,
          23.046756
        ]
      },
      "properties": {
        "id": "",
        "name": "魁星阁-聚贤亭",
        "town": "桂城街道",
        "rev_count": 12654,
        "avg_rate": 0,
        "pos_rate": 0,
        "neg_rate": 0,
        "sources": "去哪儿|携程|马蜂窝"
      }
    },
    {
      "type": "Feature",
      "geometry": {
        "type": "Point",
        "coordinates": [
          113.152968,
          23.07558
        ]
      },
      "properties": {
        "id": "",
        "name": "荟芳山",
        "town": "桂城街道",
        "rev_count": 12654,
        "avg_rate": 0,
        "pos_rate": 0,
        "neg_rate": 0,
        "sources": "去哪儿|携程|马蜂窝"
      }
    },
    {
      "type": "Feature",
      "geometry": {
        "type": "Point",
        "coordinates": [
          113.127179,
          23.091312
        ]
      },
      "properties": {
        "id": "",
        "name": "红卫公园",
        "town": "大沥镇",
        "rev_count": 12654,
        "avg_rate": 0,
        "pos_rate": 0,
        "neg_rate": 0,
        "sources": "去哪儿|携程|马蜂窝"
      }
    },
    {
      "type": "Feature",
      "geometry": {
        "type": "Point",
        "coordinates": [
          113.167712,
          23.072807
        ]
      },
      "properties": {
        "id": "",
        "name": "主题雕塑喷泉",
        "town": "桂城街道",
        "rev_count": 12654,
        "avg_rate": 0,
        "pos_rate": 0,
        "neg_rate": 0,
        "sources": "去哪儿|携程|马蜂窝"
      }
    },
    {
      "type": "Feature",
      "geometry": {
        "type": "Point",
        "coordinates": [
          113.148565,
          23.079267
        ]
      },
      "properties": {
        "id": "",
        "name": "佛山水道碧道南海区1号段",
        "town": "桂城街道",
        "rev_count": 12654,
        "avg_rate": 0,
        "pos_rate": 0,
        "neg_rate": 0,
        "sources": "去哪儿|携程|马蜂窝"
      }
    },
    {
      "type": "Feature",
      "geometry": {
        "type": "Point",
        "coordinates": [
          113.165968,
          23.122924
        ]
      },
      "properties": {
        "id": "",
        "name": "平地观音古庙",
        "town": "里水镇",
        "rev_count": 12654,
        "avg_rate": 0,
        "pos_rate": 0,
        "neg_rate": 0,
        "sources": "去哪儿|携程|马蜂窝"
      }
    },
    {
      "type": "Feature",
      "geometry": {
        "type": "Point",
        "coordinates": [
          113.152335,
          23.092214
        ]
      },
      "properties": {
        "id": "",
        "name": "中憲家庙",
        "town": "里水镇",
        "rev_count": 12654,
        "avg_rate": 0,
        "pos_rate": 0,
        "neg_rate": 0,
        "sources": "去哪儿|携程|马蜂窝"
      }
    },
    {
      "type": "Feature",
      "geometry": {
        "type": "Point",
        "coordinates": [
          113.178218,
          23.096016
        ]
      },
      "properties": {
        "id": "",
        "name": "龙涌花径休闲公园",
        "town": "里水镇",
        "rev_count": 12654,
        "avg_rate": 0,
        "pos_rate": 0,
        "neg_rate": 0,
        "sources": "去哪儿|携程|马蜂窝"
      }
    },
    {
      "type": "Feature",
      "geometry": {
        "type": "Point",
        "coordinates": [
          113.158377,
          23.096922
        ]
      },
      "properties": {
        "id": "",
        "name": "善明亭",
        "town": "里水镇",
        "rev_count": 12654,
        "avg_rate": 0,
        "pos_rate": 0,
        "neg_rate": 0,
        "sources": "去哪儿|携程|马蜂窝"
      }
    },
    {
      "type": "Feature",
      "geometry": {
        "type": "Point",
        "coordinates": [
          113.158948,
          23.09724
        ]
      },
      "properties": {
        "id": "",
        "name": "蟾龙诗社",
        "town": "里水镇",
        "rev_count": 12654,
        "avg_rate": 0,
        "pos_rate": 0,
        "neg_rate": 0,
        "sources": "去哪儿|携程|马蜂窝"
      }
    },
    {
      "type": "Feature",
      "geometry": {
        "type": "Point",
        "coordinates": [
          113.152809,
          23.054545
        ]
      },
      "properties": {
        "id": "",
        "name": "千灯湖-花迷宫",
        "town": "桂城街道",
        "rev_count": 12654,
        "avg_rate": 0,
        "pos_rate": 0,
        "neg_rate": 0,
        "sources": "去哪儿|携程|马蜂窝"
      }
    },
    {
      "type": "Feature",
      "geometry": {
        "type": "Point",
        "coordinates": [
          113.154337,
          23.084664
        ]
      },
      "properties": {
        "id": "",
        "name": "灯湖中轴公园-营业时间24小时",
        "town": "里水镇",
        "rev_count": 12654,
        "avg_rate": 0,
        "pos_rate": 0,
        "neg_rate": 0,
        "sources": "去哪儿|携程|马蜂窝"
      }
    },
    {
      "type": "Feature",
      "geometry": {
        "type": "Point",
        "coordinates": [
          113.140113,
          23.084884
        ]
      },
      "properties": {
        "id": "",
        "name": "达孚书舍",
        "town": "里水镇",
        "rev_count": 12654,
        "avg_rate": 0,
        "pos_rate": 0,
        "neg_rate": 0,
        "sources": "去哪儿|携程|马蜂窝"
      }
    },
    {
      "type": "Feature",
      "geometry": {
        "type": "Point",
        "coordinates": [
          113.157814,
          23.052782
        ]
      },
      "properties": {
        "id": "",
        "name": "皎镜含天",
        "town": "桂城街道",
        "rev_count": 12654,
        "avg_rate": 0,
        "pos_rate": 0,
        "neg_rate": 0,
        "sources": "去哪儿|携程|马蜂窝"
      }
    },
    {
      "type": "Feature",
      "geometry": {
        "type": "Point",
        "coordinates": [
          113.153505,
          23.12271
        ]
      },
      "properties": {
        "id": "",
        "name": "黎明·城市露营(广佛智城店)",
        "town": "大沥镇",
        "rev_count": 12654,
        "avg_rate": 0,
        "pos_rate": 0,
        "neg_rate": 0,
        "sources": "去哪儿|携程|马蜂窝"
      }
    },
    {
      "type": "Feature",
      "geometry": {
        "type": "Point",
        "coordinates": [
          113.129563,
          23.117522
        ]
      },
      "properties": {
        "id": "",
        "name": "大沥“二七”革命烈士纪念碑",
        "town": "大沥镇",
        "rev_count": 12654,
        "avg_rate": 0,
        "pos_rate": 0,
        "neg_rate": 0,
        "sources": "去哪儿|携程|马蜂窝"
      }
    },
    {
      "type": "Feature",
      "geometry": {
        "type": "Point",
        "coordinates": [
          113.172065,
          23.084707
        ]
      },
      "properties": {
        "id": "",
        "name": "陆边敬谊楼",
        "town": "里水镇",
        "rev_count": 12654,
        "avg_rate": 0,
        "pos_rate": 0,
        "neg_rate": 0,
        "sources": "去哪儿|携程|马蜂窝"
      }
    },
    {
      "type": "Feature",
      "geometry": {
        "type": "Point",
        "coordinates": [
          113.149264,
          23.111181
        ]
      },
      "properties": {
        "id": "",
        "name": "中国灵璧石博物馆",
        "town": "里水镇",
        "rev_count": 12654,
        "avg_rate": 0,
        "pos_rate": 0,
        "neg_rate": 0,
        "sources": "去哪儿|携程|马蜂窝"
      }
    },
    {
      "type": "Feature",
      "geometry": {
        "type": "Point",
        "coordinates": [
          113.118114,
          23.074307
        ]
      },
      "properties": {
        "id": "",
        "name": "文昭区公祠",
        "town": "大沥镇",
        "rev_count": 12654,
        "avg_rate": 0,
        "pos_rate": 0,
        "neg_rate": 0,
        "sources": "去哪儿|携程|马蜂窝"
      }
    },
    {
      "type": "Feature",
      "geometry": {
        "type": "Point",
        "coordinates": [
          113.10763,
          23.109737
        ]
      },
      "properties": {
        "id": "",
        "name": "草塘牌坊",
        "town": "大沥镇",
        "rev_count": 12654,
        "avg_rate": 0,
        "pos_rate": 0,
        "neg_rate": 0,
        "sources": "去哪儿|携程|马蜂窝"
      }
    },
    {
      "type": "Feature",
      "geometry": {
        "type": "Point",
        "coordinates": [
          113.182142,
          23.115224
        ]
      },
      "properties": {
        "id": "",
        "name": "陈家大宗祠",
        "town": "里水镇",
        "rev_count": 12654,
        "avg_rate": 0,
        "pos_rate": 0,
        "neg_rate": 0,
        "sources": "去哪儿|携程|马蜂窝"
      }
    },
    {
      "type": "Feature",
      "geometry": {
        "type": "Point",
        "coordinates": [
          113.15248,
          23.136367
        ]
      },
      "properties": {
        "id": "",
        "name": "元庆陈公祠",
        "town": "里水镇",
        "rev_count": 12654,
        "avg_rate": 0,
        "pos_rate": 0,
        "neg_rate": 0,
        "sources": "去哪儿|携程|马蜂窝"
      }
    },
    {
      "type": "Feature",
      "geometry": {
        "type": "Point",
        "coordinates": [
          113.148409,
          23.132458
        ]
      },
      "properties": {
        "id": "",
        "name": "乎峰林公祠",
        "town": "里水镇",
        "rev_count": 12654,
        "avg_rate": 0,
        "pos_rate": 0,
        "neg_rate": 0,
        "sources": "去哪儿|携程|马蜂窝"
      }
    },
    {
      "type": "Feature",
      "geometry": {
        "type": "Point",
        "coordinates": [
          113.153923,
          23.117724
        ]
      },
      "properties": {
        "id": "",
        "name": "九龙公园二期",
        "town": "里水镇",
        "rev_count": 12654,
        "avg_rate": 0,
        "pos_rate": 0,
        "neg_rate": 0,
        "sources": "去哪儿|携程|马蜂窝"
      }
    },
    {
      "type": "Feature",
      "geometry": {
        "type": "Point",
        "coordinates": [
          113.134667,
          23.109415
        ]
      },
      "properties": {
        "id": "",
        "name": "芦村公园",
        "town": "大沥镇",
        "rev_count": 12654,
        "avg_rate": 0,
        "pos_rate": 0,
        "neg_rate": 0,
        "sources": "去哪儿|携程|马蜂窝"
      }
    },
    {
      "type": "Feature",
      "geometry": {
        "type": "Point",
        "coordinates": [
          113.13553,
          23.099272
        ]
      },
      "properties": {
        "id": "",
        "name": "雄边公园",
        "town": "里水镇",
        "rev_count": 12654,
        "avg_rate": 0,
        "pos_rate": 0,
        "neg_rate": 0,
        "sources": "去哪儿|携程|马蜂窝"
      }
    },
    {
      "type": "Feature",
      "geometry": {
        "type": "Point",
        "coordinates": [
          113.167869,
          23.079911
        ]
      },
      "properties": {
        "id": "",
        "name": "中铁建国际公馆中铁水岸公馆堤边野餐点",
        "town": "桂城街道",
        "rev_count": 12654,
        "avg_rate": 0,
        "pos_rate": 0,
        "neg_rate": 0,
        "sources": "去哪儿|携程|马蜂窝"
      }
    },
    {
      "type": "Feature",
      "geometry": {
        "type": "Point",
        "coordinates": [
          113.144223,
          23.124831
        ]
      },
      "properties": {
        "id": "",
        "name": "联滘中心党建公园",
        "town": "里水镇",
        "rev_count": 12654,
        "avg_rate": 0,
        "pos_rate": 0,
        "neg_rate": 0,
        "sources": "去哪儿|携程|马蜂窝"
      }
    },
    {
      "type": "Feature",
      "geometry": {
        "type": "Point",
        "coordinates": [
          113.181553,
          23.088068
        ]
      },
      "properties": {
        "id": "",
        "name": "直街三圈公园",
        "town": "大沥镇",
        "rev_count": 12654,
        "avg_rate": 0,
        "pos_rate": 0,
        "neg_rate": 0,
        "sources": "去哪儿|携程|马蜂窝"
      }
    },
    {
      "type": "Feature",
      "geometry": {
        "type": "Point",
        "coordinates": [
          113.129925,
          23.118456
        ]
      },
      "properties": {
        "id": "",
        "name": "沥苑公园",
        "town": "里水镇",
        "rev_count": 12654,
        "avg_rate": 0,
        "pos_rate": 0,
        "neg_rate": 0,
        "sources": "去哪儿|携程|马蜂窝"
      }
    },
    {
      "type": "Feature",
      "geometry": {
        "type": "Point",
        "coordinates": [
          113.152672,
          23.083193
        ]
      },
      "properties": {
        "id": "",
        "name": "文体楼",
        "town": "里水镇",
        "rev_count": 12654,
        "avg_rate": 0,
        "pos_rate": 0,
        "neg_rate": 0,
        "sources": "去哪儿|携程|马蜂窝"
      }
    },
    {
      "type": "Feature",
      "geometry": {
        "type": "Point",
        "coordinates": [
          113.137733,
          23.084992
        ]
      },
      "properties": {
        "id": "",
        "name": "罗田文化楼-西门",
        "town": "里水镇",
        "rev_count": 12654,
        "avg_rate": 0,
        "pos_rate": 0,
        "neg_rate": 0,
        "sources": "去哪儿|携程|马蜂窝"
      }
    },
    {
      "type": "Feature",
      "geometry": {
        "type": "Point",
        "coordinates": [
          113.17909,
          23.093037
        ]
      },
      "properties": {
        "id": "",
        "name": "竣泓文化培训",
        "town": "里水镇",
        "rev_count": 12654,
        "avg_rate": 0,
        "pos_rate": 0,
        "neg_rate": 0,
        "sources": "去哪儿|携程|马蜂窝"
      }
    },
    {
      "type": "Feature",
      "geometry": {
        "type": "Point",
        "coordinates": [
          113.137974,
          23.084968
        ]
      },
      "properties": {
        "id": "",
        "name": "罗田文化楼-地上停车场",
        "town": "里水镇",
        "rev_count": 12654,
        "avg_rate": 0,
        "pos_rate": 0,
        "neg_rate": 0,
        "sources": "去哪儿|携程|马蜂窝"
      }
    },
    {
      "type": "Feature",
      "geometry": {
        "type": "Point",
        "coordinates": [
          113.15328,
          23.101204
        ]
      },
      "properties": {
        "id": "",
        "name": "谭边文化室北侧停车场",
        "town": "里水镇",
        "rev_count": 12654,
        "avg_rate": 0,
        "pos_rate": 0,
        "neg_rate": 0,
        "sources": "去哪儿|携程|马蜂窝"
      }
    },
    {
      "type": "Feature",
      "geometry": {
        "type": "Point",
        "coordinates": [
          113.14846,
          23.084838
        ]
      },
      "properties": {
        "id": "",
        "name": "禅昌乐骏会",
        "town": "里水镇",
        "rev_count": 12654,
        "avg_rate": 0,
        "pos_rate": 0,
        "neg_rate": 0,
        "sources": "去哪儿|携程|马蜂窝"
      }
    },
    {
      "type": "Feature",
      "geometry": {
        "type": "Point",
        "coordinates": [
          113.169651,
          23.090526
        ]
      },
      "properties": {
        "id": "",
        "name": "佛山市园中桃茶饮文化有限公司",
        "town": "大沥镇",
        "rev_count": 12654,
        "avg_rate": 0,
        "pos_rate": 0,
        "neg_rate": 0,
        "sources": "去哪儿|携程|马蜂窝"
      }
    },
    {
      "type": "Feature",
      "geometry": {
        "type": "Point",
        "coordinates": [
          113.137733,
          23.084992
        ]
      },
      "properties": {
        "id": "",
        "name": "罗田文化楼地上停车场-出入口",
        "town": "里水镇",
        "rev_count": 12654,
        "avg_rate": 0,
        "pos_rate": 0,
        "neg_rate": 0,
        "sources": "去哪儿|携程|马蜂窝"
      }
    },
    {
      "type": "Feature",
      "geometry": {
        "type": "Point",
        "coordinates": [
          113.162451,
          23.117262
        ]
      },
      "properties": {
        "id": "",
        "name": "泗沥文化楼",
        "town": "里水镇",
        "rev_count": 12654,
        "avg_rate": 0,
        "pos_rate": 0,
        "neg_rate": 0,
        "sources": "去哪儿|携程|马蜂窝"
      }
    },
    {
      "type": "Feature",
      "geometry": {
        "type": "Point",
        "coordinates": [
          113.163615,
          23.069692
        ]
      },
      "properties": {
        "id": "",
        "name": "佛山市松果文化传播有限公司",
        "town": "桂城街道",
        "rev_count": 12654,
        "avg_rate": 0,
        "pos_rate": 0,
        "neg_rate": 0,
        "sources": "去哪儿|携程|马蜂窝"
      }
    },
    {
      "type": "Feature",
      "geometry": {
        "type": "Point",
        "coordinates": [
          113.131953,
          23.060098
        ]
      },
      "properties": {
        "id": "",
        "name": "文华北路",
        "town": "桂城街道",
        "rev_count": 12654,
        "avg_rate": 0,
        "pos_rate": 0,
        "neg_rate": 0,
        "sources": "去哪儿|携程|马蜂窝"
      }
    },
    {
      "type": "Feature",
      "geometry": {
        "type": "Point",
        "coordinates": [
          113.174071,
          23.108374
        ]
      },
      "properties": {
        "id": "",
        "name": "宋湘波文化传媒(佛山)有限公司",
        "town": "大沥镇",
        "rev_count": 12654,
        "avg_rate": 0,
        "pos_rate": 0,
        "neg_rate": 0,
        "sources": "去哪儿|携程|马蜂窝"
      }
    },
    {
      "type": "Feature",
      "geometry": {
        "type": "Point",
        "coordinates": [
          113.142839,
          23.107215
        ]
      },
      "properties": {
        "id": "",
        "name": "佛山市新洛圆文化艺术咨询有限公司",
        "town": "大沥镇",
        "rev_count": 12654,
        "avg_rate": 0,
        "pos_rate": 0,
        "neg_rate": 0,
        "sources": "去哪儿|携程|马蜂窝"
      }
    },
    {
      "type": "Feature",
      "geometry": {
        "type": "Point",
        "coordinates": [
          113.148669,
          23.107624
        ]
      },
      "properties": {
        "id": "",
        "name": "壹索棋牌·茶文化园林式会所",
        "town": "大沥镇",
        "rev_count": 12654,
        "avg_rate": 0,
        "pos_rate": 0,
        "neg_rate": 0,
        "sources": "去哪儿|携程|马蜂窝"
      }
    },
    {
      "type": "Feature",
      "geometry": {
        "type": "Point",
        "coordinates": [
          113.164306,
          23.067582
        ]
      },
      "properties": {
        "id": "",
        "name": "佛山上美合艺术文化传播有限公司",
        "town": "桂城街道",
        "rev_count": 12654,
        "avg_rate": 0,
        "pos_rate": 0,
        "neg_rate": 0,
        "sources": "去哪儿|携程|马蜂窝"
      }
    },
    {
      "type": "Feature",
      "geometry": {
        "type": "Point",
        "coordinates": [
          113.162497,
          23.077168
        ]
      },
      "properties": {
        "id": "",
        "name": "信条文化产业(广东)有限责任公司",
        "town": "桂城街道",
        "rev_count": 12654,
        "avg_rate": 0,
        "pos_rate": 0,
        "neg_rate": 0,
        "sources": "去哪儿|携程|马蜂窝"
      }
    },
    {
      "type": "Feature",
      "geometry": {
        "type": "Point",
        "coordinates": [
          113.159001,
          23.089899
        ]
      },
      "properties": {
        "id": "",
        "name": "员工之家",
        "town": "里水镇",
        "rev_count": 12654,
        "avg_rate": 0,
        "pos_rate": 0,
        "neg_rate": 0,
        "sources": "去哪儿|携程|马蜂窝"
      }
    },
    {
      "type": "Feature",
      "geometry": {
        "type": "Point",
        "coordinates": [
          113.153328,
          23.117906
        ]
      },
      "properties": {
        "id": "",
        "name": "新华文体中心",
        "town": "里水镇",
        "rev_count": 12654,
        "avg_rate": 0,
        "pos_rate": 0,
        "neg_rate": 0,
        "sources": "去哪儿|携程|马蜂窝"
      }
    },
    {
      "type": "Feature",
      "geometry": {
        "type": "Point",
        "coordinates": [
          113.158683,
          23.086985
        ]
      },
      "properties": {
        "id": "",
        "name": "维纳斯皇家酒店-会议室",
        "town": "里水镇",
        "rev_count": 12654,
        "avg_rate": 0,
        "pos_rate": 0,
        "neg_rate": 0,
        "sources": "去哪儿|携程|马蜂窝"
      }
    },
    {
      "type": "Feature",
      "geometry": {
        "type": "Point",
        "coordinates": [
          113.162355,
          23.070062
        ]
      },
      "properties": {
        "id": "",
        "name": "广州新导向文化发展有限公司",
        "town": "桂城街道",
        "rev_count": 12654,
        "avg_rate": 0,
        "pos_rate": 0,
        "neg_rate": 0,
        "sources": "去哪儿|携程|马蜂窝"
      }
    },
    {
      "type": "Feature",
      "geometry": {
        "type": "Point",
        "coordinates": [
          113.172187,
          23.112496
        ]
      },
      "properties": {
        "id": "",
        "name": "拓普文化体育发展有限公司",
        "town": "里水镇",
        "rev_count": 12654,
        "avg_rate": 0,
        "pos_rate": 0,
        "neg_rate": 0,
        "sources": "去哪儿|携程|马蜂窝"
      }
    },
    {
      "type": "Feature",
      "geometry": {
        "type": "Point",
        "coordinates": [
          113.183762,
          23.1007
        ]
      },
      "properties": {
        "id": "",
        "name": "爽耳阁采耳文化体验馆(盐步店)",
        "town": "大沥镇",
        "rev_count": 12654,
        "avg_rate": 0,
        "pos_rate": 0,
        "neg_rate": 0,
        "sources": "去哪儿|携程|马蜂窝"
      }
    },
    {
      "type": "Feature",
      "geometry": {
        "type": "Point",
        "coordinates": [
          113.162508,
          23.067566
        ]
      },
      "properties": {
        "id": "",
        "name": "佛山市禧薏文化传播有限公司",
        "town": "桂城街道",
        "rev_count": 12654,
        "avg_rate": 0,
        "pos_rate": 0,
        "neg_rate": 0,
        "sources": "去哪儿|携程|马蜂窝"
      }
    },
    {
      "type": "Feature",
      "geometry": {
        "type": "Point",
        "coordinates": [
          113.114353,
          23.108403
        ]
      },
      "properties": {
        "id": "",
        "name": "广冷却塔及配件批发",
        "town": "大沥镇",
        "rev_count": 12654,
        "avg_rate": 0,
        "pos_rate": 0,
        "neg_rate": 0,
        "sources": "去哪儿|携程|马蜂窝"
      }
    },
    {
      "type": "Feature",
      "geometry": {
        "type": "Point",
        "coordinates": [
          113.111359,
          23.080637
        ]
      },
      "properties": {
        "id": "",
        "name": "冷却塔水泵电机-林电机电",
        "town": "大沥镇",
        "rev_count": 12654,
        "avg_rate": 0,
        "pos_rate": 0,
        "neg_rate": 0,
        "sources": "去哪儿|携程|马蜂窝"
      }
    },
    {
      "type": "Feature",
      "geometry": {
        "type": "Point",
        "coordinates": [
          113.151639,
          23.124206
        ]
      },
      "properties": {
        "id": "",
        "name": "守一书院(智城分院)",
        "town": "里水镇",
        "rev_count": 12654,
        "avg_rate": 0,
        "pos_rate": 0,
        "neg_rate": 0,
        "sources": "去哪儿|携程|马蜂窝"
      }
    },
    {
      "type": "Feature",
      "geometry": {
        "type": "Point",
        "coordinates": [
          113.111216,
          23.110583
        ]
      },
      "properties": {
        "id": "",
        "name": "听荷轩画坊",
        "town": "大沥镇",
        "rev_count": 12654,
        "avg_rate": 0,
        "pos_rate": 0,
        "neg_rate": 0,
        "sources": "去哪儿|携程|马蜂窝"
      }
    },
    {
      "type": "Feature",
      "geometry": {
        "type": "Point",
        "coordinates": [
          113.173646,
          23.057615
        ]
      },
      "properties": {
        "id": "",
        "name": "书院地塘-3号楼",
        "town": "桂城街道",
        "rev_count": 12654,
        "avg_rate": 0,
        "pos_rate": 0,
        "neg_rate": 0,
        "sources": "去哪儿|携程|马蜂窝"
      }
    },
    {
      "type": "Feature",
      "geometry": {
        "type": "Point",
        "coordinates": [
          113.173429,
          23.05769
        ]
      },
      "properties": {
        "id": "",
        "name": "书院地塘-1号楼",
        "town": "桂城街道",
        "rev_count": 12654,
        "avg_rate": 0,
        "pos_rate": 0,
        "neg_rate": 0,
        "sources": "去哪儿|携程|马蜂窝"
      }
    },
    {
      "type": "Feature",
      "geometry": {
        "type": "Point",
        "coordinates": [
          113.148487,
          23.105842
        ]
      },
      "properties": {
        "id": "",
        "name": "鏞正堂铜文化艺术中心",
        "town": "里水镇",
        "rev_count": 12654,
        "avg_rate": 0,
        "pos_rate": 0,
        "neg_rate": 0,
        "sources": "去哪儿|携程|马蜂窝"
      }
    },
    {
      "type": "Feature",
      "geometry": {
        "type": "Point",
        "coordinates": [
          113.171213,
          23.075723
        ]
      },
      "properties": {
        "id": "",
        "name": "印然·ART SPACE",
        "town": "桂城街道",
        "rev_count": 12654,
        "avg_rate": 0,
        "pos_rate": 0,
        "neg_rate": 0,
        "sources": "去哪儿|携程|马蜂窝"
      }
    },
    {
      "type": "Feature",
      "geometry": {
        "type": "Point",
        "coordinates": [
          113.150161,
          23.122711
        ]
      },
      "properties": {
        "id": "",
        "name": "智城西洋艺术馆",
        "town": "里水镇",
        "rev_count": 12654,
        "avg_rate": 0,
        "pos_rate": 0,
        "neg_rate": 0,
        "sources": "去哪儿|携程|马蜂窝"
      }
    },
    {
      "type": "Feature",
      "geometry": {
        "type": "Point",
        "coordinates": [
          113.154311,
          23.065594
        ]
      },
      "properties": {
        "id": "",
        "name": "本尹美术馆(展厅)",
        "town": "桂城街道",
        "rev_count": 12654,
        "avg_rate": 0,
        "pos_rate": 0,
        "neg_rate": 0,
        "sources": "去哪儿|携程|马蜂窝"
      }
    },
    {
      "type": "Feature",
      "geometry": {
        "type": "Point",
        "coordinates": [
          113.169572,
          23.075234
        ]
      },
      "properties": {
        "id": "",
        "name": "小凡高美术玩创馆(中铁建水岸花园店)",
        "town": "桂城街道",
        "rev_count": 12654,
        "avg_rate": 0,
        "pos_rate": 0,
        "neg_rate": 0,
        "sources": "去哪儿|携程|马蜂窝"
      }
    },
    {
      "type": "Feature",
      "geometry": {
        "type": "Point",
        "coordinates": [
          113.130439,
          23.115826
        ]
      },
      "properties": {
        "id": "",
        "name": "梵华美术馆",
        "town": "里水镇",
        "rev_count": 12654,
        "avg_rate": 0,
        "pos_rate": 0,
        "neg_rate": 0,
        "sources": "去哪儿|携程|马蜂窝"
      }
    },
    {
      "type": "Feature",
      "geometry": {
        "type": "Point",
        "coordinates": [
          113.180159,
          23.070469
        ]
      },
      "properties": {
        "id": "",
        "name": "高氏国学馆",
        "town": "桂城街道",
        "rev_count": 12654,
        "avg_rate": 0,
        "pos_rate": 0,
        "neg_rate": 0,
        "sources": "去哪儿|携程|马蜂窝"
      }
    },
    {
      "type": "Feature",
      "geometry": {
        "type": "Point",
        "coordinates": [
          113.186415,
          23.098979
        ]
      },
      "properties": {
        "id": "",
        "name": "天成易学馆",
        "town": "里水镇",
        "rev_count": 12654,
        "avg_rate": 0,
        "pos_rate": 0,
        "neg_rate": 0,
        "sources": "去哪儿|携程|马蜂窝"
      }
    },
    {
      "type": "Feature",
      "geometry": {
        "type": "Point",
        "coordinates": [
          113.17255,
          23.07732
        ]
      },
      "properties": {
        "id": "",
        "name": "南海卓俊教育国学馆(灯湖三小分店)",
        "town": "桂城街道",
        "rev_count": 12654,
        "avg_rate": 0,
        "pos_rate": 0,
        "neg_rate": 0,
        "sources": "去哪儿|携程|马蜂窝"
      }
    },
    {
      "type": "Feature",
      "geometry": {
        "type": "Point",
        "coordinates": [
          113.158954,
          23.114963
        ]
      },
      "properties": {
        "id": "",
        "name": "名都大酒店-茶艺馆",
        "town": "里水镇",
        "rev_count": 12654,
        "avg_rate": 0,
        "pos_rate": 0,
        "neg_rate": 0,
        "sources": "去哪儿|携程|马蜂窝"
      }
    },
    {
      "type": "Feature",
      "geometry": {
        "type": "Point",
        "coordinates": [
          113.178773,
          23.073599
        ]
      },
      "properties": {
        "id": "",
        "name": "D32·天幕艺术空间",
        "town": "桂城街道",
        "rev_count": 12654,
        "avg_rate": 0,
        "pos_rate": 0,
        "neg_rate": 0,
        "sources": "去哪儿|携程|马蜂窝"
      }
    },
    {
      "type": "Feature",
      "geometry": {
        "type": "Point",
        "coordinates": [
          113.188367,
          23.092272
        ]
      },
      "properties": {
        "id": "",
        "name": "新凤艺术照相馆",
        "town": "里水镇",
        "rev_count": 12654,
        "avg_rate": 0,
        "pos_rate": 0,
        "neg_rate": 0,
        "sources": "去哪儿|携程|马蜂窝"
      }
    },
    {
      "type": "Feature",
      "geometry": {
        "type": "Point",
        "coordinates": [
          113.151461,
          23.124262
        ]
      },
      "properties": {
        "id": "",
        "name": "潜力工场少儿运动馆·体能·平衡车·篮球(广佛智城店)",
        "town": "里水镇",
        "rev_count": 12654,
        "avg_rate": 0,
        "pos_rate": 0,
        "neg_rate": 0,
        "sources": "去哪儿|携程|马蜂窝"
      }
    },
    {
      "type": "Feature",
      "geometry": {
        "type": "Point",
        "coordinates": [
          113.154146,
          23.116737
        ]
      },
      "properties": {
        "id": "",
        "name": "瀑布水景",
        "town": "里水镇",
        "rev_count": 12654,
        "avg_rate": 0,
        "pos_rate": 0,
        "neg_rate": 0,
        "sources": "去哪儿|携程|马蜂窝"
      }
    },
    {
      "type": "Feature",
      "geometry": {
        "type": "Point",
        "coordinates": [
          113.153374,
          23.076335
        ]
      },
      "properties": {
        "id": "",
        "name": "千灯水亭",
        "town": "桂城街道",
        "rev_count": 12654,
        "avg_rate": 0,
        "pos_rate": 0,
        "neg_rate": 0,
        "sources": "去哪儿|携程|马蜂窝"
      }
    },
    {
      "type": "Feature",
      "geometry": {
        "type": "Point",
        "coordinates": [
          113.109721,
          23.091198
        ]
      },
      "properties": {
        "id": "",
        "name": "曹边牌坊",
        "town": "大沥镇",
        "rev_count": 12654,
        "avg_rate": 0,
        "pos_rate": 0,
        "neg_rate": 0,
        "sources": "去哪儿|携程|马蜂窝"
      }
    },
    {
      "type": "Feature",
      "geometry": {
        "type": "Point",
        "coordinates": [
          113.152382,
          23.059113
        ]
      },
      "properties": {
        "id": "",
        "name": "灯湖天地",
        "town": "桂城街道",
        "rev_count": 12654,
        "avg_rate": 0,
        "pos_rate": 0,
        "neg_rate": 0,
        "sources": "去哪儿|携程|马蜂窝"
      }
    },
    {
      "type": "Feature",
      "geometry": {
        "type": "Point",
        "coordinates": [
          113.140155,
          23.084994
        ]
      },
      "properties": {
        "id": "",
        "name": "开逺黎公祠",
        "town": "里水镇",
        "rev_count": 12654,
        "avg_rate": 0,
        "pos_rate": 0,
        "neg_rate": 0,
        "sources": "去哪儿|携程|马蜂窝"
      }
    },
    {
      "type": "Feature",
      "geometry": {
        "type": "Point",
        "coordinates": [
          113.154589,
          23.052589
        ]
      },
      "properties": {
        "id": "",
        "name": "生活布鲁斯雕塑",
        "town": "桂城街道",
        "rev_count": 12654,
        "avg_rate": 0,
        "pos_rate": 0,
        "neg_rate": 0,
        "sources": "去哪儿|携程|马蜂窝"
      }
    },
    {
      "type": "Feature",
      "geometry": {
        "type": "Point",
        "coordinates": [
          113.077747,
          23.060171
        ]
      },
      "properties": {
        "id": "",
        "name": "乔林冼公祠",
        "town": "大沥镇",
        "rev_count": 12654,
        "avg_rate": 0,
        "pos_rate": 0,
        "neg_rate": 0,
        "sources": "去哪儿|携程|马蜂窝"
      }
    },
    {
      "type": "Feature",
      "geometry": {
        "type": "Point",
        "coordinates": [
          113.099013,
          23.065053
        ]
      },
      "properties": {
        "id": "",
        "name": "敦睦堂",
        "town": "大沥镇",
        "rev_count": 12654,
        "avg_rate": 0,
        "pos_rate": 0,
        "neg_rate": 0,
        "sources": "去哪儿|携程|马蜂窝"
      }
    },
    {
      "type": "Feature",
      "geometry": {
        "type": "Point",
        "coordinates": [
          113.075158,
          23.068157
        ]
      },
      "properties": {
        "id": "",
        "name": "罗村沙坑云郭村后便园",
        "town": "狮山镇",
        "rev_count": 12654,
        "avg_rate": 0,
        "pos_rate": 0,
        "neg_rate": 0,
        "sources": "去哪儿|携程|马蜂窝"
      }
    },
    {
      "type": "Feature",
      "geometry": {
        "type": "Point",
        "coordinates": [
          113.123418,
          23.084712
        ]
      },
      "properties": {
        "id": "",
        "name": "紫东来公园",
        "town": "里水镇",
        "rev_count": 12654,
        "avg_rate": 0,
        "pos_rate": 0,
        "neg_rate": 0,
        "sources": "去哪儿|携程|马蜂窝"
      }
    },
    {
      "type": "Feature",
      "geometry": {
        "type": "Point",
        "coordinates": [
          113.102755,
          23.099882
        ]
      },
      "properties": {
        "id": "",
        "name": "荣春李公祠",
        "town": "大沥镇",
        "rev_count": 12654,
        "avg_rate": 0,
        "pos_rate": 0,
        "neg_rate": 0,
        "sources": "去哪儿|携程|马蜂窝"
      }
    },
    {
      "type": "Feature",
      "geometry": {
        "type": "Point",
        "coordinates": [
          113.052224,
          23.07543
        ]
      },
      "properties": {
        "id": "",
        "name": "秩轩叶公祠",
        "town": "狮山镇",
        "rev_count": 12654,
        "avg_rate": 0,
        "pos_rate": 0,
        "neg_rate": 0,
        "sources": "去哪儿|携程|马蜂窝"
      }
    },
    {
      "type": "Feature",
      "geometry": {
        "type": "Point",
        "coordinates": [
          113.058354,
          23.05915
        ]
      },
      "properties": {
        "id": "",
        "name": "沣阳李公祠",
        "town": "狮山镇",
        "rev_count": 12654,
        "avg_rate": 0,
        "pos_rate": 0,
        "neg_rate": 0,
        "sources": "去哪儿|携程|马蜂窝"
      }
    },
    {
      "type": "Feature",
      "geometry": {
        "type": "Point",
        "coordinates": [
          113.048704,
          23.074408
        ]
      },
      "properties": {
        "id": "",
        "name": "秀林业公祠",
        "town": "狮山镇",
        "rev_count": 12654,
        "avg_rate": 0,
        "pos_rate": 0,
        "neg_rate": 0,
        "sources": "去哪儿|携程|马蜂窝"
      }
    },
    {
      "type": "Feature",
      "geometry": {
        "type": "Point",
        "coordinates": [
          113.048753,
          23.074382
        ]
      },
      "properties": {
        "id": "",
        "name": "秀村叶公祠",
        "town": "狮山镇",
        "rev_count": 12654,
        "avg_rate": 0,
        "pos_rate": 0,
        "neg_rate": 0,
        "sources": "去哪儿|携程|马蜂窝"
      }
    },
    {
      "type": "Feature",
      "geometry": {
        "type": "Point",
        "coordinates": [
          113.093313,
          23.069206
        ]
      },
      "properties": {
        "id": "",
        "name": "总排西文化楼西南侧-停车场",
        "town": "大沥镇",
        "rev_count": 12654,
        "avg_rate": 0,
        "pos_rate": 0,
        "neg_rate": 0,
        "sources": "去哪儿|携程|马蜂窝"
      }
    },
    {
      "type": "Feature",
      "geometry": {
        "type": "Point",
        "coordinates": [
          113.054129,
          23.064283
        ]
      },
      "properties": {
        "id": "",
        "name": "孝德文化展览馆-南门",
        "town": "狮山镇",
        "rev_count": 12654,
        "avg_rate": 0,
        "pos_rate": 0,
        "neg_rate": 0,
        "sources": "去哪儿|携程|马蜂窝"
      }
    },
    {
      "type": "Feature",
      "geometry": {
        "type": "Point",
        "coordinates": [
          113.054437,
          23.06427
        ]
      },
      "properties": {
        "id": "",
        "name": "罗村文化公园-西2门",
        "town": "狮山镇",
        "rev_count": 12654,
        "avg_rate": 0,
        "pos_rate": 0,
        "neg_rate": 0,
        "sources": "去哪儿|携程|马蜂窝"
      }
    },
    {
      "type": "Feature",
      "geometry": {
        "type": "Point",
        "coordinates": [
          113.085622,
          23.073814
        ]
      },
      "properties": {
        "id": "",
        "name": "佛山市康利文化传播有限公司",
        "town": "狮山镇",
        "rev_count": 12654,
        "avg_rate": 0,
        "pos_rate": 0,
        "neg_rate": 0,
        "sources": "去哪儿|携程|马蜂窝"
      }
    },
    {
      "type": "Feature",
      "geometry": {
        "type": "Point",
        "coordinates": [
          113.054916,
          23.065141
        ]
      },
      "properties": {
        "id": "",
        "name": "罗村文化公园-北门",
        "town": "狮山镇",
        "rev_count": 12654,
        "avg_rate": 0,
        "pos_rate": 0,
        "neg_rate": 0,
        "sources": "去哪儿|携程|马蜂窝"
      }
    },
    {
      "type": "Feature",
      "geometry": {
        "type": "Point",
        "coordinates": [
          113.055193,
          23.064482
        ]
      },
      "properties": {
        "id": "",
        "name": "罗村文化公园-东2门",
        "town": "狮山镇",
        "rev_count": 12654,
        "avg_rate": 0,
        "pos_rate": 0,
        "neg_rate": 0,
        "sources": "去哪儿|携程|马蜂窝"
      }
    },
    {
      "type": "Feature",
      "geometry": {
        "type": "Point",
        "coordinates": [
          113.055186,
          23.064039
        ]
      },
      "properties": {
        "id": "",
        "name": "罗村文化公园-东3门",
        "town": "狮山镇",
        "rev_count": 12654,
        "avg_rate": 0,
        "pos_rate": 0,
        "neg_rate": 0,
        "sources": "去哪儿|携程|马蜂窝"
      }
    },
    {
      "type": "Feature",
      "geometry": {
        "type": "Point",
        "coordinates": [
          113.0468,
          23.059135
        ]
      },
      "properties": {
        "id": "",
        "name": "佛山市南海区华有文化科技有限公司",
        "town": "狮山镇",
        "rev_count": 12654,
        "avg_rate": 0,
        "pos_rate": 0,
        "neg_rate": 0,
        "sources": "去哪儿|携程|马蜂窝"
      }
    },
    {
      "type": "Feature",
      "geometry": {
        "type": "Point",
        "coordinates": [
          113.054693,
          23.064039
        ]
      },
      "properties": {
        "id": "",
        "name": "罗村文化公园-休息亭",
        "town": "狮山镇",
        "rev_count": 12654,
        "avg_rate": 0,
        "pos_rate": 0,
        "neg_rate": 0,
        "sources": "去哪儿|携程|马蜂窝"
      }
    },
    {
      "type": "Feature",
      "geometry": {
        "type": "Point",
        "coordinates": [
          113.045355,
          23.054386
        ]
      },
      "properties": {
        "id": "",
        "name": "罗村咏春体育公园文化广场东北侧临时停车点",
        "town": "狮山镇",
        "rev_count": 12654,
        "avg_rate": 0,
        "pos_rate": 0,
        "neg_rate": 0,
        "sources": "去哪儿|携程|马蜂窝"
      }
    },
    {
      "type": "Feature",
      "geometry": {
        "type": "Point",
        "coordinates": [
          113.09168,
          23.068385
        ]
      },
      "properties": {
        "id": "",
        "name": "和丰汇·生态农家小院(罗村店)",
        "town": "大沥镇",
        "rev_count": 12654,
        "avg_rate": 0,
        "pos_rate": 0,
        "neg_rate": 0,
        "sources": "去哪儿|携程|马蜂窝"
      }
    },
    {
      "type": "Feature",
      "geometry": {
        "type": "Point",
        "coordinates": [
          113.073729,
          23.068518
        ]
      },
      "properties": {
        "id": "",
        "name": "凯兴公寓",
        "town": "大沥镇",
        "rev_count": 12654,
        "avg_rate": 0,
        "pos_rate": 0,
        "neg_rate": 0,
        "sources": "去哪儿|携程|马蜂窝"
      }
    },
    {
      "type": "Feature",
      "geometry": {
        "type": "Point",
        "coordinates": [
          113.130004,
          23.070884
        ]
      },
      "properties": {
        "id": "",
        "name": "车城农庄(桂城店)",
        "town": "桂城街道",
        "rev_count": 12654,
        "avg_rate": 0,
        "pos_rate": 0,
        "neg_rate": 0,
        "sources": "去哪儿|携程|马蜂窝"
      }
    },
    {
      "type": "Feature",
      "geometry": {
        "type": "Point",
        "coordinates": [
          113.059561,
          23.066397
        ]
      },
      "properties": {
        "id": "",
        "name": "江南牙科(罗村店)",
        "town": "狮山镇",
        "rev_count": 12654,
        "avg_rate": 0,
        "pos_rate": 0,
        "neg_rate": 0,
        "sources": "去哪儿|携程|马蜂窝"
      }
    },
    {
      "type": "Feature",
      "geometry": {
        "type": "Point",
        "coordinates": [
          113.130629,
          23.061043
        ]
      },
      "properties": {
        "id": "",
        "name": "茶基新村",
        "town": "桂城街道",
        "rev_count": 12654,
        "avg_rate": 0,
        "pos_rate": 0,
        "neg_rate": 0,
        "sources": "去哪儿|携程|马蜂窝"
      }
    },
    {
      "type": "Feature",
      "geometry": {
        "type": "Point",
        "coordinates": [
          113.129743,
          23.066738
        ]
      },
      "properties": {
        "id": "",
        "name": "星晖园-西区",
        "town": "桂城街道",
        "rev_count": 12654,
        "avg_rate": 0,
        "pos_rate": 0,
        "neg_rate": 0,
        "sources": "去哪儿|携程|马蜂窝"
      }
    },
    {
      "type": "Feature",
      "geometry": {
        "type": "Point",
        "coordinates": [
          113.058357,
          23.059228
        ]
      },
      "properties": {
        "id": "",
        "name": "泮阳季公祠",
        "town": "狮山镇",
        "rev_count": 12654,
        "avg_rate": 0,
        "pos_rate": 0,
        "neg_rate": 0,
        "sources": "去哪儿|携程|马蜂窝"
      }
    },
    {
      "type": "Feature",
      "geometry": {
        "type": "Point",
        "coordinates": [
          113.05108,
          23.055327
        ]
      },
      "properties": {
        "id": "",
        "name": "GENIUS ART",
        "town": "狮山镇",
        "rev_count": 12654,
        "avg_rate": 0,
        "pos_rate": 0,
        "neg_rate": 0,
        "sources": "去哪儿|携程|马蜂窝"
      }
    },
    {
      "type": "Feature",
      "geometry": {
        "type": "Point",
        "coordinates": [
          113.093596,
          23.070304
        ]
      },
      "properties": {
        "id": "",
        "name": "平乐吴公祠",
        "town": "大沥镇",
        "rev_count": 12654,
        "avg_rate": 0,
        "pos_rate": 0,
        "neg_rate": 0,
        "sources": "去哪儿|携程|马蜂窝"
      }
    },
    {
      "type": "Feature",
      "geometry": {
        "type": "Point",
        "coordinates": [
          113.078371,
          23.068566
        ]
      },
      "properties": {
        "id": "",
        "name": "园林景观",
        "town": "大沥镇",
        "rev_count": 12654,
        "avg_rate": 0,
        "pos_rate": 0,
        "neg_rate": 0,
        "sources": "去哪儿|携程|马蜂窝"
      }
    },
    {
      "type": "Feature",
      "geometry": {
        "type": "Point",
        "coordinates": [
          113.107475,
          23.140349
        ]
      },
      "properties": {
        "id": "",
        "name": "南海县委旧址",
        "town": "大沥镇",
        "rev_count": 12654,
        "avg_rate": 0,
        "pos_rate": 0,
        "neg_rate": 0,
        "sources": "去哪儿|携程|马蜂窝"
      }
    },
    {
      "type": "Feature",
      "geometry": {
        "type": "Point",
        "coordinates": [
          113.16889,
          23.164768
        ]
      },
      "properties": {
        "id": "",
        "name": "云谷公园",
        "town": "里水镇",
        "rev_count": 12654,
        "avg_rate": 0,
        "pos_rate": 0,
        "neg_rate": 0,
        "sources": "去哪儿|携程|马蜂窝"
      }
    },
    {
      "type": "Feature",
      "geometry": {
        "type": "Point",
        "coordinates": [
          113.115777,
          23.182935
        ]
      },
      "properties": {
        "id": "",
        "name": "南海观音寺-观音殿",
        "town": "大沥镇",
        "rev_count": 12654,
        "avg_rate": 0,
        "pos_rate": 0,
        "neg_rate": 0,
        "sources": "去哪儿|携程|马蜂窝"
      }
    },
    {
      "type": "Feature",
      "geometry": {
        "type": "Point",
        "coordinates": [
          113.115635,
          23.182315
        ]
      },
      "properties": {
        "id": "",
        "name": "龟蛇池",
        "town": "大沥镇",
        "rev_count": 12654,
        "avg_rate": 0,
        "pos_rate": 0,
        "neg_rate": 0,
        "sources": "去哪儿|携程|马蜂窝"
      }
    },
    {
      "type": "Feature",
      "geometry": {
        "type": "Point",
        "coordinates": [
          113.117055,
          23.169139
        ]
      },
      "properties": {
        "id": "",
        "name": "侣梧关公祠",
        "town": "大沥镇",
        "rev_count": 12654,
        "avg_rate": 0,
        "pos_rate": 0,
        "neg_rate": 0,
        "sources": "去哪儿|携程|马蜂窝"
      }
    },
    {
      "type": "Feature",
      "geometry": {
        "type": "Point",
        "coordinates": [
          113.125757,
          23.174708
        ]
      },
      "properties": {
        "id": "",
        "name": "德元谭公祠",
        "town": "里水镇",
        "rev_count": 12654,
        "avg_rate": 0,
        "pos_rate": 0,
        "neg_rate": 0,
        "sources": "去哪儿|携程|马蜂窝"
      }
    },
    {
      "type": "Feature",
      "geometry": {
        "type": "Point",
        "coordinates": [
          113.139844,
          23.1027
        ]
      },
      "properties": {
        "id": "",
        "name": "敬斋叶公祠",
        "town": "里水镇",
        "rev_count": 12654,
        "avg_rate": 0,
        "pos_rate": 0,
        "neg_rate": 0,
        "sources": "去哪儿|携程|马蜂窝"
      }
    },
    {
      "type": "Feature",
      "geometry": {
        "type": "Point",
        "coordinates": [
          113.101372,
          23.125262
        ]
      },
      "properties": {
        "id": "",
        "name": "明斋张公祠",
        "town": "大沥镇",
        "rev_count": 12654,
        "avg_rate": 0,
        "pos_rate": 0,
        "neg_rate": 0,
        "sources": "去哪儿|携程|马蜂窝"
      }
    }
  ]
}