{"type": "FeatureCollection", "features": [{"type": "Feature", "properties": {"name": "西樵镇", "source": "grid_vote"}, "geometry": {"type": "MultiPolygon", "coordinates": [[[[112.865, 22.8565], [112.8695, 22.8565], [112.8695, 22.861], [112.87400000000001, 22.861], [112.87400000000001, 22.8565], [112.8785, 22.8565], [112.8785, 22.852], [112.8785, 22.84791855658199], [112.878425, 22.847895], [112.877766, 22.847943], [112.87741317872569, 22.8475], [112.874, 22.8475], [112.874, 22.852], [112.8695, 22.852], [112.8695, 22.8475], [112.86500000000001, 22.8475], [112.865, 22.8475], [112.8605, 22.8475], [112.8605, 22.852], [112.865, 22.852], [112.865, 22.8565]]], [[[112.8515, 22.852], [112.8515, 22.8565], [112.85600000000001, 22.8565], [112.85600000000001, 22.852], [112.8515, 22.852]]], [[[112.883, 22.8655], [112.883, 22.87], [112.883, 22.8745], [112.8785, 22.8745], [112.87400000000001, 22.8745], [112.874, 22.8745], [112.8695, 22.8745], [112.8695, 22.879], [112.874, 22.879], [112.874, 22.882954784232375], [112.874013, 22.882942], [112.876276, 22.881294], [112.8785, 22.879947912828435], [112.8785, 22.879], [112.88300000000001, 22.879], [112.88300000000001, 22.8745], [112.8875, 22.8745], [112.8875, 22.87], [112.89200000000001, 22.87], [112.89200000000001, 22.8655], [112.8965, 22.8655], [112.8965, 22.861], [112.89200000000001, 22.861], [112.89200000000001, 22.8565], [112.8875, 22.8565], [112.883, 22.8565], [112.883, 22.861], [112.8785, 22.861], [112.8785, 22.8655], [112.883, 22.8655]], [[112.8875, 22.861], [112.892, 22.861], [112.892, 22.8655], [112.8875, 22.8655], [112.88300000000001, 22.8655], [112.88300000000001, 22.861], [112.8875, 22.861]]], [[[112.856, 22.861], [112.856, 22.86471585714285], [112.85660988888888, 22.8655], [112.8605, 22.8655], [112.8605, 22.861], [112.856, 22.861]]], [[[112.8965, 22.924], [112.90100000000001, 22.924], [112.90100000000001, 22.9195], [112.8965, 22.9195], [112.892, 22.9195], [112.892, 22.924], [112.8965, 22.924]]], [[[112.88300000000001, 22.9375], [112.88300000000001, 22.933], [112.8875, 22.933], [112.8875, 22.9285], [112.88300000000001, 22.9285], [112.883, 22.9285], [112.8785, 22.9285], [112.8785, 22.933], [112.8785, 22.9375], [112.88300000000001, 22.9375]]], [[[112.8965, 22.9465], [112.901, 22.9465], [112.901, 22.951], [112.8965, 22.951], [112.892, 22.951], [112.892, 22.9555], [112.8875, 22.9555], [112.8875, 22.95864249783906], [112.8906439957102, 22.96], [112.89070624126455, 22.96], [112.891842, 22.958817], [112.893074, 22.95945], [112.89341131808732, 22.96], [112.8965, 22.96], [112.90100000000001, 22.96], [112.90100000000001, 22.9555], [112.90100000000001, 22.951], [112.90549999999999, 22.951], [112.90549999999999, 22.9555], [112.90549999999999, 22.96], [112.91, 22.96], [112.91449999999999, 22.96], [112.9145, 22.96], [112.919, 22.96], [112.9235, 22.96], [112.9235, 22.9555], [112.9235, 22.951], [112.919, 22.951], [112.919, 22.9465], [112.919, 22.942], [112.9145, 22.942], [112.91449999999999, 22.942], [112.91, 22.942], [112.91, 22.9375], [112.9145, 22.9375], [112.9145, 22.933], [112.9145, 22.9285], [112.91, 22.9285], [112.9055, 22.9285], [112.90549999999999, 22.9285], [112.901, 22.9285], [112.901, 22.933], [112.901, 22.9375], [112.901, 22.942], [112.8965, 22.942], [112.8965, 22.9465]], [[112.919, 22.9555], [112.9145, 22.9555], [112.91449999999999, 22.9555], [112.91, 22.9555], [112.91, 22.951], [112.91, 22.9465], [112.91449999999999, 22.9465], [112.91449999999999, 22.951], [112.919, 22.951], [112.919, 22.9555]], [[112.90549999999999, 22.942], [112.90549999999999, 22.9465], [112.90100000000001, 22.9465], [112.90100000000001, 22.942], [112.90549999999999, 22.942]]], [[[112.901, 22.969], [112.901, 22.96979276653061], [112.901538, 22.970033], [112.901, 22.970640161028427], [112.901, 22.9721686796875], [112.901286, 22.972248], [112.902753, 22.972649], [112.903899, 22.973283], [112.90378385714286, 22.9735], [112.9055, 22.9735], [112.9055, 22.969], [112.901, 22.969]]], [[[112.903379, 22.9735], [112.901624, 22.973374], [112.90166159677419, 22.9735], [112.903379, 22.9735]]], [[[112.91, 22.982499999999998], [112.91, 22.987], [112.9145, 22.987], [112.9145, 22.982499999999998], [112.91, 22.982499999999998]]], [[[112.90549999999999, 22.9915], [112.90549999999999, 22.996], [112.91, 22.996], [112.91, 22.9915], [112.90549999999999, 22.9915]]], [[[112.946, 22.852], [112.9505, 22.852], [112.9505, 22.8475], [112.946, 22.8475], [112.94149999999999, 22.8475], [112.94149999999999, 22.852], [112.937, 22.852], [112.937, 22.8565], [112.9415, 22.8565], [112.9415, 22.852], [112.946, 22.852]]], [[[112.92349999999999, 22.861], [112.92349999999999, 22.8655], [112.928, 22.8655], [112.928, 22.861], [112.92349999999999, 22.861]]], [[[112.919, 22.8835], [112.92349999999999, 22.8835], [112.92349999999999, 22.888], [112.92349999999999, 22.892500000000002], [112.928, 22.892500000000002], [112.9325, 22.892500000000002], [112.9325, 22.888], [112.9325, 22.8835], [112.928, 22.8835], [112.9235, 22.8835], [112.9235, 22.879], [112.9235, 22.8745], [112.919, 22.8745], [112.919, 22.879], [112.91463238775283, 22.879], [112.91449999999999, 22.879534901212423], [112.91449999999999, 22.8835], [112.919, 22.8835]]], [[[112.91449999999999, 22.897], [112.91449999999999, 22.9015], [112.919, 22.9015], [112.919, 22.897], [112.919, 22.8925], [112.91449999999999, 22.8925], [112.91449999999999, 22.897]]], [[[112.94149999999999, 22.8925], [112.94149999999999, 22.897], [112.937, 22.897], [112.937, 22.9015], [112.9415, 22.9015], [112.9415, 22.897], [112.946, 22.897], [112.946, 22.8925], [112.94149999999999, 22.8925]]], [[[112.919, 22.9015], [112.919, 22.906], [112.9235, 22.906], [112.9235, 22.9015], [112.919, 22.9015]]], [[[112.9235, 22.915], [112.919, 22.915], [112.919, 22.9105], [112.919, 22.906], [112.91449999999999, 22.906], [112.91449999999999, 22.9105], [112.91449999999999, 22.915], [112.91449999999999, 22.9195], [112.919, 22.9195], [112.919, 22.924], [112.9235, 22.924], [112.9235, 22.9195], [112.9235, 22.915]]], [[[112.928, 22.906], [112.928, 22.9105], [112.9325, 22.9105], [112.9325, 22.906], [112.928, 22.906]]], [[[112.946, 22.933], [112.95049999999999, 22.933], [112.95049999999999, 22.9375], [112.95049999999999, 22.942], [112.95049999999999, 22.9465], [112.946, 22.9465], [112.94149999999999, 22.9465], [112.94149999999999, 22.951], [112.94149999999999, 22.9555], [112.937, 22.9555], [112.937, 22.96], [112.94149999999999, 22.96], [112.9415, 22.96], [112.946, 22.96], [112.946, 22.9645], [112.95049999999999, 22.9645], [112.95049999999999, 22.969], [112.946, 22.969], [112.946, 22.9735], [112.9505, 22.9735], [112.9505, 22.969], [112.955, 22.969], [112.955, 22.9645], [112.9505, 22.9645], [112.9505, 22.96], [112.955, 22.96], [112.95949999999999, 22.96], [112.95949999999999, 22.9645], [112.95949999999999, 22.969], [112.964, 22.969], [112.9685, 22.969], [112.9685, 22.9645], [112.964, 22.9645], [112.964, 22.96], [112.964, 22.9555], [112.96849999999999, 22.9555], [112.9685, 22.9555], [112.973, 22.9555], [112.973, 22.96], [112.97749999999999, 22.96], [112.9775, 22.96], [112.982, 22.96], [112.982, 22.9555], [112.98649999999999, 22.9555], [112.9865, 22.9555], [112.991, 22.9555], [112.991, 22.951], [112.991, 22.9465], [112.99549999999999, 22.9465], [112.9955, 22.9465], [113.0, 22.9465], [113.0, 22.942], [113.0, 22.9375], [112.9955, 22.9375], [112.9955, 22.933], [112.991, 22.933], [112.9865, 22.933], [112.98649999999999, 22.933], [112.982, 22.933], [112.982, 22.9285], [112.982, 22.924], [112.98649999999999, 22.924], [112.98649999999999, 22.9285], [112.991, 22.9285], [112.991, 22.924], [112.9865, 22.924], [112.9865, 22.9195], [112.9865, 22.915], [112.991, 22.915], [112.9955, 22.915], [112.9955, 22.9105], [112.991, 22.9105], [112.9865, 22.9105], [112.9865, 22.906], [112.982, 22.906], [112.9775, 22.906], [112.9775, 22.9015], [112.982, 22.9015], [112.982, 22.897], [112.97749999999999, 22.897], [112.97749999999999, 22.9015], [112.973, 22.9015], [112.973, 22.897], [112.96849999999999, 22.897], [112.96849999999999, 22.9015], [112.964, 22.9015], [112.964, 22.906], [112.9595, 22.906], [112.95949999999999, 22.906], [112.955, 22.906], [112.955, 22.9015], [112.955, 22.897], [112.95049999999999, 22.897], [112.95049999999999, 22.9015], [112.946, 22.9015], [112.946, 22.906], [112.95049999999999, 22.906], [112.95049999999999, 22.9105], [112.955, 22.9105], [112.955, 22.915], [112.955, 22.9195], [112.95949999999999, 22.9195], [112.95949999999999, 22.924], [112.95949999999999, 22.9285], [112.95949999999999, 22.933], [112.955, 22.933], [112.9505, 22.933], [112.9505, 22.9285], [112.955, 22.9285], [112.955, 22.924], [112.9505, 22.924], [112.9505, 22.9195], [112.946, 22.9195], [112.9415, 22.9195], [112.94149999999999, 22.9195], [112.937, 22.9195], [112.93249999999999, 22.9195], [112.93249999999999, 22.924], [112.937, 22.924], [112.937, 22.9285], [112.937, 22.933], [112.937, 22.9375], [112.9415, 22.9375], [112.9415, 22.933], [112.946, 22.933]], [[112.946, 22.9555], [112.946, 22.951], [112.95049999999999, 22.951], [112.9505, 22.951], [112.955, 22.951], [112.955, 22.9555], [112.95049999999999, 22.9555], [112.95049999999999, 22.96], [112.946, 22.96], [112.946, 22.9555]], [[112.9595, 22.915], [112.964, 22.915], [112.96849999999999, 22.915], [112.96849999999999, 22.9195], [112.964, 22.9195], [112.9595, 22.9195], [112.9595, 22.915]], [[112.973, 22.9105], [112.97749999999999, 22.9105], [112.9775, 22.9105], [112.982, 22.9105], [112.98649999999999, 22.9105], [112.98649999999999, 22.915], [112.982, 22.915], [112.9775, 22.915], [112.97749999999999, 22.915], [112.973, 22.915], [112.973, 22.9105]], [[112.9775, 22.9465], [112.9775, 22.942], [112.982, 22.942], [112.982, 22.9465], [112.9775, 22.9465]]], [[[112.92349999999999, 22.9285], [112.92349999999999, 22.933], [112.928, 22.933], [112.928, 22.9285], [112.92349999999999, 22.9285]]], [[[112.928, 22.9465], [112.928, 22.951], [112.9325, 22.951], [112.9325, 22.9465], [112.928, 22.9465]]], [[[112.91449999999999, 22.9645], [112.91449999999999, 22.969], [112.919, 22.969], [112.919, 22.9645], [112.91449999999999, 22.9645]]], [[[112.937, 22.9645], [112.937, 22.969], [112.94149999999999, 22.969], [112.9415, 22.969], [112.946, 22.969], [112.946, 22.9645], [112.9415, 22.9645], [112.94149999999999, 22.9645], [112.937, 22.9645]]], [[[112.946, 22.9825], [112.946, 22.978], [112.946, 22.9735], [112.9415, 22.9735], [112.94149999999999, 22.9735], [112.937, 22.9735], [112.937, 22.978], [112.94149999999999, 22.978], [112.94149999999999, 22.9825], [112.946, 22.9825]]], [[[112.919, 22.987], [112.919, 22.9915], [112.9235, 22.9915], [112.9235, 22.987], [112.919, 22.987]]], [[[112.91449999999999, 22.9915], [112.91449999999999, 22.996], [112.919, 22.996], [112.919, 22.9915], [112.91449999999999, 22.9915]]], [[[112.937, 23.0005], [112.937, 23.005], [112.9415, 23.005], [112.9415, 23.0005], [112.937, 23.0005]]], [[[112.94149999999999, 23.014], [112.94149999999999, 23.0185], [112.946, 23.0185], [112.946, 23.014], [112.946, 23.0095], [112.94149999999999, 23.0095], [112.94149999999999, 23.014]]], [[[112.9595, 22.8475], [112.964, 22.8475], [112.964, 22.843], [112.95949999999999, 22.843], [112.95949999999999, 22.8475], [112.955, 22.8475], [112.955, 22.852], [112.95949999999999, 22.852], [112.95949999999999, 22.8565], [112.964, 22.8565], [112.9685, 22.8565], [112.9685, 22.852], [112.964, 22.852], [112.9595, 22.852], [112.9595, 22.8475]]], [[[112.9505, 22.87], [112.946, 22.87], [112.946, 22.8745], [112.946, 22.879], [112.95049999999999, 22.879], [112.9505, 22.879], [112.955, 22.879], [112.955, 22.8745], [112.9505, 22.8745], [112.9505, 22.87]]], [[[112.955, 22.87], [112.955, 22.8745], [112.9595, 22.8745], [112.9595, 22.87], [112.955, 22.87]]], [[[112.946, 23.005], [112.946, 23.0095], [112.9505, 23.0095], [112.9505, 23.005], [112.946, 23.005]]], [[[112.973, 22.816], [112.973, 22.8205], [112.9775, 22.8205], [112.9775, 22.816], [112.973, 22.816]]], [[[112.973, 22.843], [112.97749999999999, 22.843], [112.9775, 22.843], [112.982, 22.843], [112.982, 22.8385], [112.9775, 22.8385], [112.97749999999999, 22.8385], [112.973, 22.8385], [112.973, 22.843]]], [[[112.96849999999999, 22.843], [112.96849999999999, 22.8475], [112.973, 22.8475], [112.973, 22.843], [112.96849999999999, 22.843]]], [[[112.973, 22.861], [112.973, 22.8655], [112.9775, 22.8655], [112.9775, 22.861], [112.973, 22.861]]], [[[112.964, 22.8745], [112.964, 22.879], [112.964, 22.8835], [112.9685, 22.8835], [112.9685, 22.879], [112.9685, 22.8745], [112.964, 22.8745]]], [[[112.982, 22.888], [112.98649999999999, 22.888], [112.98649999999999, 22.8925], [112.982, 22.8925], [112.982, 22.897], [112.9865, 22.897], [112.9865, 22.892500000000002], [112.991, 22.892500000000002], [112.991, 22.888], [112.9865, 22.888], [112.9865, 22.8835], [112.982, 22.8835], [112.9775, 22.8835], [112.97749999999999, 22.8835], [112.973, 22.8835], [112.973, 22.888], [112.973, 22.892500000000002], [112.9775, 22.892500000000002], [112.9775, 22.888], [112.982, 22.888]]], [[[112.964, 22.9735], [112.964, 22.978], [112.9685, 22.978], [112.9685, 22.9735], [112.964, 22.9735]]], [[[112.98086160660155, 22.978], [112.980973, 22.977837], [112.982, 22.977409016103696], [112.982, 22.9735], [112.97749999999999, 22.9735], [112.97749999999999, 22.978], [112.973, 22.978], [112.973, 22.9825], [112.9775, 22.9825], [112.9775, 22.978], [112.98086160660155, 22.978]]], [[[112.964, 22.982499999999998], [112.964, 22.987], [112.9685, 22.987], [112.9685, 22.982499999999998], [112.964, 22.982499999999998]]], [[[112.991, 22.8835], [112.991, 22.888], [112.9955, 22.888], [112.9955, 22.8835], [112.991, 22.8835]]], [[[112.991, 22.9195], [112.991, 22.924], [112.9955, 22.924], [112.9955, 22.9195], [112.991, 22.9195]]], [[[113.0045, 22.924], [113.0045, 22.9285], [113.009, 22.9285], [113.009, 22.924], [113.0045, 22.924]]], [[[113.0, 22.933], [113.0, 22.9375], [113.00450000000001, 22.9375], [113.00450000000001, 22.933], [113.0, 22.933]]], [[[112.99549999999999, 22.951], [112.99549999999999, 22.9555], [113.0, 22.9555], [113.0, 22.951], [112.99549999999999, 22.951]]], [[[112.982, 22.969], [112.982, 22.9735], [112.9865, 22.9735], [112.9865, 22.969], [112.991, 22.969], [112.991, 22.9645], [112.9955, 22.9645], [112.9955, 22.96], [112.991, 22.96], [112.98649999999999, 22.96], [112.98649999999999, 22.9645], [112.98649999999999, 22.969], [112.982, 22.969]]], [[[112.97749999999999, 22.9645], [112.97749999999999, 22.969], [112.982, 22.969], [112.982, 22.9645], [112.97749999999999, 22.9645]]]]}}, {"type": "Feature", "properties": {"name": "丹灶镇", "source": "grid_vote"}, "geometry": {"type": "MultiPolygon", "coordinates": [[[[112.91, 22.969], [112.9145, 22.969], [112.9145, 22.9645], [112.919, 22.9645], [112.919, 22.969], [112.92349999999999, 22.969], [112.92349999999999, 22.9735], [112.919, 22.9735], [112.919, 22.978], [112.92349999999999, 22.978], [112.9235, 22.978], [112.928, 22.978], [112.9325, 22.978], [112.9325, 22.9735], [112.928, 22.9735], [112.928, 22.969], [112.928, 22.9645], [112.9235, 22.9645], [112.9235, 22.96], [112.919, 22.96], [112.9145, 22.96], [112.91449999999999, 22.96], [112.91, 22.96], [112.91, 22.9645], [112.9055, 22.9645], [112.90549999999999, 22.9645], [112.901, 22.9645], [112.901, 22.965647528216703], [112.901173, 22.965867], [112.901, 22.96615659726028], [112.901, 22.969], [112.90549999999999, 22.969], [112.9055, 22.969], [112.91, 22.969]]], [[[112.91449999999999, 22.987], [112.919, 22.987], [112.919, 22.982499999999998], [112.9145, 22.982499999999998], [112.9145, 22.978], [112.9145, 22.9735], [112.91, 22.9735], [112.91, 22.978], [112.91, 22.982499999999998], [112.90549999999999, 22.982499999999998], [112.90549999999999, 22.983701201970444], [112.906496, 22.983738], [112.906678, 22.984466], [112.906244, 22.984752], [112.90549999999999, 22.984719055350553], [112.90549999999999, 22.987], [112.90549999999999, 22.9915], [112.91, 22.9915], [112.91, 22.987], [112.91, 22.9825], [112.91449999999999, 22.9825], [112.91449999999999, 22.987]]], [[[112.8875, 23.014], [112.89200000000001, 23.014], [112.89200000000001, 23.0095], [112.8965, 23.0095], [112.8965, 23.005], [112.90100000000001, 23.005], [112.90100000000001, 23.0005], [112.90100000000001, 22.998546734913], [112.898377, 22.997798], [112.897059, 22.997283], [112.8965, 22.997283], [112.8965, 23.0005], [112.892, 23.0005], [112.892, 23.005], [112.8875, 23.005], [112.8875, 23.0095], [112.8875, 23.014]]], [[[112.892, 23.0275], [112.8875, 23.0275], [112.8875, 23.032], [112.892, 23.032], [112.892, 23.0365], [112.8875, 23.0365], [112.883, 23.0365], [112.883, 23.041], [112.8785, 23.041], [112.874, 23.041], [112.874, 23.0455], [112.8785, 23.0455], [112.883, 23.0455], [112.883, 23.05], [112.8785, 23.05], [112.8785, 23.0545], [112.883, 23.0545], [112.88300000000001, 23.0545], [112.8875, 23.0545], [112.8875, 23.05], [112.89200000000001, 23.05], [112.89200000000001, 23.0455], [112.89200000000001, 23.041], [112.89200000000001, 23.0365], [112.8965, 23.0365], [112.8965, 23.032], [112.901, 23.032], [112.901, 23.0365], [112.90549999999999, 23.0365], [112.90549999999999, 23.041], [112.90549999999999, 23.0455], [112.90549999999999, 23.05], [112.90549999999999, 23.0545], [112.91, 23.0545], [112.9145, 23.0545], [112.9145, 23.05], [112.919, 23.05], [112.919, 23.0455], [112.9235, 23.0455], [112.9235, 23.041], [112.9235, 23.0365], [112.928, 23.0365], [112.928, 23.032], [112.9235, 23.032], [112.92349999999999, 23.032], [112.919, 23.032], [112.919, 23.0365], [112.9145, 23.0365], [112.91449999999999, 23.0365], [112.91, 23.0365], [112.91, 23.032], [112.9055, 23.032], [112.90549999999999, 23.032], [112.90100000000001, 23.032], [112.90100000000001, 23.0275], [112.90100000000001, 23.023], [112.90549999999999, 23.023], [112.90549999999999, 23.0275], [112.91, 23.0275], [112.91449999999999, 23.0275], [112.9145, 23.0275], [112.919, 23.0275], [112.9235, 23.0275], [112.9235, 23.023], [112.919, 23.023], [112.919, 23.0185], [112.919, 23.014], [112.9145, 23.014], [112.9145, 23.0095], [112.9145, 23.005], [112.91, 23.005], [112.91, 23.0095], [112.91, 23.014], [112.91449999999999, 23.014], [112.91449999999999, 23.0185], [112.91, 23.0185], [112.9055, 23.0185], [112.90549999999999, 23.0185], [112.90100000000001, 23.0185], [112.901, 23.0185], [112.8965, 23.0185], [112.8965, 23.023], [112.89200000000001, 23.023], [112.89200000000001, 23.0185], [112.8875, 23.0185], [112.883, 23.0185], [112.883, 23.023], [112.8875, 23.023], [112.892, 23.023], [112.892, 23.0275]], [[112.89200000000001, 23.032], [112.89200000000001, 23.0275], [112.8965, 23.0275], [112.8965, 23.032], [112.89200000000001, 23.032]], [[112.8875, 23.041], [112.8875, 23.0455], [112.88300000000001, 23.0455], [112.88300000000001, 23.041], [112.8875, 23.041]]], [[[112.8965, 23.041], [112.8965, 23.0455], [112.90100000000001, 23.0455], [112.90100000000001, 23.041], [112.8965, 23.041]]], [[[112.8965, 23.059], [112.90100000000001, 23.059], [112.90100000000001, 23.0545], [112.90100000000001, 23.05], [112.8965, 23.05], [112.8965, 23.0545], [112.8965, 23.059]]], [[[112.874, 23.0545], [112.874, 23.059], [112.8785, 23.059], [112.8785, 23.0545], [112.874, 23.0545]]], [[[112.892, 23.059], [112.892, 23.0635], [112.8965, 23.0635], [112.8965, 23.059], [112.892, 23.059]]], [[[112.90549999999999, 23.0635], [112.90549999999999, 23.068], [112.91, 23.068], [112.91, 23.0635], [112.91, 23.059], [112.90549999999999, 23.059], [112.90549999999999, 23.0635]]], [[[112.87457360433437, 23.068], [112.875273, 23.072378], [112.87524000355872, 23.0725], [112.8785, 23.0725], [112.8785, 23.068], [112.87457360433437, 23.068]]], [[[112.8965, 23.0815], [112.892, 23.0815], [112.892, 23.086], [112.8875, 23.086], [112.8875, 23.0905], [112.892, 23.0905], [112.89200000000001, 23.0905], [112.8965, 23.0905], [112.8965, 23.086], [112.8965, 23.0815]]], [[[112.8695, 23.095], [112.87400000000001, 23.095], [112.87400000000001, 23.0905], [112.8695, 23.0905], [112.8695, 23.095]]], [[[112.9055, 23.0995], [112.9055, 23.095], [112.901, 23.095], [112.901, 23.0995], [112.8965, 23.0995], [112.8965, 23.104], [112.90100000000001, 23.104], [112.90100000000001, 23.0995], [112.9055, 23.0995]]], [[[112.892, 23.104], [112.892, 23.1085], [112.8965, 23.1085], [112.8965, 23.104], [112.892, 23.104]]], [[[112.91, 23.1265], [112.90549999999999, 23.1265], [112.90549999999999, 23.131], [112.90549999999999, 23.1355], [112.91, 23.1355], [112.91, 23.131], [112.91, 23.1265]]], [[[112.928, 22.96], [112.928, 22.9645], [112.9325, 22.9645], [112.9325, 22.96], [112.928, 22.96]]], [[[112.937, 22.996], [112.937, 22.9915], [112.9325, 22.9915], [112.9325, 22.987], [112.928, 22.987], [112.928, 22.9915], [112.92349999999999, 22.9915], [112.92349999999999, 22.996], [112.928, 22.996], [112.93249999999999, 22.996], [112.9325, 22.996], [112.937, 22.996]]], [[[112.91449999999999, 23.0005], [112.919, 23.0005], [112.919, 22.996], [112.91449999999999, 22.996], [112.91449999999999, 23.0005]]], [[[112.937, 23.05], [112.937, 23.0455], [112.9325, 23.0455], [112.9325, 23.041], [112.928, 23.041], [112.928, 23.0455], [112.928, 23.05], [112.93249999999999, 23.05], [112.9325, 23.05], [112.937, 23.05]]], [[[112.92349999999999, 23.059], [112.92349999999999, 23.0635], [112.928, 23.0635], [112.928, 23.059], [112.92349999999999, 23.059]]], [[[112.928, 23.068], [112.928, 23.0725], [112.9325, 23.0725], [112.9325, 23.068], [112.928, 23.068]]], [[[112.937, 23.0995], [112.937, 23.095], [112.937, 23.0905], [112.9325, 23.0905], [112.93249999999999, 23.0905], [112.928, 23.0905], [112.928, 23.095], [112.93249999999999, 23.095], [112.93249999999999, 23.0995], [112.937, 23.0995]]], [[[112.919, 23.1085], [112.91449999999999, 23.1085], [112.91449999999999, 23.108909475748632], [112.914624, 23.108885], [112.91449999999999, 23.109193546875034], [112.91449999999999, 23.113], [112.919, 23.113], [112.9235, 23.113], [112.9235, 23.1085], [112.919, 23.1085]]], [[[112.95049999999999, 22.96], [112.95049999999999, 22.9645], [112.955, 22.9645], [112.9595, 22.9645], [112.9595, 22.96], [112.955, 22.96], [112.95049999999999, 22.96]]], [[[112.94149999999999, 22.96], [112.94149999999999, 22.9645], [112.946, 22.9645], [112.946, 22.96], [112.94149999999999, 22.96]]], [[[112.937, 22.969], [112.937, 22.9735], [112.94149999999999, 22.9735], [112.9415, 22.9735], [112.946, 22.9735], [112.946, 22.969], [112.9415, 22.969], [112.94149999999999, 22.969], [112.937, 22.969]]], [[[112.95049999999999, 22.978], [112.955, 22.978], [112.955, 22.9735], [112.95049999999999, 22.9735], [112.95049999999999, 22.978]]], [[[112.937, 22.9825], [112.9415, 22.9825], [112.9415, 22.978], [112.937, 22.978], [112.937, 22.9825]]], [[[112.95949999999999, 22.987], [112.95949999999999, 22.9915], [112.964, 22.9915], [112.964, 22.987], [112.964, 22.982499999999998], [112.95949999999999, 22.982499999999998], [112.95949999999999, 22.987]]], [[[112.946, 22.9915], [112.946, 22.996], [112.9505, 22.996], [112.9505, 22.9915], [112.946, 22.9915]]], [[[112.95949999999999, 23.0005], [112.964, 23.0005], [112.964, 22.996], [112.95949999999999, 22.996], [112.95949999999999, 23.0005]]], [[[112.93249999999999, 23.0095], [112.93249999999999, 23.014], [112.937, 23.014], [112.937, 23.0095], [112.93249999999999, 23.0095]]], [[[112.946, 23.0095], [112.946, 23.014], [112.9505, 23.014], [112.9505, 23.0095], [112.946, 23.0095]]], [[[112.9595, 23.014], [112.955, 23.014], [112.955, 23.0185], [112.95949999999999, 23.0185], [112.95949999999999, 23.023], [112.95949999999999, 23.0275], [112.964, 23.0275], [112.964, 23.032], [112.96849999999999, 23.032], [112.96849999999999, 23.0365], [112.96849999999999, 23.041], [112.964, 23.041], [112.964, 23.0455], [112.9685, 23.0455], [112.9685, 23.041], [112.973, 23.041], [112.9775, 23.041], [112.9775, 23.0365], [112.982, 23.0365], [112.982, 23.032], [112.9775, 23.032], [112.97749999999999, 23.032], [112.973, 23.032], [112.9685, 23.032], [112.9685, 23.0275], [112.973, 23.0275], [112.973, 23.023], [112.9685, 23.023], [112.96849999999999, 23.023], [112.964, 23.023], [112.964, 23.0185], [112.9595, 23.0185], [112.9595, 23.014]]], [[[112.94149999999999, 23.041], [112.9415, 23.041], [112.946, 23.041], [112.946, 23.0365], [112.9415, 23.0365], [112.9415, 23.032], [112.946, 23.032], [112.95049999999999, 23.032], [112.9505, 23.032], [112.955, 23.032], [112.955, 23.0275], [112.9505, 23.0275], [112.9505, 23.023], [112.946, 23.023], [112.946, 23.0275], [112.94149999999999, 23.0275], [112.94149999999999, 23.032], [112.937, 23.032], [112.937, 23.0365], [112.937, 23.041], [112.94149999999999, 23.041]]], [[[112.95949999999999, 23.0365], [112.964, 23.0365], [112.964, 23.032], [112.95949999999999, 23.032], [112.95949999999999, 23.0365]]], [[[112.946, 23.0455], [112.94149999999999, 23.0455], [112.94149999999999, 23.05], [112.94149999999999, 23.0545], [112.946, 23.0545], [112.95049999999999, 23.0545], [112.9505, 23.0545], [112.955, 23.0545], [112.955, 23.05], [112.95949999999999, 23.05], [112.9595, 23.05], [112.964, 23.05], [112.964, 23.0455], [112.9595, 23.0455], [112.9595, 23.041], [112.955, 23.041], [112.955, 23.0455], [112.9505, 23.0455], [112.9505, 23.041], [112.946, 23.041], [112.946, 23.0455]], [[112.95049999999999, 23.0455], [112.95049999999999, 23.05], [112.946, 23.05], [112.946, 23.0455], [112.95049999999999, 23.0455]]], [[[112.964, 23.068], [112.964, 23.0635], [112.964, 23.059], [112.964, 23.0545], [112.9595, 23.0545], [112.95949999999999, 23.0545], [112.955, 23.0545], [112.955, 23.059], [112.955, 23.0635], [112.95949999999999, 23.0635], [112.95949999999999, 23.068], [112.964, 23.068]]], [[[112.94149999999999, 23.059], [112.94149999999999, 23.0635], [112.946, 23.0635], [112.946, 23.059], [112.94149999999999, 23.059]]], [[[112.93249999999999, 23.0635], [112.937, 23.0635], [112.937, 23.059], [112.93249999999999, 23.059], [112.93249999999999, 23.0635]]], [[[112.95049999999999, 23.068], [112.955, 23.068], [112.955, 23.0635], [112.95049999999999, 23.0635], [112.95049999999999, 23.068]]], [[[112.964, 23.086], [112.964, 23.0815], [112.964, 23.077], [112.964, 23.076999999999998], [112.964, 23.0725], [112.95949999999999, 23.0725], [112.95949999999999, 23.076999999999998], [112.95949999999999, 23.077], [112.95949999999999, 23.0815], [112.955, 23.0815], [112.955, 23.086], [112.95949999999999, 23.086], [112.9595, 23.086], [112.964, 23.086]]], [[[112.946, 23.086], [112.9505, 23.086], [112.9505, 23.0815], [112.946, 23.0815], [112.946, 23.086]]], [[[112.94149999999999, 23.0995], [112.946, 23.0995], [112.946, 23.095], [112.94149999999999, 23.095], [112.94149999999999, 23.0995]]], [[[112.94149999999999, 23.1085], [112.946, 23.1085], [112.946, 23.104], [112.94149999999999, 23.104], [112.94149999999999, 23.1085]]], [[[112.98649999999999, 22.8205], [112.98649999999999, 22.825], [112.991, 22.825], [112.991, 22.8205], [112.98649999999999, 22.8205]]], [[[112.982, 22.8385], [112.98649999999999, 22.8385], [112.9865, 22.8385], [112.991, 22.8385], [112.99549999999999, 22.8385], [112.99549999999999, 22.843], [113.0, 22.843], [113.00450000000001, 22.843], [113.00450000000001, 22.8385], [113.009, 22.8385], [113.009, 22.834], [113.01350000000001, 22.834], [113.01350000000001, 22.8295], [113.018, 22.8295], [113.0225, 22.8295], [113.02250000000001, 22.8295], [113.027, 22.8295], [113.027, 22.825], [113.02250000000001, 22.825], [113.02250000000001, 22.8205], [113.018, 22.8205], [113.018, 22.825], [113.01350000000001, 22.825], [113.01350000000001, 22.8205], [113.009, 22.8205], [113.009, 22.825], [113.00450000000001, 22.825], [113.00450000000001, 22.8205], [113.0, 22.8205], [113.0, 22.825], [113.0045, 22.825], [113.0045, 22.8295], [113.0045, 22.834], [113.0045, 22.8385], [113.0, 22.8385], [113.0, 22.834], [112.9955, 22.834], [112.99549999999999, 22.834], [112.991, 22.834], [112.9865, 22.834], [112.98649999999999, 22.834], [112.982, 22.834], [112.982, 22.8385]], [[113.0135, 22.825], [113.0135, 22.8295], [113.009, 22.8295], [113.009, 22.825], [113.0135, 22.825]]], [[[112.99549999999999, 22.87], [112.99549999999999, 22.8745], [113.0, 22.8745], [113.0045, 22.8745], [113.00450000000001, 22.8745], [113.009, 22.8745], [113.009, 22.87], [113.00450000000001, 22.87], [113.0045, 22.87], [113.0, 22.87], [112.9955, 22.87], [112.9955, 22.8655], [112.9955, 22.861], [113.0, 22.861], [113.0, 22.8565], [112.9955, 22.8565], [112.99549999999999, 22.8565], [112.991, 22.8565], [112.991, 22.861], [112.991, 22.8655], [112.991, 22.87], [112.99549999999999, 22.87]]], [[[112.982, 22.861], [112.982, 22.8655], [112.9865, 22.8655], [112.9865, 22.861], [112.982, 22.861]]], [[[112.97749999999999, 22.879], [112.97749999999999, 22.8835], [112.982, 22.8835], [112.982, 22.879], [112.97749999999999, 22.879]]], [[[112.982, 22.892500000000002], [112.98649999999999, 22.892500000000002], [112.98649999999999, 22.897], [112.98649999999999, 22.9015], [112.991, 22.9015], [112.9955, 22.9015], [112.9955, 22.897], [112.991, 22.897], [112.991, 22.892500000000002], [112.9955, 22.892500000000002], [112.9955, 22.888], [112.991, 22.888], [112.991, 22.8835], [112.98649999999999, 22.8835], [112.98649999999999, 22.888], [112.982, 22.888], [112.97749999999999, 22.888], [112.97749999999999, 22.892500000000002], [112.982, 22.892500000000002]], [[112.991, 22.8925], [112.9865, 22.8925], [112.9865, 22.888], [112.991, 22.888], [112.991, 22.8925]]], [[[112.97749999999999, 22.942], [112.97749999999999, 22.9465], [112.982, 22.9465], [112.982, 22.942], [112.97749999999999, 22.942]]], [[[112.9775, 22.96], [112.97749999999999, 22.96], [112.973, 22.96], [112.9685, 22.96], [112.96849999999999, 22.96], [112.964, 22.96], [112.964, 22.9645], [112.96849999999999, 22.9645], [112.96849999999999, 22.969], [112.964, 22.969], [112.964, 22.9735], [112.9685, 22.9735], [112.9685, 22.969], [112.973, 22.969], [112.973, 22.9645], [112.97749999999999, 22.9645], [112.9775, 22.9645], [112.982, 22.9645], [112.982, 22.969], [112.9865, 22.969], [112.9865, 22.9645], [112.9865, 22.96], [112.9865, 22.9555], [112.982, 22.9555], [112.982, 22.96], [112.9775, 22.96]]], [[[112.97749999999999, 22.969], [112.97749999999999, 22.9735], [112.982, 22.9735], [112.982, 22.969], [112.97749999999999, 22.969]]], [[[112.96849999999999, 22.978], [112.96849999999999, 22.9825], [112.973, 22.9825], [112.973, 22.978], [112.96849999999999, 22.978]]], [[[112.96849999999999, 23.005], [112.9685, 23.005], [112.973, 23.005], [112.9775, 23.005], [112.9775, 23.0005], [112.982, 23.0005], [112.982, 22.996], [112.982, 22.9915], [112.9775, 22.9915], [112.9775, 22.987], [112.973, 22.987], [112.973, 22.9915], [112.96849999999999, 22.9915], [112.96849999999999, 22.996], [112.96849999999999, 23.0005], [112.964, 23.0005], [112.964, 23.005], [112.96849999999999, 23.005]], [[112.97749999999999, 22.9915], [112.97749999999999, 22.996], [112.97749999999999, 23.0005], [112.973, 23.0005], [112.973, 22.996], [112.973, 22.9915], [112.97749999999999, 22.9915]]], [[[112.973, 23.014], [112.973, 23.0185], [112.97749999999999, 23.0185], [112.9775, 23.0185], [112.982, 23.0185], [112.982, 23.014], [112.9775, 23.014], [112.97749999999999, 23.014], [112.973, 23.014]]], [[[112.982, 23.05], [112.9865, 23.05], [112.9865, 23.0455], [112.982, 23.0455], [112.982, 23.05]]], [[[112.9775, 23.086], [112.9775, 23.0815], [112.973, 23.0815], [112.96849999999999, 23.0815], [112.96849999999999, 23.086], [112.973, 23.086], [112.973, 23.0905], [112.9775, 23.0905], [112.9775, 23.086]]], [[[113.02250000000001, 22.843], [113.02250000000001, 22.8385], [113.027, 22.8385], [113.03150000000001, 22.8385], [113.03150000000001, 22.834], [113.036, 22.834], [113.04050000000001, 22.834], [113.04050000000001, 22.8295], [113.04050000000001, 22.825], [113.036, 22.825], [113.036, 22.8295], [113.03150000000001, 22.8295], [113.0315, 22.8295], [113.027, 22.8295], [113.027, 22.834], [113.0225, 22.834], [113.0225, 22.8385], [113.018, 22.8385], [113.0135, 22.8385], [113.0135, 22.843], [113.0135, 22.8475], [113.0135, 22.852], [113.018, 22.852], [113.018, 22.8475], [113.02250000000001, 22.8475], [113.02250000000001, 22.843]]], [[[113.00450000000001, 22.8475], [113.0, 22.8475], [112.99549999999999, 22.8475], [112.99549999999999, 22.852], [113.0, 22.852], [113.00450000000001, 22.852], [113.00450000000001, 22.8475]]], [[[113.0, 22.879], [113.0, 22.8835], [113.00450000000001, 22.8835], [113.00450000000001, 22.879], [113.0, 22.879]]], [[[113.009, 22.888], [113.01350000000001, 22.888], [113.01350000000001, 22.883952184466022], [113.01321397134085, 22.8835], [113.009, 22.8835], [113.009, 22.888]]], [[[113.00450000000001, 22.888], [113.0, 22.888], [113.0, 22.8925], [113.0, 22.892500000000002], [113.0, 22.897], [113.00450000000001, 22.897], [113.00450000000001, 22.892500000000002], [113.00450000000001, 22.8925], [113.00450000000001, 22.888]]], [[[113.009, 22.906], [113.009, 22.9015], [113.00450000000001, 22.9015], [113.0045, 22.9015], [113.0, 22.9015], [113.0, 22.906], [113.0, 22.9105], [113.00450000000001, 22.9105], [113.00450000000001, 22.906], [113.009, 22.906]]], [[[113.009, 22.9105], [113.01350000000001, 22.9105], [113.01350000000001, 22.906], [113.009, 22.906], [113.009, 22.9105]]], [[[113.01350000000001, 22.924], [113.018, 22.924], [113.02170275, 22.924], [113.02427, 22.92283], [113.027, 22.922312878950763], [113.027, 22.9195], [113.03150000000001, 22.9195], [113.03150000000001, 22.915], [113.036, 22.915], [113.036, 22.9195], [113.0405, 22.9195], [113.0405, 22.922187109630528], [113.04402, 22.922258], [113.045, 22.92227985167232], [113.045, 22.9195], [113.04050000000001, 22.9195], [113.04050000000001, 22.915], [113.04050000000001, 22.9105], [113.045, 22.9105], [113.045, 22.906], [113.0405, 22.906], [113.0405, 22.9105], [113.036, 22.9105], [113.036, 22.906], [113.036, 22.9015], [113.036, 22.897], [113.04050000000001, 22.897], [113.04050000000001, 22.8925], [113.036, 22.8925], [113.036, 22.888], [113.0315, 22.888], [113.0315, 22.8925], [113.027, 22.8925], [113.027, 22.897], [113.027, 22.9015], [113.0315, 22.9015], [113.0315, 22.906], [113.027, 22.906], [113.02250000000001, 22.906], [113.02250000000001, 22.9015], [113.018, 22.9015], [113.018, 22.906], [113.0225, 22.906], [113.0225, 22.9105], [113.018, 22.9105], [113.018, 22.915], [113.01350000000001, 22.915], [113.0135, 22.915], [113.009, 22.915], [113.009, 22.9195], [113.009, 22.924], [113.0135, 22.924], [113.01350000000001, 22.924]], [[113.027, 22.9105], [113.0315, 22.9105], [113.0315, 22.915], [113.027, 22.915], [113.027, 22.9105]]], [[[113.009, 22.9285], [113.009, 22.933], [113.0123091232939, 22.933], [113.012947, 22.932211], [113.01350000000001, 22.931186745710495], [113.01350000000001, 22.9285], [113.009, 22.9285]]], [[[112.99549999999999, 22.9375], [113.0, 22.9375], [113.0, 22.933], [113.0, 22.9285], [112.9955, 22.9285], [112.99549999999999, 22.9285], [112.991, 22.9285], [112.991, 22.933], [112.99549999999999, 22.933], [112.99549999999999, 22.9375]]], [[[112.991, 23.0365], [112.991, 23.041], [112.991, 23.0455], [112.9955, 23.0455], [112.9955, 23.041], [112.9955, 23.0365], [113.0, 23.0365], [113.00450000000001, 23.0365], [113.00450000000001, 23.032], [113.0, 23.032], [112.99549999999999, 23.032], [112.99549999999999, 23.0365], [112.991, 23.0365]]], [[[113.0135, 23.05], [113.01350000000001, 23.05], [113.018, 23.05], [113.018, 23.0455], [113.018, 23.041], [113.02250000000001, 23.041], [113.02250000000001, 23.0365], [113.018, 23.0365], [113.0135, 23.0365], [113.0135, 23.041], [113.009, 23.041], [113.009, 23.0455], [113.009, 23.05], [113.0135, 23.05]]], [[[113.0, 23.0455], [113.0, 23.05], [113.00450000000001, 23.05], [113.00450000000001, 23.0455], [113.0, 23.0455]]], [[[113.036, 22.825], [113.036, 22.8205], [113.03150000000001, 22.8205], [113.0315, 22.8205], [113.027, 22.8205], [113.027, 22.825], [113.0315, 22.825], [113.03150000000001, 22.825], [113.036, 22.825]]], [[[113.0367762015504, 22.8835], [113.036584, 22.883696], [113.036462, 22.883698], [113.03604759851302, 22.8835], [113.036, 22.8835], [113.036, 22.888], [113.04050000000001, 22.888], [113.04050000000001, 22.883565502271253], [113.039832, 22.883559], [113.03967067985167, 22.8835], [113.0367762015504, 22.8835]]], [[[113.045, 22.9015], [113.045, 22.906], [113.04950000000001, 22.906], [113.04950000000001, 22.9015], [113.045, 22.9015]]], [[[113.036, 23.041], [113.0405, 23.041], [113.04050000000001, 23.041], [113.045, 23.041], [113.04950000000001, 23.041], [113.04950000000001, 23.0365], [113.045, 23.0365], [113.045, 23.03281178425656], [113.044385, 23.032654], [113.0405, 23.033407463808025], [113.0405, 23.0365], [113.036, 23.0365], [113.0315, 23.0365], [113.0315, 23.041], [113.036, 23.041]]], [[[113.0315, 23.0455], [113.0315, 23.05], [113.036, 23.05], [113.036, 23.0455], [113.0315, 23.0455]]], [[[113.045, 23.05], [113.04950000000001, 23.05], [113.04950000000001, 23.0455], [113.045, 23.0455], [113.0405, 23.0455], [113.0405, 23.05], [113.045, 23.05]]], [[[113.0225, 23.05], [113.027, 23.05], [113.027, 23.0455], [113.0225, 23.0455], [113.0225, 23.05]]], [[[113.12599999999999, 23.185], [113.1305, 23.185], [113.1305, 23.1805], [113.12599999999999, 23.1805], [113.12599999999999, 23.185]]]]}}, {"type": "Feature", "properties": {"name": "狮山镇", "source": "grid_vote"}, "geometry": {"type": "MultiPolygon", "coordinates": [[[[112.89200000000001, 23.059], [112.89200000000001, 23.0545], [112.8965, 23.0545], [112.8965, 23.05], [112.89200000000001, 23.05], [112.892, 23.05], [112.8875, 23.05], [112.8875, 23.0545], [112.8875, 23.059], [112.89200000000001, 23.059]]], [[[112.9325, 23.059], [112.9325, 23.0545], [112.9325, 23.05], [112.928, 23.05], [112.928, 23.0545], [112.92349999999999, 23.0545], [112.92349999999999, 23.059], [112.919, 23.059], [112.919, 23.0635], [112.9235, 23.0635], [112.9235, 23.059], [112.928, 23.059], [112.928, 23.0635], [112.93249999999999, 23.0635], [112.93249999999999, 23.068], [112.93249999999999, 23.0725], [112.937, 23.0725], [112.94149999999999, 23.0725], [112.9415, 23.0725], [112.946, 23.0725], [112.946, 23.068], [112.9505, 23.068], [112.9505, 23.0635], [112.946, 23.0635], [112.9415, 23.0635], [112.9415, 23.059], [112.9415, 23.0545], [112.9415, 23.05], [112.937, 23.05], [112.937, 23.0545], [112.937, 23.059], [112.937, 23.0635], [112.9325, 23.0635], [112.9325, 23.059]]], [[[112.901, 23.059], [112.901, 23.0635], [112.8965, 23.0635], [112.8965, 23.068], [112.901, 23.068], [112.90100000000001, 23.068], [112.9055, 23.068], [112.9055, 23.0635], [112.9055, 23.059], [112.91, 23.059], [112.91449999999999, 23.059], [112.9145, 23.059], [112.919, 23.059], [112.919, 23.0545], [112.9145, 23.0545], [112.91449999999999, 23.0545], [112.91, 23.0545], [112.90549999999999, 23.0545], [112.90549999999999, 23.059], [112.901, 23.059]]], [[[112.92349999999999, 23.076999999999998], [112.919, 23.076999999999998], [112.919, 23.0815], [112.9235, 23.0815], [112.9235, 23.077], [112.928, 23.077], [112.928, 23.0815], [112.93249999999999, 23.0815], [112.93249999999999, 23.086], [112.928, 23.086], [112.92349999999999, 23.086], [112.92349999999999, 23.0905], [112.919, 23.0905], [112.919, 23.095], [112.9235, 23.095], [112.9235, 23.0905], [112.928, 23.0905], [112.93249999999999, 23.0905], [112.9325, 23.0905], [112.937, 23.0905], [112.937, 23.095], [112.9415, 23.095], [112.9415, 23.0905], [112.946, 23.0905], [112.9505, 23.0905], [112.9505, 23.086], [112.946, 23.086], [112.9415, 23.086], [112.9415, 23.0815], [112.937, 23.0815], [112.9325, 23.0815], [112.9325, 23.076999999999998], [112.928, 23.076999999999998], [112.928, 23.0725], [112.928, 23.068], [112.9235, 23.068], [112.92349999999999, 23.068], [112.919, 23.068], [112.919, 23.0725], [112.92349999999999, 23.0725], [112.92349999999999, 23.076999999999998]]], [[[112.8875, 23.0815], [112.8875, 23.086], [112.89200000000001, 23.086], [112.89200000000001, 23.0815], [112.89200000000001, 23.077], [112.89200000000001, 23.076999999999998], [112.89200000000001, 23.0725], [112.8965, 23.0725], [112.8965, 23.068], [112.892, 23.068], [112.892, 23.0725], [112.8875, 23.0725], [112.8875, 23.076999999999998], [112.8875, 23.077], [112.8875, 23.0815]]], [[[112.8965, 23.077], [112.90100000000001, 23.077], [112.90100000000001, 23.0725], [112.8965, 23.0725], [112.8965, 23.077]]], [[[112.8785, 23.0815], [112.874, 23.0815], [112.874, 23.086], [112.874, 23.0905], [112.8785, 23.0905], [112.8785, 23.086], [112.8785, 23.0815]]], [[[112.874, 23.0995], [112.8785, 23.0995], [112.8785, 23.095], [112.874, 23.095], [112.874, 23.0995]]], [[[112.8965, 23.0995], [112.90100000000001, 23.0995], [112.90100000000001, 23.095], [112.8965, 23.095], [112.8965, 23.0995]]], [[[112.90549999999999, 23.0995], [112.91, 23.0995], [112.91, 23.095], [112.90549999999999, 23.095], [112.90549999999999, 23.0995]]], [[[112.92349999999999, 23.113], [112.92349999999999, 23.1175], [112.919, 23.1175], [112.91449999999999, 23.1175], [112.91449999999999, 23.122], [112.919, 23.122], [112.9235, 23.122], [112.9235, 23.1175], [112.928, 23.1175], [112.928, 23.113], [112.928, 23.1085], [112.9235, 23.1085], [112.9235, 23.104], [112.928, 23.104], [112.928, 23.0995], [112.92349999999999, 23.0995], [112.92349999999999, 23.104], [112.919, 23.104], [112.919, 23.1085], [112.92349999999999, 23.1085], [112.92349999999999, 23.113]]], [[[112.93249999999999, 23.104], [112.937, 23.104], [112.937, 23.0995], [112.93249999999999, 23.0995], [112.93249999999999, 23.104]]], [[[112.901, 23.1085], [112.90549999999999, 23.1085], [112.9055, 23.1085], [112.91, 23.1085], [112.9145, 23.1085], [112.9145, 23.104], [112.9145, 23.0995], [112.91, 23.0995], [112.91, 23.104], [112.9055, 23.104], [112.90549999999999, 23.104], [112.901, 23.104], [112.901, 23.1085]]], [[[112.883, 23.1085], [112.8875, 23.1085], [112.8875, 23.104], [112.883, 23.104], [112.883, 23.1085]]], [[[112.937, 23.113], [112.9415, 23.113], [112.9415, 23.1085], [112.937, 23.1085], [112.937, 23.113]]], [[[112.8785, 23.115330655339807], [112.878806, 23.115474], [112.879568, 23.115702], [112.880515, 23.115918], [112.881286, 23.116038], [112.882535, 23.116221], [112.88300000000001, 23.116166543082524], [112.88300000000001, 23.113], [112.8785, 23.113], [112.8785, 23.115330655339807]]], [[[112.93249999999999, 23.1175], [112.937, 23.1175], [112.937, 23.113], [112.93249999999999, 23.113], [112.93249999999999, 23.1175]]], [[[112.8965, 23.1355], [112.901, 23.1355], [112.90100000000001, 23.1355], [112.9055, 23.1355], [112.9055, 23.131], [112.9055, 23.1265], [112.91, 23.1265], [112.91, 23.122], [112.9055, 23.122], [112.90549999999999, 23.122], [112.90301473112177, 23.122], [112.901383, 23.124012], [112.901, 23.12452472913301], [112.901, 23.1265], [112.901, 23.131], [112.89702115740741, 23.131], [112.8965, 23.131930330578506], [112.8965, 23.1355]]], [[[112.937, 23.131], [112.9415, 23.131], [112.9415, 23.1265], [112.937, 23.1265], [112.937, 23.131]]], [[[112.9235, 23.1355], [112.919, 23.1355], [112.91449999999999, 23.1355], [112.91449999999999, 23.14], [112.919, 23.14], [112.9235, 23.14], [112.9235, 23.1355]]], [[[112.937, 23.1445], [112.93249999999999, 23.1445], [112.93249999999999, 23.149], [112.928, 23.149], [112.92349999999999, 23.149], [112.92349999999999, 23.152566280430705], [112.92449571892162, 23.1535], [112.928, 23.1535], [112.9325, 23.1535], [112.9325, 23.149], [112.937, 23.149], [112.937, 23.1445]]], [[[112.937, 23.176], [112.9415, 23.176], [112.9415, 23.171499999999998], [112.937, 23.171499999999998], [112.93249999999999, 23.171499999999998], [112.93249999999999, 23.176], [112.937, 23.176]]], [[[112.93249999999999, 23.181126271393627], [112.932862, 23.181629], [112.935671, 23.184989], [112.93567790442225, 23.185], [112.937, 23.185], [112.937, 23.1805], [112.93249999999999, 23.1805], [112.93249999999999, 23.181126271393627]]], [[[112.9595, 23.0635], [112.955, 23.0635], [112.955, 23.068], [112.955, 23.0725], [112.95949999999999, 23.0725], [112.9595, 23.0725], [112.964, 23.0725], [112.964, 23.076999999999998], [112.964, 23.077], [112.964, 23.0815], [112.96849999999999, 23.0815], [112.9685, 23.0815], [112.973, 23.0815], [112.973, 23.077], [112.973, 23.076999999999998], [112.973, 23.0725], [112.9685, 23.0725], [112.9685, 23.068], [112.973, 23.068], [112.973, 23.0635], [112.97749999999999, 23.0635], [112.97749999999999, 23.068], [112.982, 23.068], [112.982, 23.0635], [112.9865, 23.0635], [112.9865, 23.059], [112.982, 23.059], [112.9775, 23.059], [112.97749999999999, 23.059], [112.973, 23.059], [112.9685, 23.059], [112.9685, 23.0545], [112.9685, 23.05], [112.964, 23.05], [112.964, 23.0545], [112.964, 23.059], [112.96849999999999, 23.059], [112.96849999999999, 23.0635], [112.964, 23.0635], [112.964, 23.068], [112.9595, 23.068], [112.9595, 23.0635]]], [[[112.9595, 23.0815], [112.9595, 23.076999999999998], [112.955, 23.076999999999998], [112.95049999999999, 23.076999999999998], [112.95049999999999, 23.0815], [112.955, 23.0815], [112.9595, 23.0815]]], [[[112.964, 23.0995], [112.96849999999999, 23.0995], [112.96849999999999, 23.104], [112.973, 23.104], [112.973, 23.1085], [112.973, 23.113], [112.973, 23.1175], [112.9775, 23.1175], [112.9775, 23.113], [112.9775, 23.1085], [112.982, 23.1085], [112.982, 23.104], [112.982, 23.0995], [112.98649999999999, 23.0995], [112.98649999999999, 23.104], [112.991, 23.104], [112.991, 23.1085], [112.991, 23.113], [112.99549999999999, 23.113], [112.99549999999999, 23.1175], [112.991, 23.1175], [112.9865, 23.1175], [112.98649999999999, 23.1175], [112.982, 23.1175], [112.982, 23.122], [112.982, 23.1265], [112.982, 23.131], [112.9865, 23.131], [112.9865, 23.1265], [112.9865, 23.122], [112.991, 23.122], [112.991, 23.1265], [112.991, 23.131], [112.99549999999999, 23.131], [112.99549999999999, 23.1355], [112.991, 23.1355], [112.9865, 23.1355], [112.98649999999999, 23.1355], [112.982, 23.1355], [112.97749999999999, 23.1355], [112.97749999999999, 23.14], [112.97749999999999, 23.1445], [112.97749999999999, 23.149], [112.982, 23.149], [112.9865, 23.149], [112.9865, 23.1445], [112.991, 23.1445], [112.991, 23.14], [112.99549999999999, 23.14], [112.9955, 23.14], [113.0, 23.14], [113.0, 23.1355], [113.0045, 23.1355], [113.00450000000001, 23.1355], [113.009, 23.1355], [113.01350000000001, 23.1355], [113.01350000000001, 23.131], [113.018, 23.131], [113.018, 23.1265], [113.02250000000001, 23.1265], [113.02250000000001, 23.122], [113.027, 23.122], [113.027, 23.1175], [113.0225, 23.1175], [113.0225, 23.122], [113.018, 23.122], [113.01350000000001, 23.122], [113.01350000000001, 23.1175], [113.018, 23.1175], [113.018, 23.113], [113.01350000000001, 23.113], [113.01350000000001, 23.1085], [113.018, 23.1085], [113.018, 23.104], [113.0225, 23.104], [113.0225, 23.1085], [113.0225, 23.113], [113.027, 23.113], [113.03150000000001, 23.113], [113.03150000000001, 23.1085], [113.03150000000001, 23.104], [113.03150000000001, 23.0995], [113.036, 23.0995], [113.036, 23.104], [113.0405, 23.104], [113.04050000000001, 23.104], [113.045, 23.104], [113.04950000000001, 23.104], [113.04950000000001, 23.0995], [113.054, 23.0995], [113.054, 23.095], [113.054, 23.0905], [113.0495, 23.0905], [113.0495, 23.095], [113.0495, 23.0995], [113.045, 23.0995], [113.04050000000001, 23.0995], [113.04050000000001, 23.095], [113.036, 23.095], [113.036, 23.0905], [113.03150000000001, 23.0905], [113.03150000000001, 23.086], [113.03150000000001, 23.0815], [113.036, 23.0815], [113.036, 23.076999999999998], [113.03150000000001, 23.076999999999998], [113.0315, 23.076999999999998], [113.027, 23.076999999999998], [113.027, 23.0725], [113.03150000000001, 23.0725], [113.03150000000001, 23.068], [113.03150000000001, 23.0635], [113.036, 23.0635], [113.036, 23.068], [113.036, 23.0725], [113.0405, 23.0725], [113.0405, 23.077], [113.045, 23.077], [113.045, 23.0815], [113.0495, 23.0815], [113.04950000000001, 23.0815], [113.054, 23.0815], [113.05850000000001, 23.0815], [113.05850000000001, 23.077], [113.05850000000001, 23.076999999999998], [113.05850000000001, 23.0725], [113.063, 23.0725], [113.063, 23.068], [113.063, 23.0635], [113.05850000000001, 23.0635], [113.05850000000001, 23.059], [113.05850000000001, 23.0545], [113.05850000000001, 23.05169342585551], [113.057486, 23.051713], [113.055249, 23.051287], [113.053735, 23.050734], [113.053012, 23.050012], [113.05300773401534, 23.05], [113.04950000000001, 23.05], [113.0495, 23.05], [113.045, 23.05], [113.04050000000001, 23.05], [113.04050000000001, 23.0455], [113.045, 23.0455], [113.045, 23.041], [113.0405, 23.041], [113.0405, 23.0455], [113.036, 23.0455], [113.036, 23.05], [113.03150000000001, 23.05], [113.03150000000001, 23.0455], [113.027, 23.0455], [113.027, 23.05], [113.027, 23.0545], [113.027, 23.059], [113.02250000000001, 23.059], [113.02250000000001, 23.0545], [113.018, 23.0545], [113.018, 23.05], [113.01350000000001, 23.05], [113.0135, 23.05], [113.009, 23.05], [113.009, 23.0545], [113.0135, 23.0545], [113.0135, 23.059], [113.009, 23.059], [113.009, 23.0635], [113.009, 23.068], [113.009, 23.0725], [113.0045, 23.0725], [113.0045, 23.076999999999998], [113.0, 23.076999999999998], [113.0, 23.0815], [112.99549999999999, 23.0815], [112.99549999999999, 23.086], [113.0, 23.086], [113.0, 23.0905], [112.9955, 23.0905], [112.99549999999999, 23.0905], [112.991, 23.0905], [112.991, 23.086], [112.991, 23.0815], [112.9865, 23.0815], [112.9865, 23.076999999999998], [112.982, 23.076999999999998], [112.97749999999999, 23.076999999999998], [112.97749999999999, 23.0815], [112.97749999999999, 23.086], [112.97749999999999, 23.0905], [112.973, 23.0905], [112.973, 23.086], [112.9685, 23.086], [112.96849999999999, 23.086], [112.964, 23.086], [112.964, 23.0905], [112.964, 23.095], [112.95949999999999, 23.095], [112.95949999999999, 23.0995], [112.964, 23.0995]], [[113.02250000000001, 23.0725], [113.02250000000001, 23.068], [113.027, 23.068], [113.027, 23.0725], [113.02250000000001, 23.0725]], [[112.973, 23.095], [112.973, 23.0995], [112.9685, 23.0995], [112.9685, 23.095], [112.9685, 23.0905], [112.973, 23.0905], [112.973, 23.095]], [[112.9955, 23.113], [112.9955, 23.1085], [112.9955, 23.104], [112.9955, 23.0995], [112.9955, 23.095], [113.0, 23.095], [113.0045, 23.095], [113.0045, 23.0995], [113.0, 23.0995], [113.0, 23.104], [113.0, 23.1085], [113.0045, 23.1085], [113.0045, 23.113], [113.0045, 23.1175], [113.0, 23.1175], [113.0, 23.113], [112.9955, 23.113]], [[113.009, 23.1085], [113.00450000000001, 23.1085], [113.00450000000001, 23.104], [113.00450000000001, 23.0995], [113.009, 23.0995], [113.009, 23.095], [113.00450000000001, 23.095], [113.00450000000001, 23.0905], [113.009, 23.0905], [113.0135, 23.0905], [113.0135, 23.095], [113.0135, 23.0995], [113.0135, 23.104], [113.009, 23.104], [113.009, 23.1085]], [[113.00450000000001, 23.0815], [113.00450000000001, 23.077], [113.009, 23.077], [113.0135, 23.077], [113.0135, 23.0815], [113.009, 23.0815], [113.00450000000001, 23.0815]], [[112.98649999999999, 23.095], [112.982, 23.095], [112.982, 23.0905], [112.98649999999999, 23.0905], [112.98649999999999, 23.095]], [[113.0315, 23.095], [113.0315, 23.0995], [113.027, 23.0995], [113.027, 23.095], [113.0315, 23.095]], [[113.027, 23.104], [113.02250000000001, 23.104], [113.02250000000001, 23.0995], [113.027, 23.0995], [113.027, 23.104]], [[113.02250000000001, 23.095], [113.02250000000001, 23.0905], [113.02250000000001, 23.086], [113.027, 23.086], [113.027, 23.0905], [113.027, 23.095], [113.02250000000001, 23.095]], [[113.018, 23.0815], [113.018, 23.077], [113.0225, 23.077], [113.02250000000001, 23.077], [113.027, 23.077], [113.027, 23.0815], [113.0225, 23.0815], [113.0225, 23.086], [113.018, 23.086], [113.018, 23.0815]]], [[[112.946, 23.1085], [112.9505, 23.1085], [112.9505, 23.104], [112.946, 23.104], [112.946, 23.1085]]], [[[112.955, 23.14], [112.955, 23.1445], [112.95949999999999, 23.1445], [112.9595, 23.1445], [112.964, 23.1445], [112.964, 23.14], [112.9685, 23.14], [112.9685, 23.1355], [112.9685, 23.131], [112.964, 23.131], [112.964, 23.1265], [112.9685, 23.1265], [112.9685, 23.122], [112.964, 23.122], [112.9595, 23.122], [112.9595, 23.1175], [112.955, 23.1175], [112.95049999999999, 23.1175], [112.95049999999999, 23.122], [112.955, 23.122], [112.955, 23.1265], [112.955, 23.131], [112.955, 23.1355], [112.955, 23.14]], [[112.964, 23.1355], [112.9595, 23.1355], [112.9595, 23.131], [112.964, 23.131], [112.964, 23.1355]]], [[[112.946, 23.131], [112.9505, 23.131], [112.9505, 23.1265], [112.946, 23.1265], [112.946, 23.131]]], [[[112.94149999999999, 23.1445], [112.946, 23.1445], [112.946, 23.14], [112.94149999999999, 23.14], [112.94149999999999, 23.1445]]], [[[112.964, 23.1535], [112.9685, 23.1535], [112.9685, 23.149], [112.964, 23.149], [112.964, 23.1535]]], [[[112.964, 23.1715], [112.964, 23.176], [112.96849999999999, 23.176], [112.96849999999999, 23.1805], [112.973, 23.1805], [112.97749999999999, 23.1805], [112.9775, 23.1805], [112.982, 23.1805], [112.9865, 23.1805], [112.9865, 23.176], [112.9865, 23.1715], [112.9865, 23.171499999999998], [112.9865, 23.167], [112.982, 23.167], [112.982, 23.1625], [112.982, 23.158], [112.9775, 23.158], [112.97749999999999, 23.158], [112.973, 23.158], [112.973, 23.1625], [112.973, 23.167], [112.973, 23.171499999999998], [112.9685, 23.171499999999998], [112.96849999999999, 23.171499999999998], [112.964, 23.171499999999998], [112.964, 23.167], [112.964, 23.1625], [112.95949999999999, 23.1625], [112.95949999999999, 23.167], [112.95949999999999, 23.1715], [112.964, 23.1715]], [[112.982, 23.171499999999998], [112.9775, 23.171499999999998], [112.9775, 23.167], [112.982, 23.167], [112.982, 23.171499999999998]]], [[[112.946, 23.167], [112.9505, 23.167], [112.9505, 23.1625], [112.946, 23.1625], [112.946, 23.167]]], [[[112.946, 23.185], [112.946, 23.1895], [112.95049999999999, 23.1895], [112.9505, 23.1895], [112.955, 23.1895], [112.955, 23.185], [112.955, 23.1805], [112.95949999999999, 23.1805], [112.95949999999999, 23.185], [112.964, 23.185], [112.964, 23.1805], [112.9595, 23.1805], [112.9595, 23.176], [112.955, 23.176], [112.9505, 23.176], [112.95049999999999, 23.176], [112.946, 23.176], [112.946, 23.1805], [112.95049999999999, 23.1805], [112.95049999999999, 23.185], [112.946, 23.185]]], [[[112.95049999999999, 23.1985], [112.955, 23.1985], [112.955, 23.194], [112.95049999999999, 23.194], [112.95049999999999, 23.1985]]], [[[112.955, 23.2075], [112.9595, 23.2075], [112.9595, 23.203], [112.955, 23.203], [112.955, 23.2075]]], [[[112.9595, 23.221], [112.964, 23.221], [112.964, 23.2165], [112.964, 23.212], [112.95949999999999, 23.212], [112.95949999999999, 23.2165], [112.955, 23.2165], [112.955, 23.221], [112.95949999999999, 23.221], [112.9595, 23.221]]], [[[112.96849999999999, 23.2165], [112.973, 23.2165], [112.973, 23.212], [112.96849999999999, 23.212], [112.96849999999999, 23.2165]]], [[[112.964, 23.2255], [112.9685, 23.2255], [112.9685, 23.221], [112.964, 23.221], [112.964, 23.2255]]], [[[112.991, 23.0545], [112.9955, 23.0545], [112.9955, 23.05], [112.991, 23.05], [112.991, 23.0545]]], [[[112.97749999999999, 23.0545], [112.982, 23.0545], [112.982, 23.05], [112.97749999999999, 23.05], [112.97749999999999, 23.0545]]], [[[112.98649999999999, 23.068], [112.98649999999999, 23.0725], [112.991, 23.0725], [112.9955, 23.0725], [112.9955, 23.068], [112.991, 23.068], [112.98649999999999, 23.068]]], [[[112.991, 23.171499999999998], [112.991, 23.176], [112.99549999999999, 23.176], [112.9955, 23.176], [113.0, 23.176], [113.0, 23.171499999999998], [112.9955, 23.171499999999998], [112.99549999999999, 23.171499999999998], [112.991, 23.171499999999998]]], [[[112.982, 23.203], [112.97749999999999, 23.203], [112.97749999999999, 23.2075], [112.982, 23.2075], [112.98649999999999, 23.2075], [112.9865, 23.2075], [112.991, 23.2075], [112.991, 23.212], [112.9955, 23.212], [112.9955, 23.2075], [112.9955, 23.203], [112.9955, 23.1985], [112.991, 23.1985], [112.991, 23.194], [112.9955, 23.194], [112.9955, 23.1895], [112.991, 23.1895], [112.98649999999999, 23.1895], [112.98649999999999, 23.194], [112.98649999999999, 23.1985], [112.98649999999999, 23.203], [112.982, 23.203]]], [[[112.991, 23.212], [112.9865, 23.212], [112.98649999999999, 23.212], [112.982, 23.212], [112.982, 23.216098278719397], [112.982775, 23.215856], [112.984909, 23.215331], [112.988437, 23.214644], [112.990518, 23.214296], [112.991, 23.21426493838327], [112.991, 23.212]]], [[[112.99549999999999, 23.041], [113.0, 23.041], [113.0, 23.0365], [112.99549999999999, 23.0365], [112.99549999999999, 23.041]]], [[[113.009, 23.059], [113.009, 23.0545], [113.00450000000001, 23.0545], [113.0045, 23.0545], [113.0, 23.0545], [113.0, 23.059], [113.0, 23.0635], [113.00450000000001, 23.0635], [113.00450000000001, 23.059], [113.009, 23.059]]], [[[112.991, 23.0635], [112.9955, 23.0635], [112.9955, 23.059], [112.991, 23.059], [112.991, 23.0635]]], [[[113.0045, 23.1445], [113.009, 23.1445], [113.009, 23.14], [113.0045, 23.14], [113.0045, 23.1445]]], [[[112.99549999999999, 23.149], [112.99549999999999, 23.1535], [113.0, 23.1535], [113.0045, 23.1535], [113.0045, 23.158], [113.009, 23.158], [113.009, 23.1625], [113.01350000000001, 23.1625], [113.01350000000001, 23.158], [113.018, 23.158], [113.018, 23.1535], [113.02250000000001, 23.1535], [113.02250000000001, 23.149], [113.027, 23.149], [113.0315, 23.149], [113.03150000000001, 23.149], [113.036, 23.149], [113.036, 23.1445], [113.03150000000001, 23.1445], [113.0315, 23.1445], [113.027, 23.1445], [113.02250000000001, 23.1445], [113.0225, 23.1445], [113.018, 23.1445], [113.018, 23.14], [113.0135, 23.14], [113.0135, 23.1445], [113.009, 23.1445], [113.009, 23.149], [113.00450000000001, 23.149], [113.0045, 23.149], [113.0, 23.149], [112.99549999999999, 23.149]], [[113.009, 23.1535], [113.0135, 23.1535], [113.0135, 23.158], [113.009, 23.158], [113.009, 23.1535]], [[113.018, 23.149], [113.01350000000001, 23.149], [113.01350000000001, 23.1445], [113.018, 23.1445], [113.018, 23.149]]], [[[113.0045, 23.167], [113.009, 23.167], [113.009, 23.1625], [113.0045, 23.1625], [113.0045, 23.167]]], [[[112.991, 23.167], [112.9955, 23.167], [112.9955, 23.1625], [112.991, 23.1625], [112.991, 23.167]]], [[[113.009, 23.176], [113.01350000000001, 23.176], [113.01350000000001, 23.171499999999998], [113.009, 23.171499999999998], [113.009, 23.176]]], [[[113.009, 23.185], [113.009, 23.1805], [113.009, 23.176], [113.0045, 23.176], [113.0045, 23.1805], [113.0, 23.1805], [112.99549999999999, 23.1805], [112.99549999999999, 23.185], [113.0, 23.185], [113.0, 23.1895], [113.00450000000001, 23.1895], [113.00450000000001, 23.185], [113.009, 23.185]]], [[[113.01350000000001, 23.2075], [113.018, 23.2075], [113.018, 23.203], [113.01350000000001, 23.203], [113.0135, 23.203], [113.009, 23.203], [113.009, 23.2075], [113.0045, 23.2075], [113.0045, 23.212], [113.009, 23.212], [113.01350000000001, 23.212], [113.01350000000001, 23.2075]]], [[[113.027, 23.0365], [113.03150000000001, 23.0365], [113.03150000000001, 23.032], [113.027, 23.032], [113.027, 23.0365]]], [[[113.0225, 23.14], [113.027, 23.14], [113.027, 23.1355], [113.0225, 23.1355], [113.0225, 23.14]]], [[[113.018, 23.1625], [113.0225, 23.1625], [113.02250000000001, 23.1625], [113.027, 23.1625], [113.0315, 23.1625], [113.03150000000001, 23.1625], [113.036, 23.1625], [113.036, 23.158], [113.03150000000001, 23.158], [113.03150000000001, 23.1535], [113.027, 23.1535], [113.027, 23.158], [113.02250000000001, 23.158], [113.0225, 23.158], [113.018, 23.158], [113.018, 23.1625]]], [[[113.0225, 23.1805], [113.027, 23.1805], [113.027, 23.176], [113.027, 23.171499999999998], [113.02250000000001, 23.171499999999998], [113.02250000000001, 23.167], [113.018, 23.167], [113.018, 23.171499999999998], [113.018, 23.1715], [113.018, 23.176], [113.0225, 23.176], [113.0225, 23.1805]]], [[[113.0225, 23.1985], [113.027, 23.1985], [113.027, 23.203], [113.03150000000001, 23.203], [113.03150000000001, 23.1985], [113.03150000000001, 23.194], [113.03150000000001, 23.1895], [113.027, 23.1895], [113.0225, 23.1895], [113.0225, 23.194], [113.0225, 23.1985]]], [[[113.036, 23.1265], [113.04050000000001, 23.1265], [113.04050000000001, 23.122], [113.036, 23.122], [113.036, 23.1265]]], [[[113.045, 23.131], [113.0495, 23.131], [113.0495, 23.1355], [113.045, 23.1355], [113.045, 23.14], [113.0495, 23.14], [113.0495, 23.1445], [113.045, 23.1445], [113.045, 23.149], [113.04950000000001, 23.149], [113.04950000000001, 23.1445], [113.054, 23.1445], [113.054, 23.14], [113.05850000000001, 23.14], [113.05850000000001, 23.1355], [113.063, 23.1355], [113.063, 23.131], [113.0585, 23.131], [113.0585, 23.1355], [113.054, 23.1355], [113.054, 23.131], [113.04950000000001, 23.131], [113.04950000000001, 23.1265], [113.045, 23.1265], [113.045, 23.131]]], [[[113.0495, 23.158], [113.054, 23.158], [113.054, 23.1535], [113.0495, 23.1535], [113.0495, 23.158]]], [[[113.0405, 23.158], [113.045, 23.158], [113.045, 23.1535], [113.0405, 23.1535], [113.0405, 23.158]]], [[[113.036, 23.167], [113.04050000000001, 23.167], [113.04050000000001, 23.1625], [113.036, 23.1625], [113.036, 23.167]]], [[[113.054, 23.185], [113.05850000000001, 23.185], [113.05850000000001, 23.1805], [113.054, 23.1805], [113.054, 23.185]]], [[[113.0405, 23.1985], [113.045, 23.1985], [113.045, 23.194], [113.0405, 23.194], [113.0405, 23.1985]]], [[[113.045, 23.2075], [113.04950000000001, 23.2075], [113.04950000000001, 23.203], [113.045, 23.203], [113.045, 23.2075]]], [[[113.04050000000001, 23.221], [113.045, 23.221], [113.0495, 23.221], [113.0495, 23.22342100851426], [113.050159, 23.223499], [113.051046, 23.223835], [113.051718, 23.224891], [113.05223669852424, 23.2255], [113.054, 23.2255], [113.05850000000001, 23.2255], [113.05850000000001, 23.221], [113.054, 23.221], [113.054, 23.2165], [113.04950000000001, 23.2165], [113.0495, 23.2165], [113.045, 23.2165], [113.045, 23.212], [113.0405, 23.212], [113.0405, 23.2165], [113.036, 23.2165], [113.03310546818358, 23.2165], [113.033106, 23.219258], [113.032988, 23.219952], [113.032983, 23.219977], [113.032979, 23.220006], [113.03281147191011, 23.221], [113.036, 23.221], [113.0405, 23.221], [113.04050000000001, 23.221]]], [[[113.0495, 23.248], [113.054, 23.248], [113.054, 23.2435], [113.0495, 23.2435], [113.0495, 23.248]]], [[[113.0675, 23.059], [113.072, 23.059], [113.072, 23.0635], [113.0765, 23.0635], [113.0765, 23.068], [113.072, 23.068], [113.072, 23.0725], [113.07650000000001, 23.0725], [113.07650000000001, 23.068], [113.081, 23.068], [113.081, 23.0635], [113.07650000000001, 23.0635], [113.07650000000001, 23.059], [113.07650000000001, 23.0545], [113.072, 23.0545], [113.0675, 23.0545], [113.0675, 23.059]]], [[[113.09, 23.068], [113.09450000000001, 23.068], [113.09450000000001, 23.0635], [113.09450000000001, 23.059], [113.09, 23.059], [113.09, 23.0635], [113.09, 23.068]]], [[[113.0855, 23.077], [113.09, 23.077], [113.09, 23.0725], [113.0855, 23.0725], [113.0855, 23.077]]], [[[113.072, 23.0815], [113.07650000000001, 23.0815], [113.07650000000001, 23.076999999999998], [113.072, 23.076999999999998], [113.072, 23.0815]]], [[[113.063, 23.104], [113.063, 23.0995], [113.05850000000001, 23.0995], [113.0585, 23.0995], [113.054, 23.0995], [113.054, 23.104], [113.0585, 23.104], [113.05850000000001, 23.104], [113.063, 23.104]]], [[[113.0675, 23.1085], [113.072, 23.1085], [113.072, 23.104], [113.0675, 23.104], [113.0675, 23.1085]]], [[[113.072, 23.122], [113.07650000000001, 23.122], [113.07650000000001, 23.1175], [113.072, 23.1175], [113.072, 23.122]]], [[[113.0855, 23.1265], [113.09, 23.1265], [113.09, 23.122], [113.0855, 23.122], [113.0855, 23.1265]]], [[[113.09899999999999, 23.131], [113.09899999999999, 23.1355], [113.0945, 23.1355], [113.0945, 23.14], [113.099, 23.14], [113.099, 23.1355], [113.1035, 23.1355], [113.1035, 23.131], [113.09899999999999, 23.131]]], [[[113.0765, 23.1355], [113.081, 23.1355], [113.081, 23.131], [113.0765, 23.131], [113.0765, 23.1355]]], [[[113.1125, 23.158], [113.117, 23.158], [113.117, 23.1535], [113.1125, 23.1535], [113.108, 23.1535], [113.108, 23.149], [113.108, 23.1445], [113.1125, 23.1445], [113.1125, 23.14], [113.10799999999999, 23.14], [113.10799999999999, 23.1445], [113.1035, 23.1445], [113.1035, 23.149], [113.09899999999999, 23.149], [113.09899999999999, 23.1535], [113.1035, 23.1535], [113.10799999999999, 23.1535], [113.10799999999999, 23.158], [113.1125, 23.158]]], [[[113.0585, 23.149], [113.063, 23.149], [113.063, 23.1445], [113.0585, 23.1445], [113.0585, 23.149]]], [[[113.09, 23.149], [113.0855, 23.149], [113.0855, 23.1535], [113.09, 23.1535], [113.09450000000001, 23.1535], [113.09450000000001, 23.149], [113.09, 23.149]]], [[[113.081, 23.149], [113.0765, 23.149], [113.0765, 23.1535], [113.072, 23.1535], [113.072, 23.158], [113.07650000000001, 23.158], [113.07650000000001, 23.1535], [113.081, 23.1535], [113.081, 23.149]]], [[[113.072, 23.1625], [113.072, 23.167], [113.07650000000001, 23.167], [113.07650000000001, 23.1625], [113.072, 23.1625]]], [[[113.081, 23.1715], [113.08550000000001, 23.1715], [113.08550000000001, 23.167], [113.081, 23.167], [113.081, 23.1715]]], [[[113.1035, 23.171499999999998], [113.099, 23.171499999999998], [113.099, 23.167], [113.0945, 23.167], [113.0945, 23.1715], [113.09899999999999, 23.1715], [113.09899999999999, 23.176], [113.1035, 23.176], [113.1035, 23.171499999999998]]], [[[113.054, 23.1715], [113.05850000000001, 23.1715], [113.05850000000001, 23.167], [113.054, 23.167], [113.054, 23.1715]]], [[[113.117, 23.1715], [113.117, 23.167], [113.1125, 23.167], [113.10799999999999, 23.167], [113.10799999999999, 23.1715], [113.1125, 23.1715], [113.117, 23.1715]]], [[[113.063, 23.176], [113.06750000000001, 23.176], [113.06750000000001, 23.171499999999998], [113.063, 23.171499999999998], [113.063, 23.176]]], [[[113.081, 23.1805], [113.08550000000001, 23.1805], [113.08550000000001, 23.176], [113.081, 23.176], [113.081, 23.1805]]], [[[113.072, 23.1895], [113.0765, 23.1895], [113.0765, 23.194], [113.081, 23.194], [113.081, 23.1895], [113.07650000000001, 23.1895], [113.07650000000001, 23.185], [113.072, 23.185], [113.072, 23.1895]]], [[[113.1035, 23.194], [113.10799999999999, 23.194], [113.108, 23.194], [113.1125, 23.194], [113.1125, 23.1895], [113.1125, 23.185], [113.108, 23.185], [113.10799999999999, 23.185], [113.1035, 23.185], [113.1035, 23.1895], [113.1035, 23.194]]], [[[113.099, 23.194], [113.099, 23.1895], [113.09450000000001, 23.1895], [113.0945, 23.1895], [113.09, 23.1895], [113.09, 23.194], [113.0945, 23.194], [113.09450000000001, 23.194], [113.099, 23.194]]], [[[113.09, 23.203], [113.09450000000001, 23.203], [113.09450000000001, 23.1985], [113.09, 23.1985], [113.09, 23.203]]], [[[113.054, 23.203], [113.05850000000001, 23.203], [113.05850000000001, 23.1985], [113.054, 23.1985], [113.054, 23.203]]], [[[113.0765, 23.203], [113.0765, 23.2075], [113.081, 23.2075], [113.08550000000001, 23.2075], [113.08550000000001, 23.203], [113.081, 23.203], [113.0765, 23.203]]], [[[113.072, 23.2255], [113.072, 23.221], [113.06750000000001, 23.221], [113.0675, 23.221], [113.063, 23.221], [113.063, 23.2255], [113.0675, 23.2255], [113.0675, 23.23], [113.072, 23.23], [113.072, 23.2255]]], [[[113.08550000000001, 23.23], [113.09, 23.23], [113.09, 23.2255], [113.08550000000001, 23.2255], [113.0855, 23.2255], [113.081, 23.2255], [113.081, 23.221], [113.0765, 23.221], [113.0765, 23.2255], [113.0765, 23.23], [113.081, 23.23], [113.081, 23.2345], [113.08550000000001, 23.2345], [113.08550000000001, 23.23]]], [[[113.0585, 23.239], [113.063, 23.239], [113.063, 23.2345], [113.0585, 23.2345], [113.0585, 23.239]]]]}}, {"type": "Feature", "properties": {"name": "九江镇", "source": "grid_vote"}, "geometry": {"type": "MultiPolygon", "coordinates": [[[[112.97749999999999, 22.8115], [112.97749999999999, 22.816], [112.982, 22.816], [112.9865, 22.816], [112.9865, 22.8115], [112.982, 22.8115], [112.97749999999999, 22.8115]]], [[[112.991, 22.834], [112.991, 22.8295], [112.98649999999999, 22.8295], [112.98649999999999, 22.834], [112.991, 22.834]]], [[[112.982, 22.8385], [112.982, 22.834], [112.97749999999999, 22.834], [112.97749999999999, 22.8385], [112.982, 22.8385]]], [[[113.0045, 22.843], [113.0, 22.843], [112.9955, 22.843], [112.9955, 22.8385], [112.991, 22.8385], [112.9865, 22.8385], [112.98649999999999, 22.8385], [112.982, 22.8385], [112.982, 22.843], [112.982, 22.8475], [112.9865, 22.8475], [112.9865, 22.843], [112.991, 22.843], [112.99549999999999, 22.843], [112.99549999999999, 22.8475], [113.0, 22.8475], [113.0045, 22.8475], [113.0045, 22.852], [113.0, 22.852], [113.0, 22.8565], [113.0, 22.861], [113.0045, 22.861], [113.0045, 22.8655], [113.0, 22.8655], [113.0, 22.87], [113.00450000000001, 22.87], [113.00450000000001, 22.8655], [113.009, 22.8655], [113.009, 22.861], [113.009, 22.8565], [113.00450000000001, 22.8565], [113.00450000000001, 22.852], [113.009, 22.852], [113.009, 22.8475], [113.01350000000001, 22.8475], [113.01350000000001, 22.843], [113.01350000000001, 22.8385], [113.018, 22.8385], [113.0225, 22.8385], [113.0225, 22.843], [113.02615170093458, 22.843], [113.0262, 22.842966], [113.026543, 22.842901], [113.026571, 22.842896], [113.026584, 22.842893], [113.026629, 22.842911], [113.026731, 22.842951], [113.02674, 22.842955], [113.026754, 22.84296], [113.026812, 22.842979], [113.02687776585367, 22.843], [113.027, 22.843], [113.027, 22.842232615384617], [113.026734, 22.842028], [113.026667, 22.841965], [113.026618, 22.841919], [113.026597, 22.841891], [113.02654, 22.841818], [113.026436, 22.841651], [113.026489, 22.841579], [113.026542, 22.841543], [113.026677, 22.841543], [113.026697, 22.841543], [113.026736, 22.841534], [113.027, 22.84146891412742], [113.027, 22.8385], [113.02250000000001, 22.8385], [113.02250000000001, 22.834], [113.02250000000001, 22.8295], [113.018, 22.8295], [113.0135, 22.8295], [113.0135, 22.834], [113.009, 22.834], [113.009, 22.8385], [113.00450000000001, 22.8385], [113.00450000000001, 22.834], [113.00450000000001, 22.8295], [113.00450000000001, 22.825], [113.009, 22.825], [113.009, 22.8205], [113.0045, 22.8205], [113.0045, 22.825], [113.0, 22.825], [113.0, 22.8295], [113.0, 22.834], [113.0, 22.8385], [113.0045, 22.8385], [113.0045, 22.843]]], [[[112.9415, 22.852], [112.9415, 22.8475], [112.937, 22.8475], [112.937, 22.852], [112.9415, 22.852]]], [[[112.95049999999999, 22.852], [112.95049999999999, 22.8565], [112.95049999999999, 22.861], [112.955, 22.861], [112.955, 22.8565], [112.955, 22.852], [112.95049999999999, 22.852]]], [[[112.982, 22.861], [112.982, 22.8565], [112.97749999999999, 22.8565], [112.97749999999999, 22.861], [112.982, 22.861]]], [[[112.9595, 22.8655], [112.9595, 22.861], [112.955, 22.861], [112.955, 22.8655], [112.9595, 22.8655]]], [[[112.96849999999999, 22.87], [112.9685, 22.87], [112.973, 22.87], [112.973, 22.8655], [112.973, 22.861], [112.96849999999999, 22.861], [112.96849999999999, 22.8655], [112.964, 22.8655], [112.964, 22.87], [112.96849999999999, 22.87]]], [[[113.0, 22.861], [112.99549999999999, 22.861], [112.99549999999999, 22.8655], [113.0, 22.8655], [113.0, 22.861]]], [[[112.982, 22.87], [112.982, 22.8655], [112.97749999999999, 22.8655], [112.97749999999999, 22.87], [112.982, 22.87]]], [[[112.919, 22.8745], [112.919, 22.87], [112.91660526777409, 22.87], [112.916296, 22.871594], [112.91564736346692, 22.8745], [112.919, 22.8745]]], [[[112.955, 22.8745], [112.955, 22.87], [112.95049999999999, 22.87], [112.95049999999999, 22.8745], [112.955, 22.8745]]], [[[112.964, 22.8745], [112.964, 22.87], [112.95949999999999, 22.87], [112.95949999999999, 22.8745], [112.964, 22.8745]]], [[[112.928, 22.879], [112.928, 22.8745], [112.92349999999999, 22.8745], [112.92349999999999, 22.879], [112.928, 22.879]]], [[[113.0045, 22.915], [113.0045, 22.9195], [113.009, 22.9195], [113.009, 22.915], [113.0135, 22.915], [113.01350000000001, 22.915], [113.018, 22.915], [113.018, 22.9105], [113.01350000000001, 22.9105], [113.0135, 22.9105], [113.009, 22.9105], [113.009, 22.906], [113.0045, 22.906], [113.0045, 22.9105], [113.0, 22.9105], [113.0, 22.915], [113.0045, 22.915]]], [[[113.00450000000001, 22.8115], [113.0, 22.8115], [113.0, 22.816], [113.00450000000001, 22.816], [113.00450000000001, 22.8115]]], [[[113.009, 22.8205], [113.0135, 22.8205], [113.0135, 22.825], [113.018, 22.825], [113.018, 22.8205], [113.02250000000001, 22.8205], [113.02250000000001, 22.816], [113.027, 22.816], [113.027, 22.8205], [113.0315, 22.8205], [113.03150000000001, 22.8205], [113.036, 22.8205], [113.036, 22.816], [113.03150000000001, 22.816], [113.03150000000001, 22.8115], [113.027, 22.8115], [113.02250000000001, 22.8115], [113.02250000000001, 22.807], [113.018, 22.807], [113.018, 22.8115], [113.0135, 22.8115], [113.0135, 22.816], [113.009, 22.816], [113.009, 22.8205]]], [[[113.01741022410424, 22.8565], [113.017448, 22.855766], [113.017308, 22.855614], [113.016699, 22.855302], [113.016829, 22.854469], [113.017064, 22.853803], [113.017273, 22.853589], [113.017953, 22.853547], [113.018, 22.853529353159853], [113.018, 22.852], [113.0135, 22.852], [113.0135, 22.8565], [113.01741022410424, 22.8565]]], [[[113.04050000000001, 22.8115], [113.036, 22.8115], [113.036, 22.816], [113.04050000000001, 22.816], [113.04050000000001, 22.8115]]], [[[113.0495, 22.816], [113.0495, 22.8205], [113.0495, 22.825], [113.05192308153603, 22.825], [113.053388, 22.823754], [113.054, 22.82337703692762], [113.054, 22.8205], [113.054, 22.816], [113.0495, 22.816]]], [[[113.027, 22.8295], [113.0315, 22.8295], [113.03150000000001, 22.8295], [113.036, 22.8295], [113.036, 22.825], [113.03150000000001, 22.825], [113.0315, 22.825], [113.027, 22.825], [113.027, 22.8295]]], [[[113.045, 22.825], [113.0405, 22.825], [113.0405, 22.8295], [113.0405, 22.834], [113.045, 22.834], [113.045, 22.8295], [113.045, 22.825]]], [[[113.02250000000001, 22.852], [113.02250000000001, 22.8475], [113.018, 22.8475], [113.018, 22.852], [113.02250000000001, 22.852]]], [[[113.045, 22.888], [113.0405, 22.888], [113.0405, 22.892500000000002], [113.045, 22.892500000000002], [113.045, 22.888]]], [[[113.04050000000001, 22.906], [113.04050000000001, 22.9015], [113.04050000000001, 22.897], [113.036, 22.897], [113.036, 22.9015], [113.036, 22.906], [113.04050000000001, 22.906]]], [[[113.036, 22.9195], [113.036, 22.915], [113.03150000000001, 22.915], [113.03150000000001, 22.9105], [113.027, 22.9105], [113.027, 22.915], [113.0315, 22.915], [113.0315, 22.9195], [113.0315, 22.92200251401529], [113.036, 22.922095888605753], [113.036, 22.9195]]]]}}, {"type": "Feature", "properties": {"name": "桂城街道", "source": "grid_vote"}, "geometry": {"type": "MultiPolygon", "coordinates": [[[[113.0495, 22.8115], [113.0495, 22.816], [113.054, 22.816], [113.054, 22.8115], [113.0495, 22.8115]]], [[[113.15299999999999, 23.014], [113.15299999999999, 23.015110715210334], [113.153087, 23.015375], [113.153062, 23.017247], [113.153868, 23.018476], [113.15389479322035, 23.0185], [113.1575, 23.0185], [113.1575, 23.023], [113.15630228541227, 23.023], [113.155679, 23.023782], [113.154943, 23.023768], [113.15410224210527, 23.023], [113.153, 23.023], [113.153, 23.022060750753344], [113.151372, 23.020732], [113.150089, 23.019827], [113.149162, 23.019654], [113.1485, 23.019741347222222], [113.1485, 23.023], [113.144, 23.023], [113.14399999999999, 23.023], [113.14388281596452, 23.023], [113.143294, 23.023337], [113.142149, 23.023664], [113.141291, 23.023774], [113.140892, 23.02392], [113.140467, 23.024238], [113.140182, 23.024642], [113.139904, 23.025154], [113.13967, 23.025836], [113.1395, 23.026468886836017], [113.1395, 23.0275], [113.1395, 23.032], [113.1374366846255, 23.032], [113.137347, 23.032125], [113.136974, 23.032486], [113.136506, 23.032782], [113.135301, 23.033365], [113.13499999999999, 23.033616968325802], [113.13499999999999, 23.0365], [113.13499999999999, 23.03814714782608], [113.135336, 23.038302], [113.135735, 23.038391], [113.135839, 23.038392], [113.136037, 23.038478], [113.136122, 23.038611], [113.136171, 23.038916], [113.136192, 23.039343], [113.136165, 23.039572], [113.136059, 23.039983], [113.13593, 23.040325], [113.136822, 23.040613], [113.136958, 23.040662], [113.137481, 23.040751], [113.137862, 23.040752], [113.138658, 23.040832], [113.13869418461539, 23.041], [113.1395, 23.041], [113.1395, 23.0455], [113.135, 23.0455], [113.135, 23.041498039270685], [113.13237, 23.042079], [113.132064, 23.042736], [113.131918, 23.042967], [113.13175, 23.043436], [113.133378, 23.044848], [113.133659, 23.045059], [113.133376, 23.045284], [113.132431, 23.046262], [113.131226, 23.0466], [113.129396, 23.046079], [113.128416, 23.045798], [113.127628, 23.045741], [113.127599, 23.045746], [113.127511, 23.045744], [113.127305, 23.045747], [113.127299, 23.045717], [113.127013, 23.045697], [113.126074, 23.045631], [113.12599999999999, 23.04571365086889], [113.12599999999999, 23.05], [113.12528313836478, 23.05], [113.125286, 23.050026], [113.125248, 23.050382], [113.124389, 23.050674], [113.124052, 23.051462], [113.123471, 23.051373], [113.123483, 23.051775], [113.12342, 23.052156], [113.122056, 23.052378], [113.121918, 23.051841], [113.121816, 23.051841], [113.121646, 23.051462], [113.121501, 23.051189], [113.1215, 23.051189139296188], [113.1215, 23.0545], [113.1215, 23.059], [113.1215, 23.0635], [113.1215, 23.068], [113.11699999999999, 23.068], [113.11699999999999, 23.0725], [113.1215, 23.0725], [113.12599999999999, 23.0725], [113.126, 23.0725], [113.1305, 23.0725], [113.13499999999999, 23.0725], [113.13499999999999, 23.077], [113.1395, 23.077], [113.14399999999999, 23.077], [113.14399999999999, 23.0815], [113.1485, 23.0815], [113.15299999999999, 23.0815], [113.153, 23.0815], [113.1575, 23.0815], [113.1575, 23.077], [113.16199999999999, 23.077], [113.16199999999999, 23.0815], [113.1665, 23.0815], [113.17099999999999, 23.0815], [113.171, 23.0815], [113.1755, 23.0815], [113.1755, 23.077], [113.17714308189655, 23.077], [113.17719, 23.076689], [113.178862, 23.074762], [113.179009, 23.074264], [113.178766, 23.073459], [113.178203, 23.072685], [113.17816173732719, 23.0725], [113.1755, 23.0725], [113.1755, 23.068], [113.17793197282832, 23.068], [113.18, 23.064270795842596], [113.18, 23.0635], [113.18, 23.059], [113.1845, 23.059], [113.18637324999999, 23.059], [113.188183, 23.058238], [113.191086, 23.057644], [113.1935, 23.056884562513357], [113.1935, 23.0545], [113.198, 23.0545], [113.19800000000001, 23.0545], [113.19814283333334, 23.0545], [113.199656, 23.053436], [113.2025, 23.05124527830573], [113.2025, 23.05], [113.19800000000001, 23.05], [113.19800000000001, 23.0455], [113.2025, 23.0455], [113.207, 23.0455], [113.20700000000001, 23.0455], [113.20824300637359, 23.0455], [113.209224, 23.04448], [113.2115, 23.04341018785425], [113.2115, 23.041], [113.21600000000001, 23.041], [113.21600000000001, 23.0365], [113.2205, 23.0365], [113.2205, 23.041], [113.225, 23.041], [113.22500000000001, 23.041], [113.2295, 23.041], [113.2295, 23.0365], [113.2295, 23.032], [113.234, 23.032], [113.234, 23.0365], [113.234, 23.041], [113.2385, 23.041], [113.243, 23.041], [113.24300000000001, 23.041], [113.2475, 23.041], [113.2475, 23.0365], [113.25200000000001, 23.0365], [113.25200000000001, 23.032], [113.2475, 23.032], [113.2475, 23.0275], [113.24300000000001, 23.0275], [113.24300000000001, 23.023], [113.2475, 23.023], [113.25200000000001, 23.023], [113.25200000000001, 23.0185], [113.25200000000001, 23.014], [113.2475, 23.014], [113.2475, 23.0185], [113.24300000000001, 23.0185], [113.24300000000001, 23.014], [113.24300000000001, 23.0095], [113.24300000000001, 23.005], [113.24300000000001, 23.0005], [113.2475, 23.0005], [113.25011103874945, 23.0005], [113.250322, 22.999773], [113.251806, 22.998461], [113.25200000000001, 22.9984343289689], [113.25200000000001, 22.996], [113.2475, 22.996], [113.24300000000001, 22.996], [113.243, 22.996], [113.2385, 22.996], [113.2385, 22.9915], [113.234, 22.9915], [113.234, 22.996], [113.234, 23.0005], [113.2295, 23.0005], [113.2295, 22.996], [113.2295, 22.9915], [113.22698587280703, 22.9915], [113.225935, 22.991762], [113.226143, 22.992368], [113.225, 22.992750924242422], [113.225, 22.996], [113.22318580797102, 22.996], [113.223281, 22.996559], [113.222718, 22.997146], [113.222189, 22.998546], [113.222146, 22.999589], [113.22231790173913, 23.0005], [113.225, 23.0005], [113.225, 23.005], [113.2205, 23.005], [113.22028028947368, 23.005], [113.220126, 23.005143], [113.219094, 23.005341], [113.218271, 23.005733], [113.217031, 23.005926], [113.216, 23.00609145887097], [113.216, 23.0095], [113.2115, 23.0095], [113.20700000000001, 23.0095], [113.207, 23.0095], [113.2025, 23.0095], [113.198, 23.0095], [113.198, 23.014], [113.1935, 23.014], [113.1935, 23.0095], [113.18900000000001, 23.0095], [113.18900000000001, 23.005], [113.1845, 23.005], [113.18, 23.005], [113.18, 23.0005], [113.18, 22.996], [113.1755, 22.996], [113.1755, 23.0005], [113.171, 23.0005], [113.171, 22.996], [113.16763888155022, 22.996], [113.167601, 22.996099], [113.1667321142857, 22.996], [113.1665, 22.996], [113.16243802690583, 22.996], [113.16199999999999, 22.996070222861253], [113.16199999999999, 23.0005], [113.1575, 23.0005], [113.153, 23.0005], [113.153, 22.996], [113.14990682931597, 22.996], [113.149645, 22.996262], [113.149281, 22.996569], [113.14955, 22.997259], [113.149687, 22.998191], [113.1485, 22.998545960219477], [113.1485, 23.0005], [113.14745769372693, 23.0005], [113.147141, 23.000798], [113.146118, 23.002434], [113.145382, 23.005197], [113.144452, 23.005305], [113.144394, 23.011894], [113.148841, 23.012178], [113.150219, 23.01223], [113.15216, 23.012559], [113.15263436328125, 23.014], [113.15299999999999, 23.014]], [[113.1935, 23.0185], [113.18900000000001, 23.0185], [113.189, 23.0185], [113.1845, 23.0185], [113.18, 23.0185], [113.18, 23.014], [113.1755, 23.014], [113.1755, 23.0095], [113.17999999999999, 23.0095], [113.18, 23.0095], [113.1845, 23.0095], [113.189, 23.0095], [113.189, 23.014], [113.1935, 23.014], [113.1935, 23.0185]], [[113.1755, 23.0185], [113.171, 23.0185], [113.171, 23.014], [113.1755, 23.014], [113.1755, 23.0185]], [[113.171, 23.05], [113.1755, 23.05], [113.1755, 23.0545], [113.171, 23.0545], [113.171, 23.05]], [[113.1755, 23.041], [113.1755, 23.0455], [113.171, 23.0455], [113.171, 23.041], [113.1755, 23.041]], [[113.1485, 23.076999999999998], [113.144, 23.076999999999998], [113.144, 23.0725], [113.1485, 23.0725], [113.1485, 23.076999999999998]], [[113.1665, 23.005], [113.162, 23.005], [113.162, 23.0005], [113.1665, 23.0005], [113.1665, 23.005]], [[113.17099999999999, 23.005], [113.17099999999999, 23.0095], [113.1665, 23.0095], [113.1665, 23.005], [113.17099999999999, 23.005]], [[113.225, 23.032], [113.2205, 23.032], [113.2205, 23.0275], [113.225, 23.0275], [113.225, 23.032]], [[113.2115, 23.0185], [113.2115, 23.014], [113.21600000000001, 23.014], [113.21600000000001, 23.0095], [113.2205, 23.0095], [113.225, 23.0095], [113.22500000000001, 23.0095], [113.2295, 23.0095], [113.2295, 23.014], [113.2295, 23.0185], [113.22500000000001, 23.0185], [113.225, 23.0185], [113.2205, 23.0185], [113.21600000000001, 23.0185], [113.216, 23.0185], [113.2115, 23.0185]], [[113.2295, 23.005], [113.234, 23.005], [113.234, 23.0095], [113.2295, 23.0095], [113.2295, 23.005]], [[113.23400000000001, 23.005], [113.23400000000001, 23.0005], [113.2385, 23.0005], [113.2385, 23.005], [113.23400000000001, 23.005]], [[113.2385, 23.0275], [113.23400000000001, 23.0275], [113.234, 23.0275], [113.2295, 23.0275], [113.22500000000001, 23.0275], [113.22500000000001, 23.023], [113.2295, 23.023], [113.234, 23.023], [113.23400000000001, 23.023], [113.2385, 23.023], [113.2385, 23.0275]]], [[[113.12599999999999, 23.0815], [113.1305, 23.0815], [113.1305, 23.076999999999998], [113.12599999999999, 23.076999999999998], [113.12599999999999, 23.0815]]], [[[113.243, 22.987], [113.243, 22.9915], [113.2475, 22.9915], [113.25200000000001, 22.9915], [113.25200000000001, 22.990414190642465], [113.251789, 22.990211], [113.251016, 22.988199], [113.25120997155555, 22.987], [113.2475, 22.987], [113.243, 22.987]]]]}}, {"type": "Feature", "properties": {"name": "里水镇", "source": "grid_vote"}, "geometry": {"type": "MultiPolygon", "coordinates": [[[[113.0315, 23.0635], [113.0315, 23.068], [113.036, 23.068], [113.036, 23.0635], [113.0315, 23.0635]]], [[[113.1215, 23.0815], [113.12599999999999, 23.0815], [113.12599999999999, 23.086], [113.1305, 23.086], [113.13499999999999, 23.086], [113.13499999999999, 23.0905], [113.13499999999999, 23.095], [113.13499999999999, 23.0995], [113.1305, 23.0995], [113.126, 23.0995], [113.126, 23.095], [113.1305, 23.095], [113.1305, 23.0905], [113.12599999999999, 23.0905], [113.12599999999999, 23.095], [113.1215, 23.095], [113.11699999999999, 23.095], [113.11699999999999, 23.0995], [113.1215, 23.0995], [113.12599999999999, 23.0995], [113.12599999999999, 23.104], [113.1215, 23.104], [113.1215, 23.1085], [113.12599999999999, 23.1085], [113.12599999999999, 23.113], [113.1215, 23.113], [113.1215, 23.1175], [113.1215, 23.122], [113.12599999999999, 23.122], [113.126, 23.122], [113.1305, 23.122], [113.1305, 23.1265], [113.13499999999999, 23.1265], [113.13499999999999, 23.131], [113.1305, 23.131], [113.1305, 23.1355], [113.1305, 23.14], [113.126, 23.14], [113.126, 23.1355], [113.1215, 23.1355], [113.1215, 23.14], [113.12599999999999, 23.14], [113.12599999999999, 23.1445], [113.12599999999999, 23.149], [113.1215, 23.149], [113.1215, 23.1535], [113.11699999999999, 23.1535], [113.11699999999999, 23.158], [113.11699999999999, 23.1625], [113.1215, 23.1625], [113.1215, 23.167], [113.1215, 23.171499999999998], [113.1215, 23.1715], [113.1215, 23.176], [113.126, 23.176], [113.126, 23.1715], [113.1305, 23.1715], [113.13499999999999, 23.1715], [113.13499999999999, 23.176], [113.1305, 23.176], [113.1305, 23.1805], [113.1305, 23.185], [113.13499999999999, 23.185], [113.135, 23.185], [113.1395, 23.185], [113.1395, 23.1805], [113.14399999999999, 23.1805], [113.14399999999999, 23.185], [113.14399999999999, 23.1895], [113.1395, 23.1895], [113.13499999999999, 23.1895], [113.13499999999999, 23.194], [113.13499999999999, 23.1985], [113.1395, 23.1985], [113.144, 23.1985], [113.144, 23.194], [113.1485, 23.194], [113.1485, 23.1985], [113.1485, 23.203], [113.1485, 23.2075], [113.14399999999999, 23.2075], [113.14399999999999, 23.212], [113.14399999999999, 23.2165], [113.14399999999999, 23.221], [113.1395, 23.221], [113.1395, 23.2165], [113.1395, 23.212], [113.135, 23.212], [113.13499999999999, 23.212], [113.1305, 23.212], [113.12599999999999, 23.212], [113.12599999999999, 23.2165], [113.1215, 23.2165], [113.1215, 23.221], [113.12599999999999, 23.221], [113.126, 23.221], [113.1305, 23.221], [113.13499999999999, 23.221], [113.13499999999999, 23.2255], [113.13499999999999, 23.23], [113.1395, 23.23], [113.1395, 23.2345], [113.135, 23.2345], [113.13499999999999, 23.2345], [113.1305, 23.2345], [113.1305, 23.239], [113.12599999999999, 23.239], [113.12599999999999, 23.2435], [113.12599999999999, 23.248], [113.1215, 23.248], [113.11699999999999, 23.248], [113.11699999999999, 23.2525], [113.11699999999999, 23.257], [113.1215, 23.257], [113.1215, 23.2615], [113.11699999999999, 23.2615], [113.11699999999999, 23.266], [113.1125, 23.266], [113.1125, 23.2705], [113.117, 23.2705], [113.117, 23.266000000000002], [113.1215, 23.266000000000002], [113.12599999999999, 23.266000000000002], [113.126, 23.266000000000002], [113.1305, 23.266000000000002], [113.1305, 23.2705], [113.1305, 23.275], [113.1305, 23.2795], [113.13499999999999, 23.2795], [113.13499999999999, 23.284], [113.1305, 23.284], [113.1305, 23.2885], [113.126, 23.2885], [113.12599999999999, 23.2885], [113.1215, 23.2885], [113.1215, 23.293], [113.12599999999999, 23.293], [113.126, 23.293], [113.1305, 23.293], [113.1305, 23.2975], [113.135, 23.2975], [113.135, 23.293], [113.1395, 23.293], [113.1395, 23.2885], [113.135, 23.2885], [113.135, 23.284], [113.1395, 23.284], [113.1395, 23.2795], [113.135, 23.2795], [113.135, 23.275], [113.1395, 23.275], [113.1395, 23.2705], [113.14399999999999, 23.2705], [113.14399999999999, 23.275], [113.1485, 23.275], [113.1485, 23.2795], [113.14399999999999, 23.2795], [113.14399999999999, 23.284], [113.1485, 23.284], [113.153, 23.284], [113.153, 23.2795], [113.1575, 23.2795], [113.1575, 23.275], [113.1575, 23.2705], [113.153, 23.2705], [113.15299999999999, 23.2705], [113.1485, 23.2705], [113.1485, 23.266000000000002], [113.153, 23.266000000000002], [113.153, 23.2615], [113.1575, 23.2615], [113.1575, 23.257], [113.15299999999999, 23.257], [113.15299999999999, 23.2615], [113.1485, 23.2615], [113.1485, 23.266], [113.144, 23.266], [113.14399999999999, 23.266], [113.1395, 23.266], [113.135, 23.266], [113.135, 23.2615], [113.135, 23.257], [113.1395, 23.257], [113.144, 23.257], [113.144, 23.2525], [113.144, 23.248], [113.144, 23.2435], [113.1395, 23.2435], [113.1395, 23.239], [113.14399999999999, 23.239], [113.144, 23.239], [113.1485, 23.239], [113.1485, 23.2345], [113.1485, 23.23], [113.144, 23.23], [113.144, 23.2255], [113.1485, 23.2255], [113.15299999999999, 23.2255], [113.15299999999999, 23.23], [113.1575, 23.23], [113.1575, 23.2255], [113.153, 23.2255], [113.153, 23.221], [113.153, 23.2165], [113.1575, 23.2165], [113.1575, 23.212], [113.1575, 23.2075], [113.162, 23.2075], [113.162, 23.203], [113.1665, 23.203], [113.17099999999999, 23.203], [113.17099999999999, 23.2075], [113.17099999999999, 23.212], [113.1755, 23.212], [113.1755, 23.2075], [113.1755, 23.203], [113.171, 23.203], [113.171, 23.1985], [113.1755, 23.1985], [113.18, 23.1985], [113.18, 23.194], [113.1845, 23.194], [113.1845, 23.1985], [113.189, 23.1985], [113.18900000000001, 23.1985], [113.1935, 23.1985], [113.1935, 23.203], [113.1935, 23.2075], [113.19705271589922, 23.2075], [113.197891, 23.206917], [113.19800000000001, 23.206840448359653], [113.19800000000001, 23.203], [113.2025, 23.203], [113.2025, 23.1985], [113.19800000000001, 23.1985], [113.19800000000001, 23.194], [113.2025, 23.194], [113.2025, 23.1895], [113.20700000000001, 23.1895], [113.20700000000001, 23.185], [113.2025, 23.185], [113.2025, 23.1805], [113.20700000000001, 23.1805], [113.20700000000001, 23.176], [113.2025, 23.176], [113.198, 23.176], [113.198, 23.1805], [113.1935, 23.1805], [113.1935, 23.176], [113.1935, 23.1715], [113.1935, 23.171499999999998], [113.1935, 23.167], [113.18900000000001, 23.167], [113.189, 23.167], [113.1845, 23.167], [113.1845, 23.1715], [113.189, 23.1715], [113.189, 23.176], [113.1845, 23.176], [113.1845, 23.1805], [113.18, 23.1805], [113.18, 23.176], [113.18, 23.171499999999998], [113.1755, 23.171499999999998], [113.1755, 23.167], [113.171, 23.167], [113.171, 23.1625], [113.1755, 23.1625], [113.1755, 23.158], [113.1755, 23.1535], [113.17999999999999, 23.1535], [113.17999999999999, 23.158], [113.1845, 23.158], [113.1845, 23.1535], [113.18, 23.1535], [113.18, 23.149], [113.1845, 23.149], [113.18795214850616, 23.149], [113.18834, 23.148465], [113.188781, 23.148139], [113.187724, 23.147361], [113.187939, 23.146636], [113.188407, 23.146553], [113.188305, 23.145561], [113.188549, 23.145096], [113.18900000000001, 23.14497127289377], [113.18900000000001, 23.1445], [113.1935, 23.1445], [113.1935, 23.14], [113.19800000000001, 23.14], [113.19800000000001, 23.1355], [113.2025, 23.1355], [113.2025, 23.14], [113.2025, 23.14441926728761], [113.204962, 23.144306], [113.204973, 23.143865], [113.208202, 23.144388], [113.208214, 23.144074], [113.208934, 23.144074], [113.208934, 23.143238], [113.209957, 23.143156], [113.210986, 23.143341], [113.2115, 23.143463485106384], [113.2115, 23.142093395683453], [113.211432, 23.141658], [113.2115, 23.141627594834546], [113.2115, 23.14], [113.20700000000001, 23.14], [113.20700000000001, 23.1355], [113.2115, 23.1355], [113.2115, 23.131], [113.20700000000001, 23.131], [113.20700000000001, 23.1265], [113.2025, 23.1265], [113.2025, 23.122], [113.19800000000001, 23.122], [113.198, 23.122], [113.1935, 23.122], [113.1935, 23.1265], [113.18900000000001, 23.1265], [113.189, 23.1265], [113.1845, 23.1265], [113.1845, 23.122], [113.18, 23.122], [113.17999999999999, 23.122], [113.1755, 23.122], [113.1755, 23.1175], [113.1755, 23.113], [113.1755, 23.1085], [113.1755, 23.104], [113.17999999999999, 23.104], [113.18, 23.104], [113.1845, 23.104], [113.1845, 23.0995], [113.1845, 23.095], [113.1845, 23.0905], [113.17999999999999, 23.0905], [113.17999999999999, 23.095], [113.17999999999999, 23.0995], [113.1755, 23.0995], [113.171, 23.0995], [113.171, 23.095], [113.1665, 23.095], [113.1665, 23.0995], [113.162, 23.0995], [113.162, 23.095], [113.1575, 23.095], [113.1575, 23.0905], [113.16199999999999, 23.0905], [113.162, 23.0905], [113.1665, 23.0905], [113.1665, 23.086], [113.1665, 23.0815], [113.16199999999999, 23.0815], [113.16199999999999, 23.086], [113.1575, 23.086], [113.1575, 23.0815], [113.153, 23.0815], [113.15299999999999, 23.0815], [113.1485, 23.0815], [113.144, 23.0815], [113.144, 23.076999999999998], [113.1395, 23.076999999999998], [113.13499999999999, 23.076999999999998], [113.13499999999999, 23.0815], [113.1305, 23.0815], [113.126, 23.0815], [113.126, 23.076999999999998], [113.1215, 23.076999999999998], [113.1215, 23.0815]], [[113.135, 23.14], [113.135, 23.1355], [113.1395, 23.1355], [113.1395, 23.14], [113.14399999999999, 23.14], [113.14399999999999, 23.1445], [113.1485, 23.1445], [113.1485, 23.14], [113.15299999999999, 23.14], [113.15299999999999, 23.1445], [113.15299999999999, 23.149], [113.1485, 23.149], [113.144, 23.149], [113.14399999999999, 23.149], [113.1395, 23.149], [113.1395, 23.1535], [113.135, 23.1535], [113.13499999999999, 23.1535], [113.1305, 23.1535], [113.126, 23.1535], [113.126, 23.149], [113.1305, 23.149], [113.1305, 23.1445], [113.1305, 23.14], [113.135, 23.14]], [[113.1215, 23.158], [113.12599999999999, 23.158], [113.12599999999999, 23.1625], [113.1215, 23.1625], [113.1215, 23.158]], [[113.15299999999999, 23.2075], [113.15299999999999, 23.212], [113.1485, 23.212], [113.1485, 23.2075], [113.15299999999999, 23.2075]], [[113.1395, 23.248], [113.135, 23.248], [113.135, 23.2435], [113.1395, 23.2435], [113.1395, 23.248]], [[113.171, 23.1535], [113.171, 23.149], [113.1755, 23.149], [113.1755, 23.1535], [113.171, 23.1535]], [[113.1755, 23.1445], [113.171, 23.1445], [113.171, 23.14], [113.1755, 23.14], [113.1755, 23.1355], [113.1755, 23.131], [113.1755, 23.1265], [113.17999999999999, 23.1265], [113.17999999999999, 23.131], [113.17999999999999, 23.1355], [113.17999999999999, 23.14], [113.17999999999999, 23.1445], [113.17999999999999, 23.149], [113.1755, 23.149], [113.1755, 23.1445]], [[113.2025, 23.131], [113.207, 23.131], [113.207, 23.1355], [113.2025, 23.1355], [113.2025, 23.131]], [[113.17099999999999, 23.0995], [113.17099999999999, 23.104], [113.1665, 23.104], [113.1665, 23.0995], [113.17099999999999, 23.0995]], [[113.1575, 23.0995], [113.15299999999999, 23.0995], [113.15299999999999, 23.104], [113.1485, 23.104], [113.144, 23.104], [113.144, 23.0995], [113.144, 23.095], [113.1485, 23.095], [113.15299999999999, 23.095], [113.153, 23.095], [113.1575, 23.095], [113.1575, 23.0995]], [[113.16199999999999, 23.1355], [113.16199999999999, 23.14], [113.1575, 23.14], [113.1575, 23.1355], [113.16199999999999, 23.1355]], [[113.153, 23.1355], [113.15299999999999, 23.1355], [113.1485, 23.1355], [113.1485, 23.131], [113.153, 23.131], [113.153, 23.1265], [113.1575, 23.1265], [113.16199999999999, 23.1265], [113.162, 23.1265], [113.1665, 23.1265], [113.1665, 23.122], [113.17099999999999, 23.122], [113.17099999999999, 23.1265], [113.17099999999999, 23.131], [113.17099999999999, 23.1355], [113.17099999999999, 23.14], [113.1665, 23.14], [113.1665, 23.1355], [113.162, 23.1355], [113.162, 23.131], [113.1575, 23.131], [113.1575, 23.1355], [113.153, 23.1355]], [[113.1395, 23.1175], [113.14399999999999, 23.1175], [113.144, 23.1175], [113.1485, 23.1175], [113.15299999999999, 23.1175], [113.15299999999999, 23.122], [113.1485, 23.122], [113.144, 23.122], [113.14399999999999, 23.122], [113.1395, 23.122], [113.1395, 23.1265], [113.135, 23.1265], [113.135, 23.122], [113.135, 23.1175], [113.1395, 23.1175]], [[113.14399999999999, 23.1265], [113.14399999999999, 23.131], [113.1395, 23.131], [113.1395, 23.1265], [113.14399999999999, 23.1265]], [[113.14399999999999, 23.104], [113.14399999999999, 23.1085], [113.1395, 23.1085], [113.135, 23.1085], [113.135, 23.104], [113.1395, 23.104], [113.14399999999999, 23.104]], [[113.1485, 23.0905], [113.144, 23.0905], [113.144, 23.086], [113.1485, 23.086], [113.1485, 23.0905]], [[113.14399999999999, 23.0905], [113.14399999999999, 23.095], [113.1395, 23.095], [113.1395, 23.0905], [113.14399999999999, 23.0905]], [[113.144, 23.1715], [113.1485, 23.1715], [113.1485, 23.176], [113.144, 23.176], [113.144, 23.1715]], [[113.15299999999999, 23.1625], [113.15299999999999, 23.167], [113.1485, 23.167], [113.1485, 23.1625], [113.15299999999999, 23.1625]], [[113.1575, 23.171499999999998], [113.1575, 23.1715], [113.1575, 23.176], [113.153, 23.176], [113.153, 23.1715], [113.153, 23.171499999999998], [113.153, 23.167], [113.1575, 23.167], [113.1575, 23.171499999999998]], [[113.1575, 23.1625], [113.16199999999999, 23.1625], [113.16199999999999, 23.167], [113.1575, 23.167], [113.1575, 23.1625]], [[113.126, 23.167], [113.126, 23.1625], [113.1305, 23.1625], [113.1305, 23.167], [113.126, 23.167]], [[113.1485, 23.158], [113.144, 23.158], [113.144, 23.1535], [113.1485, 23.1535], [113.1485, 23.158]], [[113.17099999999999, 23.185], [113.17099999999999, 23.1895], [113.1665, 23.1895], [113.1665, 23.185], [113.17099999999999, 23.185]], [[113.162, 23.171499999999998], [113.162, 23.167], [113.1665, 23.167], [113.1665, 23.1715], [113.17099999999999, 23.1715], [113.17099999999999, 23.176], [113.1665, 23.176], [113.162, 23.176], [113.162, 23.1715], [113.162, 23.171499999999998]], [[113.17099999999999, 23.1535], [113.17099999999999, 23.158], [113.1665, 23.158], [113.1665, 23.1535], [113.17099999999999, 23.1535]], [[113.162, 23.1535], [113.162, 23.149], [113.1665, 23.149], [113.1665, 23.1535], [113.162, 23.1535]], [[113.162, 23.1085], [113.1665, 23.1085], [113.17099999999999, 23.1085], [113.17099999999999, 23.113], [113.1665, 23.113], [113.162, 23.113], [113.162, 23.1085]], [[113.189, 23.1445], [113.1845, 23.1445], [113.1845, 23.14], [113.189, 23.14], [113.189, 23.1445]], [[113.18900000000001, 23.131], [113.1935, 23.131], [113.1935, 23.1355], [113.18900000000001, 23.1355], [113.18900000000001, 23.131]], [[113.18, 23.1895], [113.18, 23.185], [113.1845, 23.185], [113.1845, 23.1895], [113.18, 23.1895]], [[113.17999999999999, 23.185], [113.1755, 23.185], [113.1755, 23.1805], [113.17999999999999, 23.1805], [113.17999999999999, 23.185]], [[113.1755, 23.1895], [113.17999999999999, 23.1895], [113.17999999999999, 23.194], [113.1755, 23.194], [113.1755, 23.1895]]], [[[113.1305, 23.1265], [113.126, 23.1265], [113.12599999999999, 23.1265], [113.1215, 23.1265], [113.1215, 23.131], [113.12599999999999, 23.131], [113.126, 23.131], [113.1305, 23.131], [113.1305, 23.1265]]], [[[113.11699999999999, 23.149], [113.1215, 23.149], [113.1215, 23.1445], [113.1215, 23.14], [113.11699999999999, 23.14], [113.11699999999999, 23.1445], [113.11699999999999, 23.149]]], [[[113.0, 23.158], [113.00450000000001, 23.158], [113.00450000000001, 23.1535], [113.0, 23.1535], [113.0, 23.158]]], [[[113.12599999999999, 23.2075], [113.1305, 23.2075], [113.1305, 23.203], [113.1305, 23.1985], [113.1305, 23.194], [113.126, 23.194], [113.126, 23.1895], [113.1305, 23.1895], [113.1305, 23.185], [113.12599999999999, 23.185], [113.12599999999999, 23.1895], [113.1215, 23.1895], [113.1215, 23.194], [113.1215, 23.1985], [113.1215, 23.203], [113.12599999999999, 23.203], [113.12599999999999, 23.2075]]], [[[113.10799999999999, 23.1985], [113.1125, 23.1985], [113.1125, 23.194], [113.10799999999999, 23.194], [113.10799999999999, 23.1985]]], [[[113.1125, 23.1985], [113.1125, 23.203], [113.117, 23.203], [113.117, 23.1985], [113.1125, 23.1985]]], [[[113.1035, 23.2075], [113.099, 23.2075], [113.099, 23.203], [113.0945, 23.203], [113.0945, 23.2075], [113.09899999999999, 23.2075], [113.09899999999999, 23.212], [113.0945, 23.212], [113.0945, 23.2165], [113.099, 23.2165], [113.099, 23.212], [113.1035, 23.212], [113.1035, 23.2075]]], [[[113.10799999999999, 23.212], [113.1125, 23.212], [113.1125, 23.2075], [113.10799999999999, 23.2075], [113.10799999999999, 23.212]]], [[[113.1125, 23.221], [113.117, 23.221], [113.117, 23.2165], [113.1215, 23.2165], [113.1215, 23.212], [113.117, 23.212], [113.11699999999999, 23.212], [113.1125, 23.212], [113.1125, 23.2165], [113.1125, 23.221]]], [[[113.126, 23.2345], [113.126, 23.23], [113.1215, 23.23], [113.11699999999999, 23.23], [113.11699999999999, 23.2345], [113.1215, 23.2345], [113.126, 23.2345]]], [[[113.09899999999999, 23.2435], [113.1035, 23.2435], [113.1035, 23.239], [113.09899999999999, 23.239], [113.09899999999999, 23.2435]]], [[[113.09450000000001, 23.248], [113.09450000000001, 23.2435], [113.09, 23.2435], [113.09, 23.248], [113.09450000000001, 23.248]]], [[[113.0855, 23.2525], [113.09, 23.2525], [113.09, 23.248], [113.0855, 23.248], [113.0855, 23.2525]]], [[[113.0945, 23.257], [113.0945, 23.2615], [113.099, 23.2615], [113.099, 23.257], [113.0945, 23.257]]], [[[113.09899999999999, 23.275], [113.1035, 23.275], [113.1035, 23.2705], [113.099, 23.2705], [113.099, 23.266], [113.09450000000001, 23.266], [113.0945, 23.266], [113.09, 23.266], [113.09, 23.2705], [113.0945, 23.2705], [113.09450000000001, 23.2705], [113.09899999999999, 23.2705], [113.09899999999999, 23.275]]], [[[113.09, 23.2795], [113.09450000000001, 23.2795], [113.09450000000001, 23.275], [113.09, 23.275], [113.09, 23.2795]]], [[[113.1215, 23.2795], [113.1215, 23.284], [113.126, 23.284], [113.126, 23.2795], [113.126, 23.275], [113.1215, 23.275], [113.11699999999999, 23.275], [113.11699999999999, 23.2795], [113.1125, 23.2795], [113.1125, 23.284], [113.117, 23.284], [113.117, 23.2795], [113.1215, 23.2795]]], [[[113.12599999999999, 23.302], [113.1305, 23.302], [113.1305, 23.2975], [113.12599999999999, 23.2975], [113.12599999999999, 23.302]]], [[[113.15299999999999, 23.239], [113.1575, 23.239], [113.1575, 23.2345], [113.15299999999999, 23.2345], [113.15299999999999, 23.239]]], [[[113.1575, 23.2525], [113.1575, 23.248], [113.1575, 23.2435], [113.153, 23.2435], [113.15299999999999, 23.2435], [113.1485, 23.2435], [113.1485, 23.248], [113.1485, 23.2525], [113.15299999999999, 23.2525], [113.153, 23.2525], [113.1575, 23.2525]]], [[[113.16199999999999, 23.2165], [113.1665, 23.2165], [113.1665, 23.212], [113.16199999999999, 23.212], [113.16199999999999, 23.2165]]], [[[113.1665, 23.23], [113.16199999999999, 23.23], [113.16199999999999, 23.2345], [113.16199999999999, 23.239], [113.1665, 23.239], [113.1665, 23.2345], [113.171, 23.2345], [113.171, 23.23], [113.1755, 23.23], [113.1755, 23.2255], [113.171, 23.2255], [113.17099999999999, 23.2255], [113.1665, 23.2255], [113.1665, 23.23]]], [[[113.17099999999999, 23.266000000000002], [113.17099999999999, 23.2705], [113.1755, 23.2705], [113.1755, 23.266000000000002], [113.1755, 23.266], [113.1755, 23.2615], [113.1755, 23.257], [113.171, 23.257], [113.17099999999999, 23.257], [113.1665, 23.257], [113.1665, 23.2615], [113.16199999999999, 23.2615], [113.16199999999999, 23.266000000000002], [113.1665, 23.266000000000002], [113.17099999999999, 23.266000000000002]]], [[[113.18, 23.086], [113.18, 23.0815], [113.18, 23.077587350943396], [113.178212, 23.077679], [113.177407, 23.077556], [113.17712, 23.077153], [113.17714308189655, 23.076999999999998], [113.1755, 23.076999999999998], [113.1755, 23.0815], [113.17099999999999, 23.0815], [113.17099999999999, 23.086], [113.17099999999999, 23.0905], [113.1755, 23.0905], [113.1755, 23.086], [113.18, 23.086]]], [[[113.1845, 23.0905], [113.189, 23.0905], [113.189, 23.095], [113.189, 23.0995], [113.189, 23.104], [113.1935, 23.104], [113.198, 23.104], [113.19800000000001, 23.104], [113.2025, 23.104], [113.2025, 23.0995], [113.20700000000001, 23.0995], [113.20700000000001, 23.095], [113.2115, 23.095], [113.2115, 23.0905], [113.20700000000001, 23.0905], [113.20700000000001, 23.086], [113.2025, 23.086], [113.2025, 23.0905], [113.19800000000001, 23.0905], [113.198, 23.0905], [113.1935, 23.0905], [113.1935, 23.086], [113.18900000000001, 23.086], [113.189, 23.086], [113.1845, 23.086], [113.1845, 23.0905]]], [[[113.17999999999999, 23.113], [113.1845, 23.113], [113.1845, 23.1085], [113.17999999999999, 23.1085], [113.17999999999999, 23.113]]], [[[113.1755, 23.2435], [113.18, 23.2435], [113.18, 23.241588879858675], [113.179654, 23.240579], [113.17941123653088, 23.239], [113.1755, 23.239], [113.1755, 23.2435]]], [[[113.1755, 23.2525], [113.1755, 23.248], [113.1755, 23.2435], [113.171, 23.2435], [113.17099999999999, 23.2435], [113.1665, 23.2435], [113.1665, 23.248], [113.17099999999999, 23.248], [113.17099999999999, 23.2525], [113.1755, 23.2525]]], [[[113.2115, 23.0995], [113.21600000000001, 23.0995], [113.21600000000001, 23.096392442307693], [113.215945, 23.096355], [113.215269, 23.096048], [113.213864, 23.095928], [113.213102, 23.095671], [113.212893, 23.095471], [113.212816, 23.095171], [113.21283188235294, 23.095], [113.2115, 23.095], [113.2115, 23.0995]]], [[[113.2025, 23.110099666666667], [113.202325, 23.110083], [113.202328, 23.110028], [113.202394, 23.109632], [113.202457, 23.109119], [113.202473, 23.10889], [113.202439, 23.108706], [113.202357, 23.108556], [113.20244902247191, 23.1085], [113.198, 23.1085], [113.198, 23.113], [113.198, 23.1175], [113.2025, 23.1175], [113.2025, 23.113], [113.2025, 23.110099666666667]]], [[[113.189, 23.1175], [113.189, 23.122], [113.1935, 23.122], [113.1935, 23.1175], [113.189, 23.1175]]], [[[113.1845, 23.212], [113.18900000000001, 23.212], [113.18900000000001, 23.2075], [113.1845, 23.2075], [113.1845, 23.212]]]]}}, {"type": "Feature", "properties": {"name": "大沥镇", "source": "grid_vote"}, "geometry": {"type": "MultiPolygon", "coordinates": [[[[113.06750000000001, 23.0725], [113.06750000000001, 23.068], [113.072, 23.068], [113.0765, 23.068], [113.0765, 23.0725], [113.0765, 23.077], [113.081, 23.077], [113.081, 23.0725], [113.0855, 23.0725], [113.08550000000001, 23.0725], [113.09, 23.0725], [113.09, 23.076999999999998], [113.0855, 23.076999999999998], [113.0855, 23.0815], [113.0855, 23.086], [113.09, 23.086], [113.09, 23.0905], [113.0945, 23.0905], [113.0945, 23.095], [113.09, 23.095], [113.08550000000001, 23.095], [113.0855, 23.095], [113.081, 23.095], [113.081, 23.0995], [113.081, 23.104], [113.081, 23.1085], [113.0855, 23.1085], [113.08550000000001, 23.1085], [113.09, 23.1085], [113.09, 23.113], [113.08550000000001, 23.113], [113.0855, 23.113], [113.081, 23.113], [113.081, 23.1175], [113.0855, 23.1175], [113.08550000000001, 23.1175], [113.09, 23.1175], [113.0945, 23.1175], [113.0945, 23.122], [113.0945, 23.1265], [113.09, 23.1265], [113.09, 23.131], [113.08550000000001, 23.131], [113.08550000000001, 23.1265], [113.08550000000001, 23.122], [113.081, 23.122], [113.07650000000001, 23.122], [113.0765, 23.122], [113.072, 23.122], [113.072, 23.1175], [113.0675, 23.1175], [113.0675, 23.122], [113.063, 23.122], [113.063, 23.1265], [113.0675, 23.1265], [113.0675, 23.131], [113.072, 23.131], [113.072, 23.1355], [113.0765, 23.1355], [113.0765, 23.14], [113.081, 23.14], [113.08550000000001, 23.14], [113.08550000000001, 23.1355], [113.09, 23.1355], [113.09, 23.14], [113.09, 23.1445], [113.0855, 23.1445], [113.0855, 23.149], [113.081, 23.149], [113.081, 23.1535], [113.0765, 23.1535], [113.0765, 23.158], [113.081, 23.158], [113.081, 23.1625], [113.0855, 23.1625], [113.0855, 23.167], [113.0855, 23.171499999999998], [113.081, 23.171499999999998], [113.081, 23.176], [113.0855, 23.176], [113.0855, 23.1805], [113.0855, 23.185], [113.09, 23.185], [113.09, 23.1805], [113.0945, 23.1805], [113.0945, 23.185], [113.0945, 23.1895], [113.09899999999999, 23.1895], [113.09899999999999, 23.194], [113.0945, 23.194], [113.0945, 23.1985], [113.09899999999999, 23.1985], [113.099, 23.1985], [113.1035, 23.1985], [113.1035, 23.194], [113.1035, 23.1895], [113.1035, 23.185], [113.108, 23.185], [113.108, 23.1805], [113.1125, 23.1805], [113.1125, 23.185], [113.1125, 23.1895], [113.1125, 23.194], [113.1125, 23.1985], [113.11699999999999, 23.1985], [113.117, 23.1985], [113.1215, 23.1985], [113.1215, 23.194], [113.117, 23.194], [113.117, 23.1895], [113.117, 23.185], [113.117, 23.1805], [113.117, 23.176], [113.117, 23.1715], [113.1215, 23.1715], [113.1215, 23.167], [113.11699999999999, 23.167], [113.11699999999999, 23.171499999999998], [113.1125, 23.171499999999998], [113.10799999999999, 23.171499999999998], [113.10799999999999, 23.176], [113.1035, 23.176], [113.099, 23.176], [113.099, 23.171499999999998], [113.09450000000001, 23.171499999999998], [113.09450000000001, 23.167], [113.09, 23.167], [113.09, 23.1625], [113.09, 23.158], [113.0945, 23.158], [113.09450000000001, 23.158], [113.09899999999999, 23.158], [113.099, 23.158], [113.1035, 23.158], [113.108, 23.158], [113.108, 23.1535], [113.1125, 23.1535], [113.117, 23.1535], [113.117, 23.149], [113.1125, 23.149], [113.10799999999999, 23.149], [113.10799999999999, 23.1535], [113.1035, 23.1535], [113.099, 23.1535], [113.099, 23.149], [113.1035, 23.149], [113.1035, 23.1445], [113.108, 23.1445], [113.108, 23.14], [113.108, 23.1355], [113.1125, 23.1355], [113.11699999999999, 23.1355], [113.11699999999999, 23.14], [113.1215, 23.14], [113.1215, 23.1355], [113.1215, 23.131], [113.1215, 23.1265], [113.1215, 23.122], [113.1215, 23.1175], [113.1215, 23.113], [113.126, 23.113], [113.126, 23.1085], [113.1215, 23.1085], [113.1215, 23.104], [113.126, 23.104], [113.126, 23.0995], [113.1305, 23.0995], [113.1305, 23.095], [113.126, 23.095], [113.126, 23.0905], [113.1305, 23.0905], [113.1305, 23.086], [113.126, 23.086], [113.126, 23.0815], [113.1215, 23.0815], [113.117, 23.0815], [113.117, 23.077], [113.1215, 23.077], [113.126, 23.077], [113.126, 23.0725], [113.1215, 23.0725], [113.117, 23.0725], [113.117, 23.068], [113.1215, 23.068], [113.1215, 23.0635], [113.117, 23.0635], [113.11699999999999, 23.0635], [113.1125, 23.0635], [113.1125, 23.068], [113.108, 23.068], [113.108, 23.0635], [113.1035, 23.0635], [113.099, 23.0635], [113.099, 23.059], [113.099, 23.055354775942746], [113.097303, 23.055451], [113.09666, 23.055451], [113.095209, 23.055264], [113.093967, 23.055261], [113.09322, 23.054918], [113.093161, 23.05468], [113.093318, 23.053537], [113.093348, 23.053357], [113.093507, 23.05241], [113.093774, 23.051282], [113.093322, 23.051244], [113.093498, 23.050676], [113.093096, 23.050661], [113.093253, 23.050189], [113.093411, 23.050044], [113.0934118067701, 23.05], [113.0920747826087, 23.05], [113.091984, 23.051218], [113.091481, 23.051265], [113.090824, 23.051397], [113.09106, 23.052513], [113.090904, 23.053019], [113.090732, 23.052976], [113.090771, 23.053367], [113.09, 23.053563602917343], [113.09, 23.0545], [113.08909162565172, 23.0545], [113.089169, 23.054798], [113.087777, 23.055152], [113.086293, 23.055415], [113.085636, 23.055415], [113.085079, 23.055361], [113.08452, 23.055494], [113.084166, 23.055652], [113.08385, 23.055639], [113.083667, 23.055244], [113.08345492850424, 23.0545], [113.081, 23.0545], [113.081, 23.059], [113.0765, 23.059], [113.0765, 23.0635], [113.072, 23.0635], [113.072, 23.059], [113.06750000000001, 23.059], [113.06750000000001, 23.0545], [113.06750000000001, 23.05116529018492], [113.065829, 23.051319], [113.063, 23.051507446791227], [113.063, 23.0545], [113.063, 23.059], [113.0585, 23.059], [113.0585, 23.0635], [113.063, 23.0635], [113.063, 23.068], [113.063, 23.0725], [113.06750000000001, 23.0725]], [[113.09450000000001, 23.1355], [113.09450000000001, 23.131], [113.099, 23.131], [113.099, 23.1265], [113.1035, 23.1265], [113.1035, 23.131], [113.1035, 23.1355], [113.09899999999999, 23.1355], [113.09899999999999, 23.14], [113.09450000000001, 23.14], [113.09450000000001, 23.1355]], [[113.099, 23.113], [113.1035, 23.113], [113.1035, 23.1175], [113.099, 23.1175], [113.099, 23.113]], [[113.10799999999999, 23.0995], [113.10799999999999, 23.104], [113.1035, 23.104], [113.1035, 23.0995], [113.10799999999999, 23.0995]], [[113.099, 23.0905], [113.1035, 23.0905], [113.1035, 23.095], [113.099, 23.095], [113.099, 23.0905]], [[113.099, 23.0725], [113.1035, 23.0725], [113.1035, 23.076999999999998], [113.099, 23.076999999999998], [113.099, 23.0725]], [[113.09, 23.077], [113.0945, 23.077], [113.09450000000001, 23.077], [113.09899999999999, 23.077], [113.09899999999999, 23.0815], [113.09899999999999, 23.086], [113.09450000000001, 23.086], [113.09450000000001, 23.0815], [113.09, 23.0815], [113.09, 23.077]], [[113.09, 23.059], [113.0945, 23.059], [113.0945, 23.0635], [113.0945, 23.068], [113.09, 23.068], [113.09, 23.0635], [113.09, 23.059]], [[113.081, 23.068], [113.07650000000001, 23.068], [113.07650000000001, 23.0635], [113.081, 23.0635], [113.081, 23.068]], [[113.081, 23.131], [113.0855, 23.131], [113.0855, 23.1355], [113.081, 23.1355], [113.07650000000001, 23.1355], [113.07650000000001, 23.131], [113.081, 23.131]], [[113.0945, 23.0995], [113.0945, 23.104], [113.09, 23.104], [113.09, 23.0995], [113.0945, 23.0995]], [[113.09450000000001, 23.1805], [113.09450000000001, 23.176], [113.09899999999999, 23.176], [113.09899999999999, 23.1805], [113.09450000000001, 23.1805]], [[113.09, 23.149], [113.0945, 23.149], [113.0945, 23.1535], [113.09, 23.1535], [113.08550000000001, 23.1535], [113.08550000000001, 23.149], [113.09, 23.149]], [[113.11699999999999, 23.1265], [113.1125, 23.1265], [113.1125, 23.122], [113.11699999999999, 23.122], [113.11699999999999, 23.1265]], [[113.1125, 23.086], [113.11699999999999, 23.086], [113.117, 23.086], [113.1215, 23.086], [113.12599999999999, 23.086], [113.12599999999999, 23.0905], [113.1215, 23.0905], [113.1215, 23.095], [113.12599999999999, 23.095], [113.12599999999999, 23.0995], [113.1215, 23.0995], [113.117, 23.0995], [113.117, 23.095], [113.1125, 23.095], [113.1125, 23.0905], [113.108, 23.0905], [113.108, 23.086], [113.1125, 23.086]]], [[[113.07598824074073, 23.05], [113.073125, 23.050214], [113.072, 23.050476061403508], [113.072, 23.0545], [113.07650000000001, 23.0545], [113.07650000000001, 23.05], [113.07598824074073, 23.05]]], [[[113.0765, 23.086], [113.081, 23.086], [113.081, 23.0815], [113.0765, 23.0815], [113.0765, 23.086]]], [[[113.06750000000001, 23.095], [113.063, 23.095], [113.0585, 23.095], [113.0585, 23.0995], [113.063, 23.0995], [113.063, 23.104], [113.06750000000001, 23.104], [113.06750000000001, 23.0995], [113.06750000000001, 23.095]]], [[[113.0495, 23.104], [113.054, 23.104], [113.054, 23.0995], [113.0495, 23.0995], [113.0495, 23.104]]], [[[113.07650000000001, 23.1085], [113.07650000000001, 23.104], [113.072, 23.104], [113.072, 23.1085], [113.07650000000001, 23.1085]]], [[[113.0675, 23.113], [113.072, 23.113], [113.072, 23.1085], [113.0675, 23.1085], [113.0675, 23.113]]], [[[113.0585, 23.131], [113.063, 23.131], [113.063, 23.1265], [113.0585, 23.1265], [113.0585, 23.131]]], [[[113.0675, 23.167], [113.063, 23.167], [113.063, 23.1715], [113.06750000000001, 23.1715], [113.06750000000001, 23.167], [113.072, 23.167], [113.072, 23.1625], [113.072, 23.158], [113.072, 23.1535], [113.0675, 23.1535], [113.0675, 23.158], [113.063, 23.158], [113.063, 23.1625], [113.0675, 23.1625], [113.0675, 23.167]]], [[[113.0765, 23.1895], [113.081, 23.1895], [113.081, 23.185], [113.081, 23.1805], [113.081, 23.176], [113.0765, 23.176], [113.0765, 23.1805], [113.072, 23.1805], [113.072, 23.176], [113.0675, 23.176], [113.0675, 23.1805], [113.0675, 23.185], [113.072, 23.185], [113.0765, 23.185], [113.0765, 23.1895]]], [[[113.0675, 23.194], [113.072, 23.194], [113.072, 23.1895], [113.0675, 23.1895], [113.0675, 23.194]]], [[[113.072, 23.1985], [113.072, 23.203], [113.07650000000001, 23.203], [113.07650000000001, 23.1985], [113.07650000000001, 23.194], [113.072, 23.194], [113.072, 23.1985]]], [[[113.0675, 23.2075], [113.0675, 23.212], [113.0675, 23.2165], [113.063, 23.2165], [113.063, 23.221], [113.0675, 23.221], [113.06750000000001, 23.221], [113.072, 23.221], [113.072, 23.2255], [113.072, 23.23], [113.0765, 23.23], [113.0765, 23.23302778622087], [113.077258, 23.233512], [113.07782351300867, 23.2345], [113.081, 23.2345], [113.081, 23.23], [113.07650000000001, 23.23], [113.07650000000001, 23.2255], [113.07650000000001, 23.221], [113.07650000000001, 23.2165], [113.07650000000001, 23.212], [113.081, 23.212], [113.081, 23.2075], [113.0765, 23.2075], [113.0765, 23.212], [113.072, 23.212], [113.072, 23.2075], [113.0675, 23.2075]]], [[[113.063, 23.2255], [113.063, 23.23], [113.06750000000001, 23.23], [113.06750000000001, 23.2255], [113.063, 23.2255]]], [[[113.0675, 23.2435], [113.072, 23.2435], [113.072, 23.239], [113.0675, 23.239], [113.0675, 23.2435]]], [[[113.0585, 23.248], [113.063, 23.248], [113.063, 23.2435], [113.0585, 23.2435], [113.0585, 23.248]]], [[[113.0945, 23.2255], [113.099, 23.2255], [113.099, 23.221], [113.099, 23.2165], [113.1035, 23.2165], [113.1035, 23.221], [113.10799999999999, 23.221], [113.108, 23.221], [113.1125, 23.221], [113.1125, 23.2165], [113.1125, 23.212], [113.108, 23.212], [113.108, 23.2075], [113.108, 23.203], [113.1125, 23.203], [113.1125, 23.1985], [113.108, 23.1985], [113.10799999999999, 23.1985], [113.1035, 23.1985], [113.1035, 23.203], [113.09899999999999, 23.203], [113.09899999999999, 23.2075], [113.0945, 23.2075], [113.0945, 23.212], [113.09899999999999, 23.212], [113.09899999999999, 23.2165], [113.09450000000001, 23.2165], [113.0945, 23.2165], [113.09, 23.2165], [113.0855, 23.2165], [113.0855, 23.221], [113.081, 23.221], [113.081, 23.2255], [113.08550000000001, 23.2255], [113.08550000000001, 23.221], [113.09, 23.221], [113.0945, 23.221], [113.0945, 23.2255]], [[113.1035, 23.212], [113.10799999999999, 23.212], [113.10799999999999, 23.2165], [113.1035, 23.2165], [113.1035, 23.212]], [[113.099, 23.212], [113.099, 23.2075], [113.1035, 23.2075], [113.1035, 23.212], [113.099, 23.212]]], [[[113.09450000000001, 23.239], [113.09450000000001, 23.2345], [113.09, 23.2345], [113.08550000000001, 23.2345], [113.0855, 23.2345], [113.081, 23.2345], [113.081, 23.236974413037128], [113.081537, 23.23734], [113.08326546032993, 23.239], [113.0855, 23.239], [113.08550000000001, 23.239], [113.09, 23.239], [113.09450000000001, 23.239]]], [[[113.0855, 23.257], [113.0855, 23.2615], [113.09, 23.2615], [113.09450000000001, 23.2615], [113.09450000000001, 23.257], [113.09899999999999, 23.257], [113.099, 23.257], [113.1035, 23.257], [113.1035, 23.2525], [113.108, 23.2525], [113.108, 23.248], [113.1035, 23.248], [113.1035, 23.2435], [113.099, 23.2435], [113.09899999999999, 23.2435], [113.0945, 23.2435], [113.0945, 23.248], [113.09, 23.248], [113.09, 23.2525], [113.0945, 23.2525], [113.0945, 23.257], [113.09, 23.257], [113.0855, 23.257]]], [[[113.09899999999999, 23.167], [113.1035, 23.167], [113.10799999999999, 23.167], [113.108, 23.167], [113.1125, 23.167], [113.1125, 23.1625], [113.108, 23.1625], [113.10799999999999, 23.1625], [113.1035, 23.1625], [113.09899999999999, 23.1625], [113.09899999999999, 23.167]]], [[[113.09899999999999, 23.239], [113.1035, 23.239], [113.108, 23.239], [113.108, 23.2345], [113.1035, 23.2345], [113.09899999999999, 23.2345], [113.09899999999999, 23.239]]], [[[113.09899999999999, 23.284], [113.1035, 23.284], [113.1035, 23.2795], [113.09899999999999, 23.2795], [113.09899999999999, 23.284]]], [[[113.10799999999999, 23.284], [113.1125, 23.284], [113.1125, 23.2795], [113.10799999999999, 23.2795], [113.10799999999999, 23.284]]], [[[113.14399999999999, 23.077], [113.1485, 23.077], [113.1485, 23.0725], [113.14399999999999, 23.0725], [113.14399999999999, 23.077]]], [[[113.1575, 23.086], [113.162, 23.086], [113.162, 23.0815], [113.162, 23.076999999999998], [113.1575, 23.076999999999998], [113.1575, 23.0815], [113.1575, 23.086]]], [[[113.1305, 23.076999999999998], [113.1305, 23.0815], [113.135, 23.0815], [113.135, 23.076999999999998], [113.1305, 23.076999999999998]]], [[[113.14399999999999, 23.0905], [113.1485, 23.0905], [113.1485, 23.086], [113.14399999999999, 23.086], [113.14399999999999, 23.0905]]], [[[113.153, 23.104], [113.153, 23.0995], [113.153, 23.095], [113.1485, 23.095], [113.14399999999999, 23.095], [113.14399999999999, 23.0995], [113.1485, 23.0995], [113.1485, 23.104], [113.153, 23.104]]], [[[113.144, 23.104], [113.1395, 23.104], [113.13499999999999, 23.104], [113.13499999999999, 23.1085], [113.1395, 23.1085], [113.144, 23.1085], [113.144, 23.104]]], [[[113.1485, 23.1175], [113.144, 23.1175], [113.14399999999999, 23.1175], [113.1395, 23.1175], [113.13499999999999, 23.1175], [113.13499999999999, 23.122], [113.1395, 23.122], [113.14399999999999, 23.122], [113.144, 23.122], [113.1485, 23.122], [113.153, 23.122], [113.153, 23.1175], [113.1485, 23.1175]]], [[[113.1395, 23.1265], [113.1395, 23.131], [113.144, 23.131], [113.144, 23.1265], [113.1395, 23.1265]]], [[[113.15299999999999, 23.131], [113.15299999999999, 23.1355], [113.1575, 23.1355], [113.1575, 23.131], [113.15299999999999, 23.131]]], [[[113.1215, 23.149], [113.126, 23.149], [113.126, 23.1445], [113.1215, 23.1445], [113.1215, 23.149]]], [[[113.117, 23.221], [113.1215, 23.221], [113.1215, 23.2165], [113.11699999999999, 23.2165], [113.11699999999999, 23.221], [113.1125, 23.221], [113.1125, 23.2255], [113.117, 23.2255], [113.117, 23.221]]], [[[113.1125, 23.239], [113.117, 23.239], [113.117, 23.2345], [113.1125, 23.2345], [113.1125, 23.239]]], [[[113.1125, 23.248], [113.117, 23.248], [113.117, 23.2435], [113.1125, 23.2435], [113.1125, 23.248]]], [[[113.11699999999999, 23.2705], [113.11699999999999, 23.275], [113.1215, 23.275], [113.1215, 23.2705], [113.11699999999999, 23.2705]]], [[[113.17999999999999, 23.0815], [113.1845, 23.0815], [113.1845, 23.07836657747604], [113.183411, 23.077856], [113.181392, 23.077516], [113.17999999999999, 23.077587350943396], [113.17999999999999, 23.0815]]], [[[113.16199999999999, 23.0995], [113.1665, 23.0995], [113.1665, 23.104], [113.171, 23.104], [113.171, 23.0995], [113.1755, 23.0995], [113.18, 23.0995], [113.18, 23.095], [113.18, 23.0905], [113.1845, 23.0905], [113.1845, 23.086], [113.18, 23.086], [113.17999999999999, 23.086], [113.1755, 23.086], [113.1755, 23.0905], [113.171, 23.0905], [113.171, 23.086], [113.171, 23.0815], [113.1665, 23.0815], [113.1665, 23.086], [113.1665, 23.0905], [113.16199999999999, 23.0905], [113.16199999999999, 23.095], [113.16199999999999, 23.0995]], [[113.1665, 23.095], [113.17099999999999, 23.095], [113.17099999999999, 23.0995], [113.1665, 23.0995], [113.1665, 23.095]]], [[[113.1935, 23.086], [113.1935, 23.0905], [113.198, 23.0905], [113.19800000000001, 23.0905], [113.2025, 23.0905], [113.2025, 23.086], [113.19800000000001, 23.086], [113.198, 23.086], [113.1935, 23.086]]], [[[113.1845, 23.0995], [113.18900000000001, 23.0995], [113.18900000000001, 23.095], [113.18900000000001, 23.0905], [113.1845, 23.0905], [113.1845, 23.095], [113.1845, 23.0995]]], [[[113.19800000000001, 23.104], [113.198, 23.104], [113.1935, 23.104], [113.18900000000001, 23.104], [113.189, 23.104], [113.1845, 23.104], [113.18, 23.104], [113.17999999999999, 23.104], [113.1755, 23.104], [113.1755, 23.1085], [113.1755, 23.113], [113.1755, 23.1175], [113.1755, 23.122], [113.17999999999999, 23.122], [113.18, 23.122], [113.1845, 23.122], [113.1845, 23.1265], [113.189, 23.1265], [113.18900000000001, 23.1265], [113.1935, 23.1265], [113.1935, 23.122], [113.198, 23.122], [113.19800000000001, 23.122], [113.2025, 23.122], [113.2025, 23.1175], [113.19800000000001, 23.1175], [113.19800000000001, 23.113], [113.19800000000001, 23.1085], [113.20244902247191, 23.1085], [113.202942, 23.1082], [113.203394, 23.108492], [113.20339456997456, 23.1085], [113.20594634782609, 23.1085], [113.206082, 23.10844], [113.206321, 23.108216], [113.206446, 23.108067], [113.206577, 23.107892], [113.206792, 23.107655], [113.20700000000001, 23.106428130966883], [113.20700000000001, 23.104], [113.20700000000001, 23.10047826696836], [113.206699, 23.099721], [113.20700000000001, 23.099712667820068], [113.20700000000001, 23.0995], [113.2115, 23.0995], [113.2115, 23.095], [113.207, 23.095], [113.207, 23.0995], [113.2025, 23.0995], [113.2025, 23.104], [113.19800000000001, 23.104]], [[113.18900000000001, 23.122], [113.18900000000001, 23.1175], [113.1935, 23.1175], [113.1935, 23.122], [113.18900000000001, 23.122]], [[113.18, 23.1085], [113.1845, 23.1085], [113.1845, 23.113], [113.18, 23.113], [113.18, 23.1085]]], [[[113.171, 23.1085], [113.1665, 23.1085], [113.16199999999999, 23.1085], [113.16199999999999, 23.113], [113.1665, 23.113], [113.171, 23.113], [113.171, 23.1085]]], [[[113.1665, 23.1265], [113.171, 23.1265], [113.171, 23.122], [113.1665, 23.122], [113.1665, 23.1265]]], [[[113.18, 23.1265], [113.1755, 23.1265], [113.1755, 23.131], [113.1755, 23.1355], [113.18, 23.1355], [113.18, 23.131], [113.18, 23.1265]]], [[[113.1665, 23.131], [113.1665, 23.1355], [113.171, 23.1355], [113.171, 23.131], [113.1665, 23.131]]], [[[113.20700000000001, 23.1355], [113.20700000000001, 23.131], [113.2025, 23.131], [113.2025, 23.1355], [113.20700000000001, 23.1355]]], [[[113.2025, 23.14], [113.2025, 23.1355], [113.198, 23.1355], [113.198, 23.14], [113.1935, 23.14], [113.1935, 23.1445], [113.198, 23.1445], [113.19800000000001, 23.1445], [113.20141262210012, 23.1445], [113.201419, 23.144469], [113.2025, 23.14441926728761], [113.2025, 23.14]]], [[[113.1845, 23.14], [113.1845, 23.1445], [113.18900000000001, 23.1445], [113.18900000000001, 23.14], [113.1845, 23.14]]], [[[113.1755, 23.1445], [113.18, 23.1445], [113.18, 23.14], [113.1755, 23.14], [113.1755, 23.1445]]], [[[113.1755, 23.1535], [113.1755, 23.158], [113.18, 23.158], [113.18, 23.1535], [113.1755, 23.1535]]], [[[113.1845, 23.1625], [113.18, 23.1625], [113.17999999999999, 23.1625], [113.1755, 23.1625], [113.1755, 23.167], [113.17999999999999, 23.167], [113.18, 23.167], [113.1845, 23.167], [113.1845, 23.1625]]]]}}]}